timestamp,context,query,params,result_rows,result_sample,duration_ms
2026-09-02T22:31:48.951153,get_chart,"SELECT trans_acc_id, trans_acc_desc, subsi_acc_id, subsi_acc_desc, trans_system_id     FROM (SELECT @system_id := %s p) parm, v_trans_accounts_m2     WHERE trans_acc_display = 1     ORDER BY SUBSTRING(trans_acc_id, 1, 1),              SUBSTRING(trans_acc_id, 1, 5),              acc_main_sort, sub_sort, acc_sort, trans_acc_id",[146],217,"[{'trans_acc_id': '1000100010001', 'trans_acc_desc': 'Bank of the west', 'subsi_acc_id': 100010001, 'subsi_acc_desc': 'Banks', 'trans_system_id': 146}, {'trans_acc_id': '1000100010002', 'trans_acc_desc': 'Bank of the Ozarks', 'subsi_acc_id': 100010001, 'subsi_acc_desc': 'Banks', 'trans_system_id': 146}, {'trans_acc_id': '1000100010003', 'trans_acc_desc': 'Bancorp South Bank', 'subsi_acc_id': 100010001, 'subsi_acc_desc': 'Banks', 'trans_system_id': 146}, {'trans_acc_id': '1000100010004', 'trans_a...",611.56
2026-09-02T22:31:53.540941,get_chart,"SELECT trans_acc_id, trans_acc_desc, subsi_acc_id, subsi_acc_desc, trans_system_id     FROM (SELECT @system_id := %s p) parm, v_trans_accounts_m2     WHERE trans_acc_display = 1     ORDER BY SUBSTRING(trans_acc_id, 1, 1),              SUBSTRING(trans_acc_id, 1, 5),              acc_main_sort, sub_sort, acc_sort, trans_acc_id",[146],217,"[{'trans_acc_id': '1000100010001', 'trans_acc_desc': 'Bank of the west', 'subsi_acc_id': 100010001, 'subsi_acc_desc': 'Banks', 'trans_system_id': 146}, {'trans_acc_id': '1000100010002', 'trans_acc_desc': 'Bank of the Ozarks', 'subsi_acc_id': 100010001, 'subsi_acc_desc': 'Banks', 'trans_system_id': 146}, {'trans_acc_id': '1000100010003', 'trans_acc_desc': 'Bancorp South Bank', 'subsi_acc_id': 100010001, 'subsi_acc_desc': 'Banks', 'trans_system_id': 146}, {'trans_acc_id': '1000100010004', 'trans_a...",511.16
2026-09-02T22:34:08.309574,find_party_candidates(Handy Fix LLC Ops@handyfix.com),"SELECT p_code, p_type, company_name, person_name, Phone, Email, p_account FROM acc_party WHERE status = 1 AND system_id = %s AND p_type = %s AND (LOWER(TRIM(company_name))=LOWER(TRIM(%s)) OR LOWER(TRIM(person_name))=LOWER(TRIM(%s)))","(146, 'P', 'Handy Fix LLC Ops@handyfix.com', 'Handy Fix LLC Ops@handyfix.com')",0,[],841.55
2026-09-02T22:34:08.525939,find_party_candidates(Handy Fix LLC Ops@handyfix.com),"SELECT p_code, p_type, company_name, person_name, Phone, Email, p_account FROM acc_party WHERE status = 1 AND system_id = %s AND p_type = %s AND (company_name LIKE %s OR person_name LIKE %s) LIMIT %s","(146, 'P', 'Handy Fix LLC Ops@handyfix.com%', 'Handy Fix LLC Ops@handyfix.com%', 50)",0,[],213.84
2026-09-02T22:34:08.756176,find_party_candidates(Handy Fix LLC Ops@handyfix.com),"SELECT p_code, p_type, company_name, person_name, Phone, Email, p_account FROM acc_party WHERE status = 1 AND system_id = %s AND p_type = %s AND (company_name LIKE %s OR person_name LIKE %s) LIMIT %s","(146, 'P', '%Handy Fix LLC Ops@handyfix.com%', '%Handy Fix LLC Ops@handyfix.com%', 50)",0,[],229.35
2026-09-02T22:34:09.018819,find_party_candidates(Handy Fix LLC Ops@handyfix.com),"SELECT p_code, p_type, company_name, person_name, Phone, Email, p_account FROM acc_party WHERE status = 1 AND system_id = %s AND p_type = %s AND (company_name LIKE %s OR person_name LIKE %s) LIMIT %s","(146, 'P', '%Handy%', '%Handy%', 50)",1,"[{'p_code': 2010100001, 'p_type': 'P', 'company_name': 'Handy Fix LLC', 'person_name': 'Handy Fix LLC', 'Phone': None, 'Email': None, 'p_account': None}]",260.51
2026-09-02T23:00:14.707255,fetch_voucher.master,"SELECT at_id, at_date, at_doc_type, at_desc, at_remarks, at_memo,        at_m_amount, at_party_code, at_bank, at_bank_acc, at_cheque_no,        at_cheque_date, at_status, at_cr_user, at_cr_date, at_up_user, at_up_date FROM acc_trans_m WHERE at_id = %s AND system_id = %s","['261203000154', 146]",1,"[{'at_id': 261203000154, 'at_date': datetime.datetime(2026, 6, 7, 0, 0), 'at_doc_type': '01', 'at_desc': 'Receipt Voucher', 'at_remarks': 'Healthcare Services', 'at_memo': 'Healthcare Services', 'at_m_amount': Decimal('500.00'), 'at_party_code': '2010300641', 'at_bank': 'Bank of Amerc', 'at_bank_acc': '100045001', 'at_cheque_no': None, 'at_cheque_date': None, 'at_status': '1', 'at_cr_user': '86', 'at_cr_date': datetime.datetime(2026, 9, 2, 18, 29, 43), 'at_up_user': '86', 'at_up_date': datetime....",1016.03
2026-09-02T23:00:15.202994,fetch_voucher.legs,"SELECT at_sno, at_acc_code, at_dc_type, at_amount, at_remarks, atd_date, atd_party FROM acc_trans_d WHERE at_id = %s AND at_system_id = %s ORDER BY at_sno","['261203000154', 146]",2,"[{'at_sno': 1, 'at_acc_code': 100045001, 'at_dc_type': 'D', 'at_amount': Decimal('500.00'), 'at_remarks': 'Healthcare Services', 'atd_date': datetime.date(2026, 6, 7), 'atd_party': '2010300641'}, {'at_sno': 2, 'at_acc_code': 35002, 'at_dc_type': 'C', 'at_amount': Decimal('-500.00'), 'at_remarks': 'Healthcare Services', 'atd_date': datetime.date(2026, 6, 7), 'atd_party': '2010300641'}]",494.74
2026-09-02T23:00:15.724498,fetch_voucher.reconciled,SELECT COUNT(*) AS n FROM acc_trans_reconcile WHERE at_id = %s AND at_system_id = %s AND at_acc_reconcile = 1,"['261203000154', 146]",1,[{'n': 0}],519.57
2026-09-02T23:00:16.345510,fetch_voucher.party,"SELECT p_code, p_type, company_name, person_name FROM acc_party WHERE p_code = %s AND system_id = %s LIMIT 1","['2010300641', 146]",1,"[{'p_code': 2010300641, 'p_type': 'C', 'company_name': 'Medicare', 'person_name': 'Medicare'}]",620.01
2026-09-02T23:00:17.651354,get_chart,"SELECT trans_acc_id, trans_acc_desc, subsi_acc_id, subsi_acc_desc, trans_system_id     FROM (SELECT @system_id := %s p) parm, v_trans_accounts_m2     WHERE trans_acc_display = 1     ORDER BY SUBSTRING(trans_acc_id, 1, 1),              SUBSTRING(trans_acc_id, 1, 5),              acc_main_sort, sub_sort, acc_sort, trans_acc_id",[146],217,"[{'trans_acc_id': '1000100010001', 'trans_acc_desc': 'Bank of the west', 'subsi_acc_id': 100010001, 'subsi_acc_desc': 'Banks', 'trans_system_id': 146}, {'trans_acc_id': '1000100010002', 'trans_acc_desc': 'Bank of the Ozarks', 'subsi_acc_id': 100010001, 'subsi_acc_desc': 'Banks', 'trans_system_id': 146}, {'trans_acc_id': '1000100010003', 'trans_acc_desc': 'Bancorp South Bank', 'subsi_acc_id': 100010001, 'subsi_acc_desc': 'Banks', 'trans_system_id': 146}, {'trans_acc_id': '1000100010004', 'trans_a...",691.87
2026-09-02T23:00:46.545123,fetch_voucher.master,"SELECT at_id, at_date, at_doc_type, at_desc, at_remarks, at_memo,        at_m_amount, at_party_code, at_bank, at_bank_acc, at_cheque_no,        at_cheque_date, at_status, at_cr_user, at_cr_date, at_up_user, at_up_date FROM acc_trans_m WHERE at_id = %s AND system_id = %s","['261203000154', 146]",1,"[{'at_id': 261203000154, 'at_date': datetime.datetime(2026, 6, 7, 0, 0), 'at_doc_type': '01', 'at_desc': 'Receipt Voucher', 'at_remarks': 'Healthcare Services', 'at_memo': 'Healthcare Services', 'at_m_amount': Decimal('500.00'), 'at_party_code': '2010300641', 'at_bank': 'Bank of Amerc', 'at_bank_acc': '100045001', 'at_cheque_no': None, 'at_cheque_date': None, 'at_status': '1', 'at_cr_user': '86', 'at_cr_date': datetime.datetime(2026, 9, 2, 18, 29, 43), 'at_up_user': '86', 'at_up_date': datetime....",411.40
2026-09-02T23:00:47.061697,fetch_voucher.legs,"SELECT at_sno, at_acc_code, at_dc_type, at_amount, at_remarks, atd_date, atd_party FROM acc_trans_d WHERE at_id = %s AND at_system_id = %s ORDER BY at_sno","['261203000154', 146]",2,"[{'at_sno': 1, 'at_acc_code': 100045001, 'at_dc_type': 'D', 'at_amount': Decimal('500.00'), 'at_remarks': 'Healthcare Services', 'atd_date': datetime.date(2026, 6, 7), 'atd_party': '2010300641'}, {'at_sno': 2, 'at_acc_code': 35002, 'at_dc_type': 'C', 'at_amount': Decimal('-500.00'), 'at_remarks': 'Healthcare Services', 'atd_date': datetime.date(2026, 6, 7), 'atd_party': '2010300641'}]",515.35
2026-09-02T23:00:47.569277,fetch_voucher.reconciled,SELECT COUNT(*) AS n FROM acc_trans_reconcile WHERE at_id = %s AND at_system_id = %s AND at_acc_reconcile = 1,"['261203000154', 146]",1,[{'n': 0}],506.29
2026-09-02T23:00:48.182367,fetch_voucher.party,"SELECT p_code, p_type, company_name, person_name FROM acc_party WHERE p_code = %s AND system_id = %s LIMIT 1","['2010300641', 146]",1,"[{'p_code': 2010300641, 'p_type': 'C', 'company_name': 'Medicare', 'person_name': 'Medicare'}]",611.10
2026-09-02T23:00:48.697798,fetch_voucher.master,"SELECT at_id, at_date, at_doc_type, at_desc, at_remarks, at_memo,        at_m_amount, at_party_code, at_bank, at_bank_acc, at_cheque_no,        at_cheque_date, at_status, at_cr_user, at_cr_date, at_up_user, at_up_date FROM acc_trans_m WHERE at_id = %s AND system_id = %s","['261203000154', 146]",1,"[{'at_id': 261203000154, 'at_date': datetime.datetime(2026, 6, 7, 0, 0), 'at_doc_type': '01', 'at_desc': 'Receipt Voucher', 'at_remarks': 'Healthcare Services', 'at_memo': 'Healthcare Services', 'at_m_amount': Decimal('500.00'), 'at_party_code': '2010300641', 'at_bank': 'Bank of Amerc', 'at_bank_acc': '100045001', 'at_cheque_no': None, 'at_cheque_date': None, 'at_status': '1', 'at_cr_user': '86', 'at_cr_date': datetime.datetime(2026, 9, 2, 18, 29, 43), 'at_up_user': '86', 'at_up_date': datetime....",513.44
2026-09-02T23:00:49.310221,fetch_voucher.legs,"SELECT at_sno, at_acc_code, at_dc_type, at_amount, at_remarks, atd_date, atd_party FROM acc_trans_d WHERE at_id = %s AND at_system_id = %s ORDER BY at_sno","['261203000154', 146]",2,"[{'at_sno': 1, 'at_acc_code': 100045001, 'at_dc_type': 'D', 'at_amount': Decimal('500.00'), 'at_remarks': 'Healthcare Services', 'atd_date': datetime.date(2026, 6, 7), 'atd_party': '2010300641'}, {'at_sno': 2, 'at_acc_code': 35002, 'at_dc_type': 'C', 'at_amount': Decimal('-500.00'), 'at_remarks': 'Healthcare Services', 'atd_date': datetime.date(2026, 6, 7), 'atd_party': '2010300641'}]",611.04
2026-09-02T23:00:49.733787,fetch_voucher.reconciled,SELECT COUNT(*) AS n FROM acc_trans_reconcile WHERE at_id = %s AND at_system_id = %s AND at_acc_reconcile = 1,"['261203000154', 146]",1,[{'n': 0}],421.79
2026-09-02T23:00:50.127742,fetch_voucher.party,"SELECT p_code, p_type, company_name, person_name FROM acc_party WHERE p_code = %s AND system_id = %s LIMIT 1","['2010300641', 146]",1,"[{'p_code': 2010300641, 'p_type': 'C', 'company_name': 'Medicare', 'person_name': 'Medicare'}]",393.95
2026-09-02T23:00:50.747764,within_open_year,SELECT 1 FROM business_year WHERE by_system_id = %s AND (  (financial_year_start <= %s AND %s <= financial_year_end AND financial_year_status = 1)  OR (audit_year_start <= %s AND %s <= audit_year_end AND audit_year_status = 1)) LIMIT 1,"[146, '2026-06-07', '2026-06-07', '2026-06-07', '2026-06-07']",0,[],608.22
2026-09-02T23:00:51.364954,update_voucher.party,"SELECT p_code, p_type, company_name, person_name FROM acc_party WHERE p_code = %s AND system_id = %s LIMIT 1","['2010300641', 146]",1,"[{'p_code': 2010300641, 'p_type': 'C', 'company_name': 'Medicare', 'person_name': 'Medicare'}]",616.19
2026-09-02T23:00:56.279455,fetch_voucher.master,"SELECT at_id, at_date, at_doc_type, at_desc, at_remarks, at_memo,        at_m_amount, at_party_code, at_bank, at_bank_acc, at_cheque_no,        at_cheque_date, at_status, at_cr_user, at_cr_date, at_up_user, at_up_date FROM acc_trans_m WHERE at_id = %s AND system_id = %s","['261203000154', 146]",1,"[{'at_id': 261203000154, 'at_date': datetime.datetime(2026, 6, 7, 0, 0), 'at_doc_type': '01', 'at_desc': 'Receipt Voucher', 'at_remarks': 'Healthcare Services', 'at_memo': 'Healthcare Services', 'at_m_amount': Decimal('501.00'), 'at_party_code': '2010300641', 'at_bank': 'Bank of Amerc', 'at_bank_acc': '100045001', 'at_cheque_no': None, 'at_cheque_date': None, 'at_status': '1', 'at_cr_user': '86', 'at_cr_date': datetime.datetime(2026, 9, 2, 18, 29, 43), 'at_up_user': '86', 'at_up_date': datetime....",620.09
2026-09-02T23:00:56.887726,fetch_voucher.legs,"SELECT at_sno, at_acc_code, at_dc_type, at_amount, at_remarks, atd_date, atd_party FROM acc_trans_d WHERE at_id = %s AND at_system_id = %s ORDER BY at_sno","['261203000154', 146]",2,"[{'at_sno': 1, 'at_acc_code': 100045001, 'at_dc_type': 'D', 'at_amount': Decimal('501.00'), 'at_remarks': 'Healthcare Services', 'atd_date': datetime.date(2026, 6, 7), 'atd_party': '2010300641'}, {'at_sno': 2, 'at_acc_code': 35002, 'at_dc_type': 'C', 'at_amount': Decimal('-501.00'), 'at_remarks': 'Healthcare Services', 'atd_date': datetime.date(2026, 6, 7), 'atd_party': '2010300641'}]",607.27
2026-09-02T23:00:57.399177,fetch_voucher.reconciled,SELECT COUNT(*) AS n FROM acc_trans_reconcile WHERE at_id = %s AND at_system_id = %s AND at_acc_reconcile = 1,"['261203000154', 146]",1,[{'n': 0}],511.45
2026-09-02T23:00:57.912146,fetch_voucher.party,"SELECT p_code, p_type, company_name, person_name FROM acc_party WHERE p_code = %s AND system_id = %s LIMIT 1","['2010300641', 146]",1,"[{'p_code': 2010300641, 'p_type': 'C', 'company_name': 'Medicare', 'person_name': 'Medicare'}]",512.97
2026-09-03T19:11:47.421735,get_chart,"SELECT trans_acc_id, trans_acc_desc, subsi_acc_id, subsi_acc_desc, trans_system_id     FROM (SELECT @system_id := %s p) parm, v_trans_accounts_m2     WHERE trans_acc_display = 1     ORDER BY SUBSTRING(trans_acc_id, 1, 1),              SUBSTRING(trans_acc_id, 1, 5),              acc_main_sort, sub_sort, acc_sort, trans_acc_id",[146],217,"[{'trans_acc_id': '1000100010001', 'trans_acc_desc': 'Bank of the west', 'subsi_acc_id': 100010001, 'subsi_acc_desc': 'Banks', 'trans_system_id': 146}, {'trans_acc_id': '1000100010002', 'trans_acc_desc': 'Bank of the Ozarks', 'subsi_acc_id': 100010001, 'subsi_acc_desc': 'Banks', 'trans_system_id': 146}, {'trans_acc_id': '1000100010003', 'trans_acc_desc': 'Bancorp South Bank', 'subsi_acc_id': 100010001, 'subsi_acc_desc': 'Banks', 'trans_system_id': 146}, {'trans_acc_id': '1000100010004', 'trans_a...",472.29
2026-09-03T19:11:52.233859,get_chart,"SELECT trans_acc_id, trans_acc_desc, subsi_acc_id, subsi_acc_desc, trans_system_id     FROM (SELECT @system_id := %s p) parm, v_trans_accounts_m2     WHERE trans_acc_display = 1     ORDER BY SUBSTRING(trans_acc_id, 1, 1),              SUBSTRING(trans_acc_id, 1, 5),              acc_main_sort, sub_sort, acc_sort, trans_acc_id",[146],217,"[{'trans_acc_id': '1000100010001', 'trans_acc_desc': 'Bank of the west', 'subsi_acc_id': 100010001, 'subsi_acc_desc': 'Banks', 'trans_system_id': 146}, {'trans_acc_id': '1000100010002', 'trans_acc_desc': 'Bank of the Ozarks', 'subsi_acc_id': 100010001, 'subsi_acc_desc': 'Banks', 'trans_system_id': 146}, {'trans_acc_id': '1000100010003', 'trans_acc_desc': 'Bancorp South Bank', 'subsi_acc_id': 100010001, 'subsi_acc_desc': 'Banks', 'trans_system_id': 146}, {'trans_acc_id': '1000100010004', 'trans_a...",1005.15
2026-09-03T19:14:28.986263,fetch_voucher.master,"SELECT at_id, at_date, at_doc_type, at_desc, at_remarks, at_memo,        at_m_amount, at_party_code, at_bank, at_bank_acc, at_cheque_no,        at_cheque_date, at_status, at_cr_user, at_cr_date, at_up_user, at_up_date FROM acc_trans_m WHERE at_id = %s AND system_id = %s","['261203000154', 146]",1,"[{'at_id': 261203000154, 'at_date': datetime.datetime(2026, 6, 7, 0, 0), 'at_doc_type': '01', 'at_desc': 'Receipt Voucher', 'at_remarks': 'Healthcare Services', 'at_memo': 'Healthcare Services', 'at_m_amount': Decimal('501.00'), 'at_party_code': '2010300641', 'at_bank': 'Bank of Amerc', 'at_bank_acc': '100045001', 'at_cheque_no': None, 'at_cheque_date': None, 'at_status': '1', 'at_cr_user': '86', 'at_cr_date': datetime.datetime(2026, 9, 2, 18, 29, 43), 'at_up_user': '86', 'at_up_date': datetime....",834.70
2026-09-03T19:14:29.418961,fetch_voucher.legs,"SELECT at_sno, at_acc_code, at_dc_type, at_amount, at_remarks, atd_date, atd_party FROM acc_trans_d WHERE at_id = %s AND at_system_id = %s ORDER BY at_sno","['261203000154', 146]",2,"[{'at_sno': 1, 'at_acc_code': 100045001, 'at_dc_type': 'D', 'at_amount': Decimal('501.00'), 'at_remarks': 'Healthcare Services', 'atd_date': datetime.date(2026, 6, 7), 'atd_party': '2010300641'}, {'at_sno': 2, 'at_acc_code': 35002, 'at_dc_type': 'C', 'at_amount': Decimal('-501.00'), 'at_remarks': 'Healthcare Services', 'atd_date': datetime.date(2026, 6, 7), 'atd_party': '2010300641'}]",430.69
2026-09-03T19:14:29.846571,fetch_voucher.reconciled,SELECT COUNT(*) AS n FROM acc_trans_reconcile WHERE at_id = %s AND at_system_id = %s AND at_acc_reconcile = 1,"['261203000154', 146]",1,[{'n': 0}],426.61
2026-09-03T19:14:30.270678,fetch_voucher.party,"SELECT p_code, p_type, company_name, person_name FROM acc_party WHERE p_code = %s AND system_id = %s LIMIT 1","['2010300641', 146]",1,"[{'p_code': 2010300641, 'p_type': 'C', 'company_name': 'Medicare', 'person_name': 'Medicare'}]",424.11
2026-09-03T19:14:30.696017,fetch_voucher.master,"SELECT at_id, at_date, at_doc_type, at_desc, at_remarks, at_memo,        at_m_amount, at_party_code, at_bank, at_bank_acc, at_cheque_no,        at_cheque_date, at_status, at_cr_user, at_cr_date, at_up_user, at_up_date FROM acc_trans_m WHERE at_id = %s AND system_id = %s","['261203000154', 146]",1,"[{'at_id': 261203000154, 'at_date': datetime.datetime(2026, 6, 7, 0, 0), 'at_doc_type': '01', 'at_desc': 'Receipt Voucher', 'at_remarks': 'Healthcare Services', 'at_memo': 'Healthcare Services', 'at_m_amount': Decimal('501.00'), 'at_party_code': '2010300641', 'at_bank': 'Bank of Amerc', 'at_bank_acc': '100045001', 'at_cheque_no': None, 'at_cheque_date': None, 'at_status': '1', 'at_cr_user': '86', 'at_cr_date': datetime.datetime(2026, 9, 2, 18, 29, 43), 'at_up_user': '86', 'at_up_date': datetime....",424.20
2026-09-03T19:14:31.116480,fetch_voucher.legs,"SELECT at_sno, at_acc_code, at_dc_type, at_amount, at_remarks, atd_date, atd_party FROM acc_trans_d WHERE at_id = %s AND at_system_id = %s ORDER BY at_sno","['261203000154', 146]",2,"[{'at_sno': 1, 'at_acc_code': 100045001, 'at_dc_type': 'D', 'at_amount': Decimal('501.00'), 'at_remarks': 'Healthcare Services', 'atd_date': datetime.date(2026, 6, 7), 'atd_party': '2010300641'}, {'at_sno': 2, 'at_acc_code': 35002, 'at_dc_type': 'C', 'at_amount': Decimal('-501.00'), 'at_remarks': 'Healthcare Services', 'atd_date': datetime.date(2026, 6, 7), 'atd_party': '2010300641'}]",420.46
2026-09-03T19:14:31.534088,fetch_voucher.reconciled,SELECT COUNT(*) AS n FROM acc_trans_reconcile WHERE at_id = %s AND at_system_id = %s AND at_acc_reconcile = 1,"['261203000154', 146]",1,[{'n': 0}],417.61
2026-09-03T19:14:31.950682,fetch_voucher.party,"SELECT p_code, p_type, company_name, person_name FROM acc_party WHERE p_code = %s AND system_id = %s LIMIT 1","['2010300641', 146]",1,"[{'p_code': 2010300641, 'p_type': 'C', 'company_name': 'Medicare', 'person_name': 'Medicare'}]",416.59
2026-09-03T19:14:32.391927,within_open_year,SELECT 1 FROM business_year WHERE by_system_id = %s AND (  (financial_year_start <= %s AND %s <= financial_year_end AND financial_year_status = 1)  OR (audit_year_start <= %s AND %s <= audit_year_end AND audit_year_status = 1)) LIMIT 1,"[146, '2026-06-07', '2026-06-07', '2026-06-07', '2026-06-07']",0,[],428.25
2026-09-03T19:14:32.809657,update_voucher.party,"SELECT p_code, p_type, company_name, person_name FROM acc_party WHERE p_code = %s AND system_id = %s LIMIT 1","['2010300641', 146]",1,"[{'p_code': 2010300641, 'p_type': 'C', 'company_name': 'Medicare', 'person_name': 'Medicare'}]",417.73
2026-09-03T19:14:36.397357,fetch_voucher.master,"SELECT at_id, at_date, at_doc_type, at_desc, at_remarks, at_memo,        at_m_amount, at_party_code, at_bank, at_bank_acc, at_cheque_no,        at_cheque_date, at_status, at_cr_user, at_cr_date, at_up_user, at_up_date FROM acc_trans_m WHERE at_id = %s AND system_id = %s","['261203000154', 146]",1,"[{'at_id': 261203000154, 'at_date': datetime.datetime(2026, 6, 7, 0, 0), 'at_doc_type': '01', 'at_desc': 'Receipt Voucher', 'at_remarks': 'Healthcare Services', 'at_memo': 'Healthcare Services', 'at_m_amount': Decimal('501.00'), 'at_party_code': '2010300641', 'at_bank': 'Bank of Amerc', 'at_bank_acc': '100045001', 'at_cheque_no': None, 'at_cheque_date': None, 'at_status': '1', 'at_cr_user': '86', 'at_cr_date': datetime.datetime(2026, 9, 2, 18, 29, 43), 'at_up_user': '86', 'at_up_date': datetime....",420.05
2026-09-03T19:14:36.823168,fetch_voucher.legs,"SELECT at_sno, at_acc_code, at_dc_type, at_amount, at_remarks, atd_date, atd_party FROM acc_trans_d WHERE at_id = %s AND at_system_id = %s ORDER BY at_sno","['261203000154', 146]",2,"[{'at_sno': 1, 'at_acc_code': 100045001, 'at_dc_type': 'D', 'at_amount': Decimal('501.00'), 'at_remarks': 'Healthcare Services', 'atd_date': datetime.date(2026, 6, 7), 'atd_party': '2010300641'}, {'at_sno': 2, 'at_acc_code': 35002, 'at_dc_type': 'C', 'at_amount': Decimal('-501.00'), 'at_remarks': 'Healthcare Services', 'atd_date': datetime.date(2026, 6, 7), 'atd_party': '2010300641'}]",424.81
2026-09-03T19:14:37.249829,fetch_voucher.reconciled,SELECT COUNT(*) AS n FROM acc_trans_reconcile WHERE at_id = %s AND at_system_id = %s AND at_acc_reconcile = 1,"['261203000154', 146]",1,[{'n': 0}],425.51
2026-09-03T19:14:37.670870,fetch_voucher.party,"SELECT p_code, p_type, company_name, person_name FROM acc_party WHERE p_code = %s AND system_id = %s LIMIT 1","['2010300641', 146]",1,"[{'p_code': 2010300641, 'p_type': 'C', 'company_name': 'Medicare', 'person_name': 'Medicare'}]",419.05
2026-09-03T19:16:16.496281,fetch_voucher.master,"SELECT at_id, at_date, at_doc_type, at_desc, at_remarks, at_memo,        at_m_amount, at_party_code, at_bank, at_bank_acc, at_cheque_no,        at_cheque_date, at_status, at_cr_user, at_cr_date, at_up_user, at_up_date FROM acc_trans_m WHERE at_id = %s AND system_id = %s","['261203000154', 146]",1,"[{'at_id': 261203000154, 'at_date': datetime.datetime(2026, 6, 7, 0, 0), 'at_doc_type': '01', 'at_desc': 'Receipt Voucher', 'at_remarks': 'Healthcare Services', 'at_memo': 'Healthcare Services', 'at_m_amount': Decimal('501.00'), 'at_party_code': '2010300641', 'at_bank': 'Bank of Amerc', 'at_bank_acc': '100045001', 'at_cheque_no': None, 'at_cheque_date': None, 'at_status': '1', 'at_cr_user': '86', 'at_cr_date': datetime.datetime(2026, 9, 2, 18, 29, 43), 'at_up_user': '86', 'at_up_date': datetime....",423.86
2026-09-03T19:16:16.921309,fetch_voucher.legs,"SELECT at_sno, at_acc_code, at_dc_type, at_amount, at_remarks, atd_date, atd_party FROM acc_trans_d WHERE at_id = %s AND at_system_id = %s ORDER BY at_sno","['261203000154', 146]",2,"[{'at_sno': 1, 'at_acc_code': 100045001, 'at_dc_type': 'D', 'at_amount': Decimal('501.00'), 'at_remarks': 'Healthcare Services', 'atd_date': datetime.date(2026, 6, 7), 'atd_party': '2010300641'}, {'at_sno': 2, 'at_acc_code': 35002, 'at_dc_type': 'C', 'at_amount': Decimal('-501.00'), 'at_remarks': 'Healthcare Services', 'atd_date': datetime.date(2026, 6, 7), 'atd_party': '2010300641'}]",423.07
2026-09-03T19:16:17.343343,fetch_voucher.reconciled,SELECT COUNT(*) AS n FROM acc_trans_reconcile WHERE at_id = %s AND at_system_id = %s AND at_acc_reconcile = 1,"['261203000154', 146]",1,[{'n': 0}],420.04
2026-09-03T19:16:17.766549,fetch_voucher.party,"SELECT p_code, p_type, company_name, person_name FROM acc_party WHERE p_code = %s AND system_id = %s LIMIT 1","['2010300641', 146]",1,"[{'p_code': 2010300641, 'p_type': 'C', 'company_name': 'Medicare', 'person_name': 'Medicare'}]",422.16
2026-09-03T19:16:18.185852,fetch_voucher.master,"SELECT at_id, at_date, at_doc_type, at_desc, at_remarks, at_memo,        at_m_amount, at_party_code, at_bank, at_bank_acc, at_cheque_no,        at_cheque_date, at_status, at_cr_user, at_cr_date, at_up_user, at_up_date FROM acc_trans_m WHERE at_id = %s AND system_id = %s","['261203000154', 146]",1,"[{'at_id': 261203000154, 'at_date': datetime.datetime(2026, 6, 7, 0, 0), 'at_doc_type': '01', 'at_desc': 'Receipt Voucher', 'at_remarks': 'Healthcare Services', 'at_memo': 'Healthcare Services', 'at_m_amount': Decimal('501.00'), 'at_party_code': '2010300641', 'at_bank': 'Bank of Amerc', 'at_bank_acc': '100045001', 'at_cheque_no': None, 'at_cheque_date': None, 'at_status': '1', 'at_cr_user': '86', 'at_cr_date': datetime.datetime(2026, 9, 2, 18, 29, 43), 'at_up_user': '86', 'at_up_date': datetime....",418.30
2026-09-03T19:16:18.611945,fetch_voucher.legs,"SELECT at_sno, at_acc_code, at_dc_type, at_amount, at_remarks, atd_date, atd_party FROM acc_trans_d WHERE at_id = %s AND at_system_id = %s ORDER BY at_sno","['261203000154', 146]",2,"[{'at_sno': 1, 'at_acc_code': 100045001, 'at_dc_type': 'D', 'at_amount': Decimal('501.00'), 'at_remarks': 'Healthcare Services', 'atd_date': datetime.date(2026, 6, 7), 'atd_party': '2010300641'}, {'at_sno': 2, 'at_acc_code': 35002, 'at_dc_type': 'C', 'at_amount': Decimal('-501.00'), 'at_remarks': 'Healthcare Services', 'atd_date': datetime.date(2026, 6, 7), 'atd_party': '2010300641'}]",426.09
2026-09-03T19:16:19.030557,fetch_voucher.reconciled,SELECT COUNT(*) AS n FROM acc_trans_reconcile WHERE at_id = %s AND at_system_id = %s AND at_acc_reconcile = 1,"['261203000154', 146]",1,[{'n': 0}],417.62
2026-09-03T19:16:19.465157,fetch_voucher.party,"SELECT p_code, p_type, company_name, person_name FROM acc_party WHERE p_code = %s AND system_id = %s LIMIT 1","['2010300641', 146]",1,"[{'p_code': 2010300641, 'p_type': 'C', 'company_name': 'Medicare', 'person_name': 'Medicare'}]",432.60
2026-09-03T19:16:19.890404,within_open_year,SELECT 1 FROM business_year WHERE by_system_id = %s AND (  (financial_year_start <= %s AND %s <= financial_year_end AND financial_year_status = 1)  OR (audit_year_start <= %s AND %s <= audit_year_end AND audit_year_status = 1)) LIMIT 1,"[146, '2026-06-07', '2026-06-07', '2026-06-07', '2026-06-07']",0,[],423.23
2026-09-03T19:16:20.312792,update_voucher.party,"SELECT p_code, p_type, company_name, person_name FROM acc_party WHERE p_code = %s AND system_id = %s LIMIT 1","['2010300641', 146]",1,"[{'p_code': 2010300641, 'p_type': 'C', 'company_name': 'Medicare', 'person_name': 'Medicare'}]",421.39
2026-09-03T19:16:23.923075,fetch_voucher.master,"SELECT at_id, at_date, at_doc_type, at_desc, at_remarks, at_memo,        at_m_amount, at_party_code, at_bank, at_bank_acc, at_cheque_no,        at_cheque_date, at_status, at_cr_user, at_cr_date, at_up_user, at_up_date FROM acc_trans_m WHERE at_id = %s AND system_id = %s","['261203000154', 146]",1,"[{'at_id': 261203000154, 'at_date': datetime.datetime(2026, 6, 7, 0, 0), 'at_doc_type': '01', 'at_desc': 'Receipt Voucher', 'at_remarks': 'Healthcare Services', 'at_memo': 'Healthcare Services', 'at_m_amount': Decimal('502.00'), 'at_party_code': '2010300641', 'at_bank': 'Bank of Amerc', 'at_bank_acc': '100045001', 'at_cheque_no': None, 'at_cheque_date': None, 'at_status': '1', 'at_cr_user': '86', 'at_cr_date': datetime.datetime(2026, 9, 2, 18, 29, 43), 'at_up_user': '86', 'at_up_date': datetime....",420.13
2026-09-03T19:16:24.362597,fetch_voucher.legs,"SELECT at_sno, at_acc_code, at_dc_type, at_amount, at_remarks, atd_date, atd_party FROM acc_trans_d WHERE at_id = %s AND at_system_id = %s ORDER BY at_sno","['261203000154', 146]",2,"[{'at_sno': 1, 'at_acc_code': 100045001, 'at_dc_type': 'D', 'at_amount': Decimal('502.00'), 'at_remarks': 'Healthcare Services', 'atd_date': datetime.date(2026, 6, 7), 'atd_party': '2010300641'}, {'at_sno': 2, 'at_acc_code': 35002, 'at_dc_type': 'C', 'at_amount': Decimal('-502.00'), 'at_remarks': 'Healthcare Services', 'atd_date': datetime.date(2026, 6, 7), 'atd_party': '2010300641'}]",437.49
2026-09-03T19:16:24.792484,fetch_voucher.reconciled,SELECT COUNT(*) AS n FROM acc_trans_reconcile WHERE at_id = %s AND at_system_id = %s AND at_acc_reconcile = 1,"['261203000154', 146]",1,[{'n': 0}],427.85
2026-09-03T19:16:25.216976,fetch_voucher.party,"SELECT p_code, p_type, company_name, person_name FROM acc_party WHERE p_code = %s AND system_id = %s LIMIT 1","['2010300641', 146]",1,"[{'p_code': 2010300641, 'p_type': 'C', 'company_name': 'Medicare', 'person_name': 'Medicare'}]",423.53
2026-09-03T19:18:02.735297,find_party_candidates(Example77 Example77@gmail.com),"SELECT p_code, p_type, company_name, person_name, Phone, Email, p_account FROM acc_party WHERE status = 1 AND system_id = %s AND p_type = %s AND (LOWER(TRIM(company_name))=LOWER(TRIM(%s)) OR LOWER(TRIM(person_name))=LOWER(TRIM(%s)))","(146, 'C', 'Example77 Example77@gmail.com', 'Example77 Example77@gmail.com')",0,[],226.49
2026-09-03T19:18:02.959060,find_party_candidates(Example77 Example77@gmail.com),"SELECT p_code, p_type, company_name, person_name, Phone, Email, p_account FROM acc_party WHERE status = 1 AND system_id = %s AND p_type = %s AND (company_name LIKE %s OR person_name LIKE %s) LIMIT %s","(146, 'C', 'Example77 Example77@gmail.com%', 'Example77 Example77@gmail.com%', 50)",0,[],221.73
2026-09-03T19:18:03.190026,find_party_candidates(Example77 Example77@gmail.com),"SELECT p_code, p_type, company_name, person_name, Phone, Email, p_account FROM acc_party WHERE status = 1 AND system_id = %s AND p_type = %s AND (company_name LIKE %s OR person_name LIKE %s) LIMIT %s","(146, 'C', '%Example77 Example77@gmail.com%', '%Example77 Example77@gmail.com%', 50)",0,[],229.34
2026-09-03T19:18:03.416666,find_party_candidates(Example77 Example77@gmail.com),"SELECT p_code, p_type, company_name, person_name, Phone, Email, p_account FROM acc_party WHERE status = 1 AND system_id = %s AND p_type = %s AND (company_name LIKE %s OR person_name LIKE %s) LIMIT %s","(146, 'C', '%Example77%', '%Example77%', 50)",0,[],224.63
2026-09-03T20:49:09.155071,get_records,"SELECT at_id, at_doc_type, at_desc, at_remarks, at_m_amount, at_date FROM acc_trans_m WHERE at_doc_type IN (%s,%s) AND system_id = %s AND at_status >= 1 ORDER BY at_id DESC LIMIT %s","['01', '02', 146, 261203000154]",518,"[{'at_id': 261203000155, 'at_doc_type': '01', 'at_desc': 'Receipt Voucher', 'at_remarks': '', 'at_m_amount': Decimal('1000.00'), 'at_date': datetime.datetime(2026, 9, 3, 0, 0)}, {'at_id': 261203000154, 'at_doc_type': '01', 'at_desc': 'Receipt Voucher', 'at_remarks': 'Healthcare Services', 'at_m_amount': Decimal('502.00'), 'at_date': datetime.datetime(2026, 6, 7, 0, 0)}, {'at_id': 261203000153, 'at_doc_type': '01', 'at_desc': 'Receipt Voucher', 'at_remarks': '', 'at_m_amount': Decimal('8476.00'),...",1189.25
2026-09-03T20:52:04.289620,within_open_year,SELECT 1 FROM business_year WHERE by_system_id = %s AND (  (financial_year_start <= %s AND %s <= financial_year_end AND financial_year_status = 1)  OR (audit_year_start <= %s AND %s <= audit_year_end AND audit_year_status = 1)) LIMIT 1,"[146, '2026-06-07', '2026-06-07', '2026-06-07', '2026-06-07']",0,[],397.33
2026-09-03T20:52:04.733882,find_party_candidates(Medicare),"SELECT p_code, p_type, company_name, person_name, Phone, Email, p_account FROM acc_party WHERE status = 1 AND system_id = %s AND p_type = %s AND (LOWER(TRIM(company_name))=LOWER(TRIM(%s)) OR LOWER(TRIM(person_name))=LOWER(TRIM(%s)))","(146, 'C', 'Medicare', 'Medicare')",1,"[{'p_code': 2010300641, 'p_type': 'C', 'company_name': 'Medicare', 'person_name': 'Medicare', 'Phone': None, 'Email': None, 'p_account': None}]",238.86
2026-09-03T20:52:04.941751,find_party_candidates(Medicare),"SELECT p_code, p_type, company_name, person_name, Phone, Email, p_account FROM acc_party WHERE status = 1 AND system_id = %s AND p_type = %s AND (company_name LIKE %s OR person_name LIKE %s) LIMIT %s","(146, 'C', 'Medicare%', 'Medicare%', 200)",1,"[{'p_code': 2010300641, 'p_type': 'C', 'company_name': 'Medicare', 'person_name': 'Medicare', 'Phone': None, 'Email': None, 'p_account': None}]",206.87
2026-09-03T20:52:05.152250,find_party_candidates(Medicare),"SELECT p_code, p_type, company_name, person_name, Phone, Email, p_account FROM acc_party WHERE status = 1 AND system_id = %s AND p_type = %s AND (company_name LIKE %s OR person_name LIKE %s) LIMIT %s","(146, 'C', '%Medicare%', '%Medicare%', 200)",1,"[{'p_code': 2010300641, 'p_type': 'C', 'company_name': 'Medicare', 'person_name': 'Medicare', 'Phone': None, 'Email': None, 'p_account': None}]",208.50
2026-09-03T20:52:05.358110,find_party_candidates(Medicare),"SELECT p_code, p_type, company_name, person_name, Phone, Email, p_account FROM acc_party WHERE status = 1 AND system_id = %s AND p_type = %s AND (company_name LIKE %s OR person_name LIKE %s) LIMIT %s","(146, 'C', '%Medicare%', '%Medicare%', 200)",1,"[{'p_code': 2010300641, 'p_type': 'C', 'company_name': 'Medicare', 'person_name': 'Medicare', 'Phone': None, 'Email': None, 'p_account': None}]",203.86
2026-09-03T20:52:06.230140,get_chart,"SELECT trans_acc_id, trans_acc_desc, subsi_acc_id, subsi_acc_desc, trans_system_id     FROM (SELECT @system_id := %s p) parm, v_trans_accounts_m2     WHERE trans_acc_display = 1     ORDER BY SUBSTRING(trans_acc_id, 1, 1),              SUBSTRING(trans_acc_id, 1, 5),              acc_main_sort, sub_sort, acc_sort, trans_acc_id",[146],218,"[{'trans_acc_id': '1000100010001', 'trans_acc_desc': 'Bank of the west', 'subsi_acc_id': 100010001, 'subsi_acc_desc': 'Banks', 'trans_system_id': 146}, {'trans_acc_id': '1000100010002', 'trans_acc_desc': 'Bank of the Ozarks', 'subsi_acc_id': 100010001, 'subsi_acc_desc': 'Banks', 'trans_system_id': 146}, {'trans_acc_id': '1000100010003', 'trans_acc_desc': 'Bancorp South Bank', 'subsi_acc_id': 100010001, 'subsi_acc_desc': 'Banks', 'trans_system_id': 146}, {'trans_acc_id': '1000100010004', 'trans_a...",471.89
2026-09-03T20:52:08.849977,insert_voucher(261203000156),INSERT CRV,"[261203000156, '2010300641', '100045002', '35002', 8750.0]",1,['COMMIT OK'],1611.80
2026-09-04T18:39:40.548033,within_open_year,SELECT 1 FROM business_year WHERE by_system_id = %s AND (  (financial_year_start <= %s AND %s <= financial_year_end AND financial_year_status = 1)  OR (audit_year_start <= %s AND %s <= audit_year_end AND audit_year_status = 1)) LIMIT 1,"[146, '2026-06-07', '2026-06-07', '2026-06-07', '2026-06-07']",0,[],839.63
2026-09-04T18:39:40.954820,find_party_candidates(Medicare),"SELECT p_code, p_type, company_name, person_name, Phone, Email, p_account FROM acc_party WHERE status = 1 AND system_id = %s AND p_type = %s AND (LOWER(TRIM(company_name))=LOWER(TRIM(%s)) OR LOWER(TRIM(person_name))=LOWER(TRIM(%s)))","(146, 'C', 'Medicare', 'Medicare')",1,"[{'p_code': 2010300641, 'p_type': 'C', 'company_name': 'Medicare', 'person_name': 'Medicare', 'Phone': None, 'Email': None, 'p_account': None}]",204.02
2026-09-04T18:39:41.150860,find_party_candidates(Medicare),"SELECT p_code, p_type, company_name, person_name, Phone, Email, p_account FROM acc_party WHERE status = 1 AND system_id = %s AND p_type = %s AND (company_name LIKE %s OR person_name LIKE %s) LIMIT %s","(146, 'C', 'Medicare%', 'Medicare%', 200)",1,"[{'p_code': 2010300641, 'p_type': 'C', 'company_name': 'Medicare', 'person_name': 'Medicare', 'Phone': None, 'Email': None, 'p_account': None}]",196.04
2026-09-04T18:39:41.349633,find_party_candidates(Medicare),"SELECT p_code, p_type, company_name, person_name, Phone, Email, p_account FROM acc_party WHERE status = 1 AND system_id = %s AND p_type = %s AND (company_name LIKE %s OR person_name LIKE %s) LIMIT %s","(146, 'C', '%Medicare%', '%Medicare%', 200)",1,"[{'p_code': 2010300641, 'p_type': 'C', 'company_name': 'Medicare', 'person_name': 'Medicare', 'Phone': None, 'Email': None, 'p_account': None}]",197.78
2026-09-04T18:39:41.580694,find_party_candidates(Medicare),"SELECT p_code, p_type, company_name, person_name, Phone, Email, p_account FROM acc_party WHERE status = 1 AND system_id = %s AND p_type = %s AND (company_name LIKE %s OR person_name LIKE %s) LIMIT %s","(146, 'C', '%Medicare%', '%Medicare%', 200)",1,"[{'p_code': 2010300641, 'p_type': 'C', 'company_name': 'Medicare', 'person_name': 'Medicare', 'Phone': None, 'Email': None, 'p_account': None}]",231.06
2026-09-04T18:39:42.383734,get_chart,"SELECT trans_acc_id, trans_acc_desc, subsi_acc_id, subsi_acc_desc, trans_system_id     FROM (SELECT @system_id := %s p) parm, v_trans_accounts_m2     WHERE trans_acc_display = 1     ORDER BY SUBSTRING(trans_acc_id, 1, 1),              SUBSTRING(trans_acc_id, 1, 5),              acc_main_sort, sub_sort, acc_sort, trans_acc_id",[146],219,"[{'trans_acc_id': '1000100010001', 'trans_acc_desc': 'Bank of the west', 'subsi_acc_id': 100010001, 'subsi_acc_desc': 'Banks', 'trans_system_id': 146}, {'trans_acc_id': '1000100010002', 'trans_acc_desc': 'Bank of the Ozarks', 'subsi_acc_id': 100010001, 'subsi_acc_desc': 'Banks', 'trans_system_id': 146}, {'trans_acc_id': '1000100010003', 'trans_acc_desc': 'Bancorp South Bank', 'subsi_acc_id': 100010001, 'subsi_acc_desc': 'Banks', 'trans_system_id': 146}, {'trans_acc_id': '1000100010004', 'trans_a...",414.60
2026-09-04T18:39:44.914538,insert_voucher(261203000161),INSERT CRV,"[261203000161, '2010300641', '100045001', '35002', 8750.0]",1,['COMMIT OK'],1551.20
2026-09-04T20:45:00.279194,get_chart,"SELECT trans_acc_id, trans_acc_desc, subsi_acc_id, subsi_acc_desc, trans_system_id     FROM (SELECT @system_id := %s p) parm, v_trans_accounts_m2     WHERE trans_acc_display = 1     ORDER BY SUBSTRING(trans_acc_id, 1, 1),              SUBSTRING(trans_acc_id, 1, 5),              acc_main_sort, sub_sort, acc_sort, trans_acc_id",[146],219,"[{'trans_acc_id': '1000100010001', 'trans_acc_desc': 'Bank of the west', 'subsi_acc_id': 100010001, 'subsi_acc_desc': 'Banks', 'trans_system_id': 146}, {'trans_acc_id': '1000100010002', 'trans_acc_desc': 'Bank of the Ozarks', 'subsi_acc_id': 100010001, 'subsi_acc_desc': 'Banks', 'trans_system_id': 146}, {'trans_acc_id': '1000100010003', 'trans_acc_desc': 'Bancorp South Bank', 'subsi_acc_id': 100010001, 'subsi_acc_desc': 'Banks', 'trans_system_id': 146}, {'trans_acc_id': '1000100010004', 'trans_a...",490.96
2026-09-04T20:49:44.482370,get_chart,"SELECT trans_acc_id, trans_acc_desc, subsi_acc_id, subsi_acc_desc, trans_system_id     FROM (SELECT @system_id := %s p) parm, v_trans_accounts_m2     WHERE trans_acc_display = 1     ORDER BY SUBSTRING(trans_acc_id, 1, 1),              SUBSTRING(trans_acc_id, 1, 5),              acc_main_sort, sub_sort, acc_sort, trans_acc_id",[146],219,"[{'trans_acc_id': '1000100010001', 'trans_acc_desc': 'Bank of the west', 'subsi_acc_id': 100010001, 'subsi_acc_desc': 'Banks', 'trans_system_id': 146}, {'trans_acc_id': '1000100010002', 'trans_acc_desc': 'Bank of the Ozarks', 'subsi_acc_id': 100010001, 'subsi_acc_desc': 'Banks', 'trans_system_id': 146}, {'trans_acc_id': '1000100010003', 'trans_acc_desc': 'Bancorp South Bank', 'subsi_acc_id': 100010001, 'subsi_acc_desc': 'Banks', 'trans_system_id': 146}, {'trans_acc_id': '1000100010004', 'trans_a...",395.34
2026-09-04T20:50:34.348083,within_open_year,SELECT 1 FROM business_year WHERE by_system_id = %s AND (  (financial_year_start <= %s AND %s <= financial_year_end AND financial_year_status = 1)  OR (audit_year_start <= %s AND %s <= audit_year_end AND audit_year_status = 1)) LIMIT 1,"[146, '2026-09-04', '2026-09-04', '2026-09-04', '2026-09-04']",0,[],395.52
2026-09-04T20:50:34.742654,find_party_candidates(Adobe Identity Verification Service LLC),"SELECT p_code, p_type, company_name, person_name, Phone, Email, p_account FROM acc_party WHERE status = 1 AND system_id = %s AND p_type = %s AND (LOWER(TRIM(company_name))=LOWER(TRIM(%s)) OR LOWER(TRIM(person_name))=LOWER(TRIM(%s)))","(146, 'C', 'Adobe Identity Verification Service LLC', 'Adobe Identity Verification Service LLC')",0,[],195.84
2026-09-04T20:50:34.937539,find_party_candidates(Adobe Identity Verification Service LLC),"SELECT p_code, p_type, company_name, person_name, Phone, Email, p_account FROM acc_party WHERE status = 1 AND system_id = %s AND p_type = %s AND (company_name LIKE %s OR person_name LIKE %s) LIMIT %s","(146, 'C', 'Adobe Identity Verification Service LLC%', 'Adobe Identity Verification Service LLC%', 200)",0,[],193.83
2026-09-04T20:50:35.128619,find_party_candidates(Adobe Identity Verification Service LLC),"SELECT p_code, p_type, company_name, person_name, Phone, Email, p_account FROM acc_party WHERE status = 1 AND system_id = %s AND p_type = %s AND (company_name LIKE %s OR person_name LIKE %s) LIMIT %s","(146, 'C', '%Adobe Identity Verification Service LLC%', '%Adobe Identity Verification Service LLC%', 200)",0,[],191.08
2026-09-04T20:50:35.322653,find_party_candidates(Adobe Identity Verification Service LLC),"SELECT p_code, p_type, company_name, person_name, Phone, Email, p_account FROM acc_party WHERE status = 1 AND system_id = %s AND p_type = %s AND (company_name LIKE %s OR person_name LIKE %s) LIMIT %s","(146, 'C', '%Adobe%', '%Adobe%', 200)",0,[],192.19
2026-09-04T20:50:35.700551,find_party_candidates(Adobe Identity Verification Service LLC),"SELECT p_code, p_type, company_name, person_name, Phone, Email, p_account FROM acc_party WHERE status = 1 AND system_id = %s AND (LOWER(TRIM(company_name))=LOWER(TRIM(%s)) OR LOWER(TRIM(person_name))=LOWER(TRIM(%s)))","(146, 'Adobe Identity Verification Service LLC', 'Adobe Identity Verification Service LLC')",0,[],192.08
2026-09-04T20:50:35.892673,find_party_candidates(Adobe Identity Verification Service LLC),"SELECT p_code, p_type, company_name, person_name, Phone, Email, p_account FROM acc_party WHERE status = 1 AND system_id = %s AND (company_name LIKE %s OR person_name LIKE %s) LIMIT %s","(146, 'Adobe Identity Verification Service LLC%', 'Adobe Identity Verification Service LLC%', 200)",0,[],192.12
2026-09-04T20:50:36.085184,find_party_candidates(Adobe Identity Verification Service LLC),"SELECT p_code, p_type, company_name, person_name, Phone, Email, p_account FROM acc_party WHERE status = 1 AND system_id = %s AND (company_name LIKE %s OR person_name LIKE %s) LIMIT %s","(146, '%Adobe Identity Verification Service LLC%', '%Adobe Identity Verification Service LLC%', 200)",0,[],191.46
2026-09-04T20:50:36.277724,find_party_candidates(Adobe Identity Verification Service LLC),"SELECT p_code, p_type, company_name, person_name, Phone, Email, p_account FROM acc_party WHERE status = 1 AND system_id = %s AND (company_name LIKE %s OR person_name LIKE %s) LIMIT %s","(146, '%Adobe%', '%Adobe%', 200)",0,[],191.54
2026-09-04T20:50:36.659601,find_party_candidates(Adobe Identity Verification Service LLC),"SELECT p_code, p_type, company_name, person_name, Phone, Email, p_account FROM acc_party WHERE status = 1 AND system_id = %s AND p_type = %s AND (LOWER(TRIM(company_name))=LOWER(TRIM(%s)) OR LOWER(TRIM(person_name))=LOWER(TRIM(%s)))","(146, 'C', 'Adobe Identity Verification Service LLC', 'Adobe Identity Verification Service LLC')",0,[],191.21
2026-09-04T20:50:36.850839,find_party_candidates(Adobe Identity Verification Service LLC),"SELECT p_code, p_type, company_name, person_name, Phone, Email, p_account FROM acc_party WHERE status = 1 AND system_id = %s AND p_type = %s AND (company_name LIKE %s OR person_name LIKE %s) LIMIT %s","(146, 'C', 'Adobe Identity Verification Service LLC%', 'Adobe Identity Verification Service LLC%', 20)",0,[],190.35
2026-09-04T20:50:37.041846,find_party_candidates(Adobe Identity Verification Service LLC),"SELECT p_code, p_type, company_name, person_name, Phone, Email, p_account FROM acc_party WHERE status = 1 AND system_id = %s AND p_type = %s AND (company_name LIKE %s OR person_name LIKE %s) LIMIT %s","(146, 'C', '%Adobe Identity Verification Service LLC%', '%Adobe Identity Verification Service LLC%', 20)",0,[],191.01
2026-09-04T20:50:37.233464,find_party_candidates(Adobe Identity Verification Service LLC),"SELECT p_code, p_type, company_name, person_name, Phone, Email, p_account FROM acc_party WHERE status = 1 AND system_id = %s AND p_type = %s AND (company_name LIKE %s OR person_name LIKE %s) LIMIT %s","(146, 'C', '%Adobe%', '%Adobe%', 20)",0,[],190.57
2026-09-04T20:50:37.983535,create_party,"INSERT INTO acc_party (p_code, p_type, company_name, person_name, status, system_id) VALUES (%s, %s, %s, %s, 1, %s)","['2010300645', 'C', 'Adobe Identity Verification Service LLC', 'Adobe Identity Verification Service LLC', 146]",1,['INSERT OK'],375.84
2026-09-04T20:50:38.758756,get_chart,"SELECT trans_acc_id, trans_acc_desc, subsi_acc_id, subsi_acc_desc, trans_system_id     FROM (SELECT @system_id := %s p) parm, v_trans_accounts_m2     WHERE trans_acc_display = 1     ORDER BY SUBSTRING(trans_acc_id, 1, 1),              SUBSTRING(trans_acc_id, 1, 5),              acc_main_sort, sub_sort, acc_sort, trans_acc_id",[146],220,"[{'trans_acc_id': '1000100010001', 'trans_acc_desc': 'Bank of the west', 'subsi_acc_id': 100010001, 'subsi_acc_desc': 'Banks', 'trans_system_id': 146}, {'trans_acc_id': '1000100010002', 'trans_acc_desc': 'Bank of the Ozarks', 'subsi_acc_id': 100010001, 'subsi_acc_desc': 'Banks', 'trans_system_id': 146}, {'trans_acc_id': '1000100010003', 'trans_acc_desc': 'Bancorp South Bank', 'subsi_acc_id': 100010001, 'subsi_acc_desc': 'Banks', 'trans_system_id': 146}, {'trans_acc_id': '1000100010004', 'trans_a...",387.11
2026-09-04T20:50:41.269450,insert_voucher(261203000162),INSERT CRV,"[261203000162, '2010300645', '10001', '35002', 2000.0]",1,['COMMIT OK'],1563.73
2026-09-04T20:51:02.503441,within_open_year,SELECT 1 FROM business_year WHERE by_system_id = %s AND (  (financial_year_start <= %s AND %s <= financial_year_end AND financial_year_status = 1)  OR (audit_year_start <= %s AND %s <= audit_year_end AND audit_year_status = 1)) LIMIT 1,"[146, '2026-09-04', '2026-09-04', '2026-09-04', '2026-09-04']",0,[],368.75
2026-09-04T20:51:02.883226,find_party_candidates(Adobe Identity Verification Service LLC),"SELECT p_code, p_type, company_name, person_name, Phone, Email, p_account FROM acc_party WHERE status = 1 AND system_id = %s AND p_type = %s AND (LOWER(TRIM(company_name))=LOWER(TRIM(%s)) OR LOWER(TRIM(person_name))=LOWER(TRIM(%s)))","(146, 'C', 'Adobe Identity Verification Service LLC', 'Adobe Identity Verification Service LLC')",1,"[{'p_code': 2010300645, 'p_type': 'C', 'company_name': 'Adobe Identity Verification Service LLC', 'person_name': 'Adobe Identity Verification Service LLC', 'Phone': None, 'Email': None, 'p_account': None}]",194.60
2026-09-04T20:51:03.075429,find_party_candidates(Adobe Identity Verification Service LLC),"SELECT p_code, p_type, company_name, person_name, Phone, Email, p_account FROM acc_party WHERE status = 1 AND system_id = %s AND p_type = %s AND (company_name LIKE %s OR person_name LIKE %s) LIMIT %s","(146, 'C', 'Adobe Identity Verification Service LLC%', 'Adobe Identity Verification Service LLC%', 200)",1,"[{'p_code': 2010300645, 'p_type': 'C', 'company_name': 'Adobe Identity Verification Service LLC', 'person_name': 'Adobe Identity Verification Service LLC', 'Phone': None, 'Email': None, 'p_account': None}]",192.20
2026-09-04T20:51:03.267097,find_party_candidates(Adobe Identity Verification Service LLC),"SELECT p_code, p_type, company_name, person_name, Phone, Email, p_account FROM acc_party WHERE status = 1 AND system_id = %s AND p_type = %s AND (company_name LIKE %s OR person_name LIKE %s) LIMIT %s","(146, 'C', '%Adobe Identity Verification Service LLC%', '%Adobe Identity Verification Service LLC%', 200)",1,"[{'p_code': 2010300645, 'p_type': 'C', 'company_name': 'Adobe Identity Verification Service LLC', 'person_name': 'Adobe Identity Verification Service LLC', 'Phone': None, 'Email': None, 'p_account': None}]",190.67
2026-09-04T20:51:03.465263,find_party_candidates(Adobe Identity Verification Service LLC),"SELECT p_code, p_type, company_name, person_name, Phone, Email, p_account FROM acc_party WHERE status = 1 AND system_id = %s AND p_type = %s AND (company_name LIKE %s OR person_name LIKE %s) LIMIT %s","(146, 'C', '%Adobe%', '%Adobe%', 200)",1,"[{'p_code': 2010300645, 'p_type': 'C', 'company_name': 'Adobe Identity Verification Service LLC', 'person_name': 'Adobe Identity Verification Service LLC', 'Phone': None, 'Email': None, 'p_account': None}]",195.16
2026-09-04T20:51:05.901986,insert_voucher(261203000163),INSERT CRV,"[261203000163, '2010300645', '100045007', '35002', 2000.0]",1,['COMMIT OK'],1500.58
2026-09-04T21:18:59.083255,get_chart,"SELECT trans_acc_id, trans_acc_desc, subsi_acc_id, subsi_acc_desc, trans_system_id     FROM (SELECT @system_id := %s p) parm, v_trans_accounts_m2     WHERE trans_acc_display = 1     ORDER BY SUBSTRING(trans_acc_id, 1, 1),              SUBSTRING(trans_acc_id, 1, 5),              acc_main_sort, sub_sort, acc_sort, trans_acc_id",[146],220,"[{'trans_acc_id': '1000100010001', 'trans_acc_desc': 'Bank of the west', 'subsi_acc_id': 100010001, 'subsi_acc_desc': 'Banks', 'trans_system_id': 146}, {'trans_acc_id': '1000100010002', 'trans_acc_desc': 'Bank of the Ozarks', 'subsi_acc_id': 100010001, 'subsi_acc_desc': 'Banks', 'trans_system_id': 146}, {'trans_acc_id': '1000100010003', 'trans_acc_desc': 'Bancorp South Bank', 'subsi_acc_id': 100010001, 'subsi_acc_desc': 'Banks', 'trans_system_id': 146}, {'trans_acc_id': '1000100010004', 'trans_a...",525.23
2026-09-04T21:19:03.869445,get_chart,"SELECT trans_acc_id, trans_acc_desc, subsi_acc_id, subsi_acc_desc, trans_system_id     FROM (SELECT @system_id := %s p) parm, v_trans_accounts_m2     WHERE trans_acc_display = 1     ORDER BY SUBSTRING(trans_acc_id, 1, 1),              SUBSTRING(trans_acc_id, 1, 5),              acc_main_sort, sub_sort, acc_sort, trans_acc_id",[146],220,"[{'trans_acc_id': '1000100010001', 'trans_acc_desc': 'Bank of the west', 'subsi_acc_id': 100010001, 'subsi_acc_desc': 'Banks', 'trans_system_id': 146}, {'trans_acc_id': '1000100010002', 'trans_acc_desc': 'Bank of the Ozarks', 'subsi_acc_id': 100010001, 'subsi_acc_desc': 'Banks', 'trans_system_id': 146}, {'trans_acc_id': '1000100010003', 'trans_acc_desc': 'Bancorp South Bank', 'subsi_acc_id': 100010001, 'subsi_acc_desc': 'Banks', 'trans_system_id': 146}, {'trans_acc_id': '1000100010004', 'trans_a...",407.00
2026-09-04T21:19:13.315122,list_parties,"SELECT p_code, p_type, company_name, person_name, Email, Phone,        p_account, status FROM acc_party WHERE system_id = %s AND status = 1 ORDER BY p_type, company_name LIMIT %s","[146, 500]",122,"[{'p_code': 2010300629, 'p_type': 'C', 'company_name': '3S', 'person_name': 'Ali', 'Email': None, 'Phone': None, 'p_account': None, 'status': 1}, {'p_code': 2010300639, 'p_type': 'C', 'company_name': '3s(ali)', 'person_name': '3s(ali)', 'Email': None, 'Phone': None, 'p_account': None, 'status': 1}, {'p_code': 2010300642, 'p_type': 'C', 'company_name': 'Acme CORP', 'person_name': 'Acme CORP', 'Email': None, 'Phone': '555-0143', 'p_account': None, 'status': 1}, {'p_code': 2010300637, 'p_type': 'C'...",1234.80
2026-09-04T21:19:17.511080,list_parties,"SELECT p_code, p_type, company_name, person_name, Email, Phone,        p_account, status FROM acc_party WHERE system_id = %s AND status = 1 ORDER BY p_type, company_name LIMIT %s","[146, 500]",122,"[{'p_code': 2010300629, 'p_type': 'C', 'company_name': '3S', 'person_name': 'Ali', 'Email': None, 'Phone': None, 'p_account': None, 'status': 1}, {'p_code': 2010300639, 'p_type': 'C', 'company_name': '3s(ali)', 'person_name': '3s(ali)', 'Email': None, 'Phone': None, 'p_account': None, 'status': 1}, {'p_code': 2010300642, 'p_type': 'C', 'company_name': 'Acme CORP', 'person_name': 'Acme CORP', 'Email': None, 'Phone': '555-0143', 'p_account': None, 'status': 1}, {'p_code': 2010300637, 'p_type': 'C'...",1240.64
2026-09-04T21:19:30.403839,within_open_year,SELECT 1 FROM business_year WHERE by_system_id = %s AND (  (financial_year_start <= %s AND %s <= financial_year_end AND financial_year_status = 1)  OR (audit_year_start <= %s AND %s <= audit_year_end AND audit_year_status = 1)) LIMIT 1,"[146, '2026-09-04', '2026-09-04', '2026-09-04', '2026-09-04']",0,[],1244.37
2026-09-04T21:19:30.814320,find_party_candidates(Adobe Identity Verification Service LLC),"SELECT p_code, p_type, company_name, person_name, Phone, Email, p_account FROM acc_party WHERE status = 1 AND system_id = %s AND p_type = %s AND (LOWER(TRIM(company_name))=LOWER(TRIM(%s)) OR LOWER(TRIM(person_name))=LOWER(TRIM(%s)))","(146, 'C', 'Adobe Identity Verification Service LLC', 'Adobe Identity Verification Service LLC')",1,"[{'p_code': 2010300645, 'p_type': 'C', 'company_name': 'Adobe Identity Verification Service LLC', 'person_name': 'Adobe Identity Verification Service LLC', 'Phone': None, 'Email': None, 'p_account': None}]",208.52
2026-09-04T21:19:31.100624,find_party_candidates(Adobe Identity Verification Service LLC),"SELECT p_code, p_type, company_name, person_name, Phone, Email, p_account FROM acc_party WHERE status = 1 AND system_id = %s AND p_type = %s AND (company_name LIKE %s OR person_name LIKE %s) LIMIT %s","(146, 'C', 'Adobe Identity Verification Service LLC%', 'Adobe Identity Verification Service LLC%', 200)",1,"[{'p_code': 2010300645, 'p_type': 'C', 'company_name': 'Adobe Identity Verification Service LLC', 'person_name': 'Adobe Identity Verification Service LLC', 'Phone': None, 'Email': None, 'p_account': None}]",285.93
2026-09-04T21:19:31.429982,find_party_candidates(Adobe Identity Verification Service LLC),"SELECT p_code, p_type, company_name, person_name, Phone, Email, p_account FROM acc_party WHERE status = 1 AND system_id = %s AND p_type = %s AND (company_name LIKE %s OR person_name LIKE %s) LIMIT %s","(146, 'C', '%Adobe Identity Verification Service LLC%', '%Adobe Identity Verification Service LLC%', 200)",1,"[{'p_code': 2010300645, 'p_type': 'C', 'company_name': 'Adobe Identity Verification Service LLC', 'person_name': 'Adobe Identity Verification Service LLC', 'Phone': None, 'Email': None, 'p_account': None}]",326.95
2026-09-04T21:19:31.735723,find_party_candidates(Adobe Identity Verification Service LLC),"SELECT p_code, p_type, company_name, person_name, Phone, Email, p_account FROM acc_party WHERE status = 1 AND system_id = %s AND p_type = %s AND (company_name LIKE %s OR person_name LIKE %s) LIMIT %s","(146, 'C', '%Adobe%', '%Adobe%', 200)",1,"[{'p_code': 2010300645, 'p_type': 'C', 'company_name': 'Adobe Identity Verification Service LLC', 'person_name': 'Adobe Identity Verification Service LLC', 'Phone': None, 'Email': None, 'p_account': None}]",304.26
2026-09-04T21:19:40.132263,within_open_year,SELECT 1 FROM business_year WHERE by_system_id = %s AND (  (financial_year_start <= %s AND %s <= financial_year_end AND financial_year_status = 1)  OR (audit_year_start <= %s AND %s <= audit_year_end AND audit_year_status = 1)) LIMIT 1,"[146, '2026-09-04', '2026-09-04', '2026-09-04', '2026-09-04']",0,[],612.16
2026-09-04T21:19:40.649545,find_party_candidates(Adobe Identity Verification Service LLC),"SELECT p_code, p_type, company_name, person_name, Phone, Email, p_account FROM acc_party WHERE status = 1 AND system_id = %s AND p_type = %s AND (LOWER(TRIM(company_name))=LOWER(TRIM(%s)) OR LOWER(TRIM(person_name))=LOWER(TRIM(%s)))","(146, 'C', 'Adobe Identity Verification Service LLC', 'Adobe Identity Verification Service LLC')",1,"[{'p_code': 2010300645, 'p_type': 'C', 'company_name': 'Adobe Identity Verification Service LLC', 'person_name': 'Adobe Identity Verification Service LLC', 'Phone': None, 'Email': None, 'p_account': None}]",314.00
2026-09-04T21:19:40.956460,find_party_candidates(Adobe Identity Verification Service LLC),"SELECT p_code, p_type, company_name, person_name, Phone, Email, p_account FROM acc_party WHERE status = 1 AND system_id = %s AND p_type = %s AND (company_name LIKE %s OR person_name LIKE %s) LIMIT %s","(146, 'C', 'Adobe Identity Verification Service LLC%', 'Adobe Identity Verification Service LLC%', 200)",1,"[{'p_code': 2010300645, 'p_type': 'C', 'company_name': 'Adobe Identity Verification Service LLC', 'person_name': 'Adobe Identity Verification Service LLC', 'Phone': None, 'Email': None, 'p_account': None}]",301.92
2026-09-04T21:19:41.272305,find_party_candidates(Adobe Identity Verification Service LLC),"SELECT p_code, p_type, company_name, person_name, Phone, Email, p_account FROM acc_party WHERE status = 1 AND system_id = %s AND p_type = %s AND (company_name LIKE %s OR person_name LIKE %s) LIMIT %s","(146, 'C', '%Adobe Identity Verification Service LLC%', '%Adobe Identity Verification Service LLC%', 200)",1,"[{'p_code': 2010300645, 'p_type': 'C', 'company_name': 'Adobe Identity Verification Service LLC', 'person_name': 'Adobe Identity Verification Service LLC', 'Phone': None, 'Email': None, 'p_account': None}]",313.25
2026-09-04T21:19:41.571862,find_party_candidates(Adobe Identity Verification Service LLC),"SELECT p_code, p_type, company_name, person_name, Phone, Email, p_account FROM acc_party WHERE status = 1 AND system_id = %s AND p_type = %s AND (company_name LIKE %s OR person_name LIKE %s) LIMIT %s","(146, 'C', '%Adobe%', '%Adobe%', 200)",1,"[{'p_code': 2010300645, 'p_type': 'C', 'company_name': 'Adobe Identity Verification Service LLC', 'person_name': 'Adobe Identity Verification Service LLC', 'Phone': None, 'Email': None, 'p_account': None}]",297.23
2026-09-04T21:20:50.070471,within_open_year,SELECT 1 FROM business_year WHERE by_system_id = %s AND (  (financial_year_start <= %s AND %s <= financial_year_end AND financial_year_status = 1)  OR (audit_year_start <= %s AND %s <= audit_year_end AND audit_year_status = 1)) LIMIT 1,"[146, '2026-09-04', '2026-09-04', '2026-09-04', '2026-09-04']",0,[],614.29
2026-09-04T21:20:50.690212,commit_voucher.party,"SELECT p_code, p_type, company_name, person_name FROM acc_party WHERE p_code = %s AND system_id = %s LIMIT 1","['2010300645', 146]",1,"[{'p_code': 2010300645, 'p_type': 'C', 'company_name': 'Adobe Identity Verification Service LLC', 'person_name': 'Adobe Identity Verification Service LLC'}]",618.05
2026-09-04T21:20:54.372790,insert_voucher(261203000164),INSERT CRV,"[261203000164, '2010300645', '100045000', '35002', 2000.0]",1,['COMMIT OK'],2352.60
2026-09-04T21:31:00.790605,get_chart,"SELECT trans_acc_id, trans_acc_desc, subsi_acc_id, subsi_acc_desc, trans_system_id     FROM (SELECT @system_id := %s p) parm, v_trans_accounts_m2     WHERE trans_acc_display = 1     ORDER BY SUBSTRING(trans_acc_id, 1, 1),              SUBSTRING(trans_acc_id, 1, 5),              acc_main_sort, sub_sort, acc_sort, trans_acc_id",[146],220,"[{'trans_acc_id': '1000100010001', 'trans_acc_desc': 'Bank of the west', 'subsi_acc_id': 100010001, 'subsi_acc_desc': 'Banks', 'trans_system_id': 146}, {'trans_acc_id': '1000100010002', 'trans_acc_desc': 'Bank of the Ozarks', 'subsi_acc_id': 100010001, 'subsi_acc_desc': 'Banks', 'trans_system_id': 146}, {'trans_acc_id': '1000100010003', 'trans_acc_desc': 'Bancorp South Bank', 'subsi_acc_id': 100010001, 'subsi_acc_desc': 'Banks', 'trans_system_id': 146}, {'trans_acc_id': '1000100010004', 'trans_a...",474.02
2026-09-04T21:31:06.010684,get_chart,"SELECT trans_acc_id, trans_acc_desc, subsi_acc_id, subsi_acc_desc, trans_system_id     FROM (SELECT @system_id := %s p) parm, v_trans_accounts_m2     WHERE trans_acc_display = 1     ORDER BY SUBSTRING(trans_acc_id, 1, 1),              SUBSTRING(trans_acc_id, 1, 5),              acc_main_sort, sub_sort, acc_sort, trans_acc_id",[146],220,"[{'trans_acc_id': '1000100010001', 'trans_acc_desc': 'Bank of the west', 'subsi_acc_id': 100010001, 'subsi_acc_desc': 'Banks', 'trans_system_id': 146}, {'trans_acc_id': '1000100010002', 'trans_acc_desc': 'Bank of the Ozarks', 'subsi_acc_id': 100010001, 'subsi_acc_desc': 'Banks', 'trans_system_id': 146}, {'trans_acc_id': '1000100010003', 'trans_acc_desc': 'Bancorp South Bank', 'subsi_acc_id': 100010001, 'subsi_acc_desc': 'Banks', 'trans_system_id': 146}, {'trans_acc_id': '1000100010004', 'trans_a...",617.87
2026-09-04T21:31:09.794097,within_open_year,SELECT 1 FROM business_year WHERE by_system_id = %s AND (  (financial_year_start <= %s AND %s <= financial_year_end AND financial_year_status = 1)  OR (audit_year_start <= %s AND %s <= audit_year_end AND audit_year_status = 1)) LIMIT 1,"[146, '2026-09-04', '2026-09-04', '2026-09-04', '2026-09-04']",0,[],978.01
2026-09-04T21:31:10.315087,find_party_candidates(Adobe Identity Verification Service LLC),"SELECT p_code, p_type, company_name, person_name, Phone, Email, p_account FROM acc_party WHERE status = 1 AND system_id = %s AND p_type = %s AND (LOWER(TRIM(company_name))=LOWER(TRIM(%s)) OR LOWER(TRIM(person_name))=LOWER(TRIM(%s)))","(146, 'C', 'Adobe Identity Verification Service LLC', 'Adobe Identity Verification Service LLC')",1,"[{'p_code': 2010300645, 'p_type': 'C', 'company_name': 'Adobe Identity Verification Service LLC', 'person_name': 'Adobe Identity Verification Service LLC', 'Phone': None, 'Email': None, 'p_account': None}]",214.00
2026-09-04T21:31:10.601088,find_party_candidates(Adobe Identity Verification Service LLC),"SELECT p_code, p_type, company_name, person_name, Phone, Email, p_account FROM acc_party WHERE status = 1 AND system_id = %s AND p_type = %s AND (company_name LIKE %s OR person_name LIKE %s) LIMIT %s","(146, 'C', 'Adobe Identity Verification Service LLC%', 'Adobe Identity Verification Service LLC%', 200)",1,"[{'p_code': 2010300645, 'p_type': 'C', 'company_name': 'Adobe Identity Verification Service LLC', 'person_name': 'Adobe Identity Verification Service LLC', 'Phone': None, 'Email': None, 'p_account': None}]",286.00
2026-09-04T21:31:10.921110,find_party_candidates(Adobe Identity Verification Service LLC),"SELECT p_code, p_type, company_name, person_name, Phone, Email, p_account FROM acc_party WHERE status = 1 AND system_id = %s AND p_type = %s AND (company_name LIKE %s OR person_name LIKE %s) LIMIT %s","(146, 'C', '%Adobe Identity Verification Service LLC%', '%Adobe Identity Verification Service LLC%', 200)",1,"[{'p_code': 2010300645, 'p_type': 'C', 'company_name': 'Adobe Identity Verification Service LLC', 'person_name': 'Adobe Identity Verification Service LLC', 'Phone': None, 'Email': None, 'p_account': None}]",319.02
2026-09-04T21:31:11.330297,find_party_candidates(Adobe Identity Verification Service LLC),"SELECT p_code, p_type, company_name, person_name, Phone, Email, p_account FROM acc_party WHERE status = 1 AND system_id = %s AND p_type = %s AND (company_name LIKE %s OR person_name LIKE %s) LIMIT %s","(146, 'C', '%Adobe%', '%Adobe%', 200)",1,"[{'p_code': 2010300645, 'p_type': 'C', 'company_name': 'Adobe Identity Verification Service LLC', 'person_name': 'Adobe Identity Verification Service LLC', 'Phone': None, 'Email': None, 'p_account': None}]",407.87
2026-09-04T21:31:21.291242,list_parties,"SELECT p_code, p_type, company_name, person_name, Email, Phone,        p_account, status FROM acc_party WHERE system_id = %s AND status = 1 ORDER BY p_type, company_name LIMIT %s","[146, 500]",122,"[{'p_code': 2010300629, 'p_type': 'C', 'company_name': '3S', 'person_name': 'Ali', 'Email': None, 'Phone': None, 'p_account': None, 'status': 1}, {'p_code': 2010300639, 'p_type': 'C', 'company_name': '3s(ali)', 'person_name': '3s(ali)', 'Email': None, 'Phone': None, 'p_account': None, 'status': 1}, {'p_code': 2010300642, 'p_type': 'C', 'company_name': 'Acme CORP', 'person_name': 'Acme CORP', 'Email': None, 'Phone': '555-0143', 'p_account': None, 'status': 1}, {'p_code': 2010300637, 'p_type': 'C'...",1049.59
2026-09-04T21:31:25.374035,list_parties,"SELECT p_code, p_type, company_name, person_name, Email, Phone,        p_account, status FROM acc_party WHERE system_id = %s AND status = 1 ORDER BY p_type, company_name LIMIT %s","[146, 500]",122,"[{'p_code': 2010300629, 'p_type': 'C', 'company_name': '3S', 'person_name': 'Ali', 'Email': None, 'Phone': None, 'p_account': None, 'status': 1}, {'p_code': 2010300639, 'p_type': 'C', 'company_name': '3s(ali)', 'person_name': '3s(ali)', 'Email': None, 'Phone': None, 'p_account': None, 'status': 1}, {'p_code': 2010300642, 'p_type': 'C', 'company_name': 'Acme CORP', 'person_name': 'Acme CORP', 'Email': None, 'Phone': '555-0143', 'p_account': None, 'status': 1}, {'p_code': 2010300637, 'p_type': 'C'...",1150.70
2026-09-04T21:31:28.130741,within_open_year,SELECT 1 FROM business_year WHERE by_system_id = %s AND (  (financial_year_start <= %s AND %s <= financial_year_end AND financial_year_status = 1)  OR (audit_year_start <= %s AND %s <= audit_year_end AND audit_year_status = 1)) LIMIT 1,"[146, '2026-09-04', '2026-09-04', '2026-09-04', '2026-09-04']",0,[],474.19
2026-09-04T21:31:28.633271,commit_voucher.party,"SELECT p_code, p_type, company_name, person_name FROM acc_party WHERE p_code = %s AND system_id = %s LIMIT 1","['2010300629', 146]",1,"[{'p_code': 2010300629, 'p_type': 'C', 'company_name': '3S', 'person_name': 'Ali'}]",501.12
2026-09-04T21:31:32.220434,insert_voucher(261203000165),INSERT CRV,"[261203000165, '2010300629', '100045007', '35002', 2540.0]",1,['COMMIT OK'],2355.27
2026-09-04T21:52:13.010734,get_chart,"SELECT trans_acc_id, trans_acc_desc, subsi_acc_id, subsi_acc_desc, trans_system_id     FROM (SELECT @system_id := %s p) parm, v_trans_accounts_m2     WHERE trans_acc_display = 1     ORDER BY SUBSTRING(trans_acc_id, 1, 1),              SUBSTRING(trans_acc_id, 1, 5),              acc_main_sort, sub_sort, acc_sort, trans_acc_id",[146],220,"[{'trans_acc_id': '1000100010001', 'trans_acc_desc': 'Bank of the west', 'subsi_acc_id': 100010001, 'subsi_acc_desc': 'Banks', 'trans_system_id': 146}, {'trans_acc_id': '1000100010002', 'trans_acc_desc': 'Bank of the Ozarks', 'subsi_acc_id': 100010001, 'subsi_acc_desc': 'Banks', 'trans_system_id': 146}, {'trans_acc_id': '1000100010003', 'trans_acc_desc': 'Bancorp South Bank', 'subsi_acc_id': 100010001, 'subsi_acc_desc': 'Banks', 'trans_system_id': 146}, {'trans_acc_id': '1000100010004', 'trans_a...",437.09
2026-09-04T21:52:17.408900,get_chart,"SELECT trans_acc_id, trans_acc_desc, subsi_acc_id, subsi_acc_desc, trans_system_id     FROM (SELECT @system_id := %s p) parm, v_trans_accounts_m2     WHERE trans_acc_display = 1     ORDER BY SUBSTRING(trans_acc_id, 1, 1),              SUBSTRING(trans_acc_id, 1, 5),              acc_main_sort, sub_sort, acc_sort, trans_acc_id",[146],220,"[{'trans_acc_id': '1000100010001', 'trans_acc_desc': 'Bank of the west', 'subsi_acc_id': 100010001, 'subsi_acc_desc': 'Banks', 'trans_system_id': 146}, {'trans_acc_id': '1000100010002', 'trans_acc_desc': 'Bank of the Ozarks', 'subsi_acc_id': 100010001, 'subsi_acc_desc': 'Banks', 'trans_system_id': 146}, {'trans_acc_id': '1000100010003', 'trans_acc_desc': 'Bancorp South Bank', 'subsi_acc_id': 100010001, 'subsi_acc_desc': 'Banks', 'trans_system_id': 146}, {'trans_acc_id': '1000100010004', 'trans_a...",519.01
2026-09-04T21:52:26.014053,list_parties,"SELECT p_code, p_type, company_name, person_name, Email, Phone,        p_account, status FROM acc_party WHERE system_id = %s AND status = 1 ORDER BY p_type, company_name LIMIT %s","[146, 500]",122,"[{'p_code': 2010300629, 'p_type': 'C', 'company_name': '3S', 'person_name': 'Ali', 'Email': None, 'Phone': None, 'p_account': None, 'status': 1}, {'p_code': 2010300639, 'p_type': 'C', 'company_name': '3s(ali)', 'person_name': '3s(ali)', 'Email': None, 'Phone': None, 'p_account': None, 'status': 1}, {'p_code': 2010300642, 'p_type': 'C', 'company_name': 'Acme CORP', 'person_name': 'Acme CORP', 'Email': None, 'Phone': '555-0143', 'p_account': None, 'status': 1}, {'p_code': 2010300637, 'p_type': 'C'...",1238.36
2026-09-04T21:52:29.999726,list_parties,"SELECT p_code, p_type, company_name, person_name, Email, Phone,        p_account, status FROM acc_party WHERE system_id = %s AND status = 1 ORDER BY p_type, company_name LIMIT %s","[146, 500]",122,"[{'p_code': 2010300629, 'p_type': 'C', 'company_name': '3S', 'person_name': 'Ali', 'Email': None, 'Phone': None, 'p_account': None, 'status': 1}, {'p_code': 2010300639, 'p_type': 'C', 'company_name': '3s(ali)', 'person_name': '3s(ali)', 'Email': None, 'Phone': None, 'p_account': None, 'status': 1}, {'p_code': 2010300642, 'p_type': 'C', 'company_name': 'Acme CORP', 'person_name': 'Acme CORP', 'Email': None, 'Phone': '555-0143', 'p_account': None, 'status': 1}, {'p_code': 2010300637, 'p_type': 'C'...",1333.70
2026-09-04T22:51:42.588746,find_party_candidates(Handy Fix LLC),"SELECT p_code, p_type, company_name, person_name, Phone, Email, p_account FROM acc_party WHERE status = 1 AND system_id = %s AND p_type = %s AND (LOWER(TRIM(company_name))=LOWER(TRIM(%s)) OR LOWER(TRIM(person_name))=LOWER(TRIM(%s)))","(146, 'P', 'Handy Fix LLC', 'Handy Fix LLC')",1,"[{'p_code': 2010100001, 'p_type': 'P', 'company_name': 'Handy Fix LLC', 'person_name': 'Handy Fix LLC', 'Phone': None, 'Email': None, 'p_account': None}]",643.28
2026-09-04T22:51:42.798573,find_party_candidates(Handy Fix LLC),"SELECT p_code, p_type, company_name, person_name, Phone, Email, p_account FROM acc_party WHERE status = 1 AND system_id = %s AND p_type = %s AND (company_name LIKE %s OR person_name LIKE %s) LIMIT %s","(146, 'P', 'Handy Fix LLC%', 'Handy Fix LLC%', 50)",2,"[{'p_code': 2010100001, 'p_type': 'P', 'company_name': 'Handy Fix LLC', 'person_name': 'Handy Fix LLC', 'Phone': None, 'Email': None, 'p_account': None}, {'p_code': 2010100003, 'p_type': 'P', 'company_name': 'Handy Fix LLC Ops@handyfix.com', 'person_name': 'Handy Fix LLC Ops@handyfix.com', 'Phone': None, 'Email': None, 'p_account': None}]",209.83
2026-09-04T22:51:43.044260,find_party_candidates(Handy Fix LLC),"SELECT p_code, p_type, company_name, person_name, Phone, Email, p_account FROM acc_party WHERE status = 1 AND system_id = %s AND p_type = %s AND (company_name LIKE %s OR person_name LIKE %s) LIMIT %s","(146, 'P', '%Handy Fix LLC%', '%Handy Fix LLC%', 50)",2,"[{'p_code': 2010100001, 'p_type': 'P', 'company_name': 'Handy Fix LLC', 'person_name': 'Handy Fix LLC', 'Phone': None, 'Email': None, 'p_account': None}, {'p_code': 2010100003, 'p_type': 'P', 'company_name': 'Handy Fix LLC Ops@handyfix.com', 'person_name': 'Handy Fix LLC Ops@handyfix.com', 'Phone': None, 'Email': None, 'p_account': None}]",245.69
2026-09-04T22:51:43.262575,find_party_candidates(Handy Fix LLC),"SELECT p_code, p_type, company_name, person_name, Phone, Email, p_account FROM acc_party WHERE status = 1 AND system_id = %s AND p_type = %s AND (company_name LIKE %s OR person_name LIKE %s) LIMIT %s","(146, 'P', '%Handy%', '%Handy%', 50)",2,"[{'p_code': 2010100001, 'p_type': 'P', 'company_name': 'Handy Fix LLC', 'person_name': 'Handy Fix LLC', 'Phone': None, 'Email': None, 'p_account': None}, {'p_code': 2010100003, 'p_type': 'P', 'company_name': 'Handy Fix LLC Ops@handyfix.com', 'person_name': 'Handy Fix LLC Ops@handyfix.com', 'Phone': None, 'Email': None, 'p_account': None}]",216.32
2026-09-04T23:15:24.472339,get_chart,"SELECT trans_acc_id, trans_acc_desc, subsi_acc_id, subsi_acc_desc, trans_system_id     FROM (SELECT @system_id := %s p) parm, v_trans_accounts_m2     WHERE trans_acc_display = 1     ORDER BY SUBSTRING(trans_acc_id, 1, 1),              SUBSTRING(trans_acc_id, 1, 5),              acc_main_sort, sub_sort, acc_sort, trans_acc_id",[146],220,"[{'trans_acc_id': '1000100010001', 'trans_acc_desc': 'Bank of the west', 'subsi_acc_id': 100010001, 'subsi_acc_desc': 'Banks', 'trans_system_id': 146}, {'trans_acc_id': '1000100010002', 'trans_acc_desc': 'Bank of the Ozarks', 'subsi_acc_id': 100010001, 'subsi_acc_desc': 'Banks', 'trans_system_id': 146}, {'trans_acc_id': '1000100010003', 'trans_acc_desc': 'Bancorp South Bank', 'subsi_acc_id': 100010001, 'subsi_acc_desc': 'Banks', 'trans_system_id': 146}, {'trans_acc_id': '1000100010004', 'trans_a...",398.31
2026-09-04T23:15:27.950339,get_chart,"SELECT trans_acc_id, trans_acc_desc, subsi_acc_id, subsi_acc_desc, trans_system_id     FROM (SELECT @system_id := %s p) parm, v_trans_accounts_m2     WHERE trans_acc_display = 1     ORDER BY SUBSTRING(trans_acc_id, 1, 1),              SUBSTRING(trans_acc_id, 1, 5),              acc_main_sort, sub_sort, acc_sort, trans_acc_id",[146],220,"[{'trans_acc_id': '1000100010001', 'trans_acc_desc': 'Bank of the west', 'subsi_acc_id': 100010001, 'subsi_acc_desc': 'Banks', 'trans_system_id': 146}, {'trans_acc_id': '1000100010002', 'trans_acc_desc': 'Bank of the Ozarks', 'subsi_acc_id': 100010001, 'subsi_acc_desc': 'Banks', 'trans_system_id': 146}, {'trans_acc_id': '1000100010003', 'trans_acc_desc': 'Bancorp South Bank', 'subsi_acc_id': 100010001, 'subsi_acc_desc': 'Banks', 'trans_system_id': 146}, {'trans_acc_id': '1000100010004', 'trans_a...",399.01
2026-09-04T23:15:34.689159,list_parties,"SELECT p_code, p_type, company_name, person_name, Email, Phone,        p_account, status FROM acc_party WHERE system_id = %s AND status = 1 ORDER BY p_type, company_name LIMIT %s","[146, 500]",122,"[{'p_code': 2010300629, 'p_type': 'C', 'company_name': '3S', 'person_name': 'Ali', 'Email': None, 'Phone': None, 'p_account': None, 'status': 1}, {'p_code': 2010300639, 'p_type': 'C', 'company_name': '3s(ali)', 'person_name': '3s(ali)', 'Email': None, 'Phone': None, 'p_account': None, 'status': 1}, {'p_code': 2010300642, 'p_type': 'C', 'company_name': 'Acme CORP', 'person_name': 'Acme CORP', 'Email': None, 'Phone': '555-0143', 'p_account': None, 'status': 1}, {'p_code': 2010300637, 'p_type': 'C'...",794.56
2026-09-04T23:15:37.320081,list_parties,"SELECT p_code, p_type, company_name, person_name, Email, Phone,        p_account, status FROM acc_party WHERE system_id = %s AND status = 1 ORDER BY p_type, company_name LIMIT %s","[146, 500]",122,"[{'p_code': 2010300629, 'p_type': 'C', 'company_name': '3S', 'person_name': 'Ali', 'Email': None, 'Phone': None, 'p_account': None, 'status': 1}, {'p_code': 2010300639, 'p_type': 'C', 'company_name': '3s(ali)', 'person_name': '3s(ali)', 'Email': None, 'Phone': None, 'p_account': None, 'status': 1}, {'p_code': 2010300642, 'p_type': 'C', 'company_name': 'Acme CORP', 'person_name': 'Acme CORP', 'Email': None, 'Phone': '555-0143', 'p_account': None, 'status': 1}, {'p_code': 2010300637, 'p_type': 'C'...",755.71
2026-09-04T23:16:04.638992,get_chart,"SELECT trans_acc_id, trans_acc_desc, subsi_acc_id, subsi_acc_desc, trans_system_id     FROM (SELECT @system_id := %s p) parm, v_trans_accounts_m2     WHERE trans_acc_display = 1     ORDER BY SUBSTRING(trans_acc_id, 1, 1),              SUBSTRING(trans_acc_id, 1, 5),              acc_main_sort, sub_sort, acc_sort, trans_acc_id",[146],221,"[{'trans_acc_id': '1000100010001', 'trans_acc_desc': 'Bank of the west', 'subsi_acc_id': 100010001, 'subsi_acc_desc': 'Banks', 'trans_system_id': 146}, {'trans_acc_id': '1000100010002', 'trans_acc_desc': 'Bank of the Ozarks', 'subsi_acc_id': 100010001, 'subsi_acc_desc': 'Banks', 'trans_system_id': 146}, {'trans_acc_id': '1000100010003', 'trans_acc_desc': 'Bancorp South Bank', 'subsi_acc_id': 100010001, 'subsi_acc_desc': 'Banks', 'trans_system_id': 146}, {'trans_acc_id': '1000100010004', 'trans_a...",428.05
2026-09-04T23:16:10.481786,list_parties,"SELECT p_code, p_type, company_name, person_name, Email, Phone,        p_account, status FROM acc_party WHERE system_id = %s AND status = 1 ORDER BY p_type, company_name LIMIT %s","[146, 500]",122,"[{'p_code': 2010300629, 'p_type': 'C', 'company_name': '3S', 'person_name': 'Ali', 'Email': None, 'Phone': None, 'p_account': None, 'status': 1}, {'p_code': 2010300639, 'p_type': 'C', 'company_name': '3s(ali)', 'person_name': '3s(ali)', 'Email': None, 'Phone': None, 'p_account': None, 'status': 1}, {'p_code': 2010300642, 'p_type': 'C', 'company_name': 'Acme CORP', 'person_name': 'Acme CORP', 'Email': None, 'Phone': '555-0143', 'p_account': None, 'status': 1}, {'p_code': 2010300637, 'p_type': 'C'...",970.51
2026-09-04T23:17:03.195837,find_party_candidates(Handy Fix LLC),"SELECT p_code, p_type, company_name, person_name, Phone, Email, p_account FROM acc_party WHERE status = 1 AND system_id = %s AND p_type = %s AND (LOWER(TRIM(company_name))=LOWER(TRIM(%s)) OR LOWER(TRIM(person_name))=LOWER(TRIM(%s)))","(146, 'C', 'Handy Fix LLC', 'Handy Fix LLC')",0,[],216.86
2026-09-04T23:17:03.412749,find_party_candidates(Handy Fix LLC),"SELECT p_code, p_type, company_name, person_name, Phone, Email, p_account FROM acc_party WHERE status = 1 AND system_id = %s AND p_type = %s AND (company_name LIKE %s OR person_name LIKE %s) LIMIT %s","(146, 'C', 'Handy Fix LLC%', 'Handy Fix LLC%', 50)",0,[],215.91
2026-09-04T23:17:03.629751,find_party_candidates(Handy Fix LLC),"SELECT p_code, p_type, company_name, person_name, Phone, Email, p_account FROM acc_party WHERE status = 1 AND system_id = %s AND p_type = %s AND (company_name LIKE %s OR person_name LIKE %s) LIMIT %s","(146, 'C', '%Handy Fix LLC%', '%Handy Fix LLC%', 50)",0,[],216.00
2026-09-04T23:17:03.846375,find_party_candidates(Handy Fix LLC),"SELECT p_code, p_type, company_name, person_name, Phone, Email, p_account FROM acc_party WHERE status = 1 AND system_id = %s AND p_type = %s AND (company_name LIKE %s OR person_name LIKE %s) LIMIT %s","(146, 'C', '%Handy%', '%Handy%', 50)",0,[],216.62
2026-09-04T23:17:15.034230,find_party_candidates(Handy Fix LLC),"SELECT p_code, p_type, company_name, person_name, Phone, Email, p_account FROM acc_party WHERE status = 1 AND system_id = %s AND p_type = %s AND (LOWER(TRIM(company_name))=LOWER(TRIM(%s)) OR LOWER(TRIM(person_name))=LOWER(TRIM(%s)))","(146, 'C', 'Handy Fix LLC', 'Handy Fix LLC')",0,[],214.54
2026-09-04T23:17:15.250193,find_party_candidates(Handy Fix LLC),"SELECT p_code, p_type, company_name, person_name, Phone, Email, p_account FROM acc_party WHERE status = 1 AND system_id = %s AND p_type = %s AND (company_name LIKE %s OR person_name LIKE %s) LIMIT %s","(146, 'C', 'Handy Fix LLC%', 'Handy Fix LLC%', 50)",0,[],214.88
2026-09-04T23:17:15.476253,find_party_candidates(Handy Fix LLC),"SELECT p_code, p_type, company_name, person_name, Phone, Email, p_account FROM acc_party WHERE status = 1 AND system_id = %s AND p_type = %s AND (company_name LIKE %s OR person_name LIKE %s) LIMIT %s","(146, 'C', '%Handy Fix LLC%', '%Handy Fix LLC%', 50)",0,[],225.10
2026-09-04T23:17:15.704911,find_party_candidates(Handy Fix LLC),"SELECT p_code, p_type, company_name, person_name, Phone, Email, p_account FROM acc_party WHERE status = 1 AND system_id = %s AND p_type = %s AND (company_name LIKE %s OR person_name LIKE %s) LIMIT %s","(146, 'C', '%Handy%', '%Handy%', 50)",0,[],226.58
2026-09-04T23:17:53.968876,within_open_year,SELECT 1 FROM business_year WHERE by_system_id = %s AND (  (financial_year_start <= %s AND %s <= financial_year_end AND financial_year_status = 1)  OR (audit_year_start <= %s AND %s <= audit_year_end AND audit_year_status = 1)) LIMIT 1,"[146, '2026-09-04', '2026-09-04', '2026-09-04', '2026-09-04']",0,[],419.06
2026-09-04T23:17:54.401422,find_party_candidates(Handy Fix LLC),"SELECT p_code, p_type, company_name, person_name, Phone, Email, p_account FROM acc_party WHERE status = 1 AND system_id = %s AND p_type = %s AND (LOWER(TRIM(company_name))=LOWER(TRIM(%s)) OR LOWER(TRIM(person_name))=LOWER(TRIM(%s)))","(146, 'P', 'Handy Fix LLC', 'Handy Fix LLC')",1,"[{'p_code': 2010100001, 'p_type': 'P', 'company_name': 'Handy Fix LLC', 'person_name': 'Handy Fix LLC', 'Phone': None, 'Email': None, 'p_account': None}]",222.58
2026-09-04T23:17:54.623558,find_party_candidates(Handy Fix LLC),"SELECT p_code, p_type, company_name, person_name, Phone, Email, p_account FROM acc_party WHERE status = 1 AND system_id = %s AND p_type = %s AND (company_name LIKE %s OR person_name LIKE %s) LIMIT %s","(146, 'P', 'Handy Fix LLC%', 'Handy Fix LLC%', 200)",2,"[{'p_code': 2010100001, 'p_type': 'P', 'company_name': 'Handy Fix LLC', 'person_name': 'Handy Fix LLC', 'Phone': None, 'Email': None, 'p_account': None}, {'p_code': 2010100003, 'p_type': 'P', 'company_name': 'Handy Fix LLC Ops@handyfix.com', 'person_name': 'Handy Fix LLC Ops@handyfix.com', 'Phone': None, 'Email': None, 'p_account': None}]",221.10
2026-09-04T23:17:54.840287,find_party_candidates(Handy Fix LLC),"SELECT p_code, p_type, company_name, person_name, Phone, Email, p_account FROM acc_party WHERE status = 1 AND system_id = %s AND p_type = %s AND (company_name LIKE %s OR person_name LIKE %s) LIMIT %s","(146, 'P', '%Handy Fix LLC%', '%Handy Fix LLC%', 200)",2,"[{'p_code': 2010100001, 'p_type': 'P', 'company_name': 'Handy Fix LLC', 'person_name': 'Handy Fix LLC', 'Phone': None, 'Email': None, 'p_account': None}, {'p_code': 2010100003, 'p_type': 'P', 'company_name': 'Handy Fix LLC Ops@handyfix.com', 'person_name': 'Handy Fix LLC Ops@handyfix.com', 'Phone': None, 'Email': None, 'p_account': None}]",214.71
2026-09-04T23:17:55.057943,find_party_candidates(Handy Fix LLC),"SELECT p_code, p_type, company_name, person_name, Phone, Email, p_account FROM acc_party WHERE status = 1 AND system_id = %s AND p_type = %s AND (company_name LIKE %s OR person_name LIKE %s) LIMIT %s","(146, 'P', '%Handy%', '%Handy%', 200)",2,"[{'p_code': 2010100001, 'p_type': 'P', 'company_name': 'Handy Fix LLC', 'person_name': 'Handy Fix LLC', 'Phone': None, 'Email': None, 'p_account': None}, {'p_code': 2010100003, 'p_type': 'P', 'company_name': 'Handy Fix LLC Ops@handyfix.com', 'person_name': 'Handy Fix LLC Ops@handyfix.com', 'Phone': None, 'Email': None, 'p_account': None}]",217.66
2026-09-04T23:18:14.712232,within_open_year,SELECT 1 FROM business_year WHERE by_system_id = %s AND (  (financial_year_start <= %s AND %s <= financial_year_end AND financial_year_status = 1)  OR (audit_year_start <= %s AND %s <= audit_year_end AND audit_year_status = 1)) LIMIT 1,"[146, '2026-09-04', '2026-09-04', '2026-09-04', '2026-09-04']",0,[],417.01
2026-09-04T23:18:15.136380,find_party_candidates(Handy Fix LLC),"SELECT p_code, p_type, company_name, person_name, Phone, Email, p_account FROM acc_party WHERE status = 1 AND system_id = %s AND p_type = %s AND (LOWER(TRIM(company_name))=LOWER(TRIM(%s)) OR LOWER(TRIM(person_name))=LOWER(TRIM(%s)))","(146, 'P', 'Handy Fix LLC', 'Handy Fix LLC')",1,"[{'p_code': 2010100001, 'p_type': 'P', 'company_name': 'Handy Fix LLC', 'person_name': 'Handy Fix LLC', 'Phone': None, 'Email': None, 'p_account': None}]",214.91
2026-09-04T23:18:15.351587,find_party_candidates(Handy Fix LLC),"SELECT p_code, p_type, company_name, person_name, Phone, Email, p_account FROM acc_party WHERE status = 1 AND system_id = %s AND p_type = %s AND (company_name LIKE %s OR person_name LIKE %s) LIMIT %s","(146, 'P', 'Handy Fix LLC%', 'Handy Fix LLC%', 200)",2,"[{'p_code': 2010100001, 'p_type': 'P', 'company_name': 'Handy Fix LLC', 'person_name': 'Handy Fix LLC', 'Phone': None, 'Email': None, 'p_account': None}, {'p_code': 2010100003, 'p_type': 'P', 'company_name': 'Handy Fix LLC Ops@handyfix.com', 'person_name': 'Handy Fix LLC Ops@handyfix.com', 'Phone': None, 'Email': None, 'p_account': None}]",213.22
2026-09-04T23:18:15.567457,find_party_candidates(Handy Fix LLC),"SELECT p_code, p_type, company_name, person_name, Phone, Email, p_account FROM acc_party WHERE status = 1 AND system_id = %s AND p_type = %s AND (company_name LIKE %s OR person_name LIKE %s) LIMIT %s","(146, 'P', '%Handy Fix LLC%', '%Handy Fix LLC%', 200)",2,"[{'p_code': 2010100001, 'p_type': 'P', 'company_name': 'Handy Fix LLC', 'person_name': 'Handy Fix LLC', 'Phone': None, 'Email': None, 'p_account': None}, {'p_code': 2010100003, 'p_type': 'P', 'company_name': 'Handy Fix LLC Ops@handyfix.com', 'person_name': 'Handy Fix LLC Ops@handyfix.com', 'Phone': None, 'Email': None, 'p_account': None}]",214.87
2026-09-04T23:18:15.788299,find_party_candidates(Handy Fix LLC),"SELECT p_code, p_type, company_name, person_name, Phone, Email, p_account FROM acc_party WHERE status = 1 AND system_id = %s AND p_type = %s AND (company_name LIKE %s OR person_name LIKE %s) LIMIT %s","(146, 'P', '%Handy%', '%Handy%', 200)",2,"[{'p_code': 2010100001, 'p_type': 'P', 'company_name': 'Handy Fix LLC', 'person_name': 'Handy Fix LLC', 'Phone': None, 'Email': None, 'p_account': None}, {'p_code': 2010100003, 'p_type': 'P', 'company_name': 'Handy Fix LLC Ops@handyfix.com', 'person_name': 'Handy Fix LLC Ops@handyfix.com', 'Phone': None, 'Email': None, 'p_account': None}]",220.84
2026-09-04T23:18:26.075267,within_open_year,SELECT 1 FROM business_year WHERE by_system_id = %s AND (  (financial_year_start <= %s AND %s <= financial_year_end AND financial_year_status = 1)  OR (audit_year_start <= %s AND %s <= audit_year_end AND audit_year_status = 1)) LIMIT 1,"[146, '2026-09-04', '2026-09-04', '2026-09-04', '2026-09-04']",0,[],430.87
2026-09-04T23:18:26.493299,commit_voucher.party,"SELECT p_code, p_type, company_name, person_name FROM acc_party WHERE p_code = %s AND system_id = %s LIMIT 1","['2010100001', 146]",1,"[{'p_code': 2010100001, 'p_type': 'P', 'company_name': 'Handy Fix LLC', 'person_name': 'Handy Fix LLC'}]",418.03
2026-09-04T23:19:05.913005,within_open_year,SELECT 1 FROM business_year WHERE by_system_id = %s AND (  (financial_year_start <= %s AND %s <= financial_year_end AND financial_year_status = 1)  OR (audit_year_start <= %s AND %s <= audit_year_end AND audit_year_status = 1)) LIMIT 1,"[146, '2026-09-04', '2026-09-04', '2026-09-04', '2026-09-04']",0,[],540.52
2026-09-04T23:19:06.346328,find_party_candidates(Handy Fix LLC),"SELECT p_code, p_type, company_name, person_name, Phone, Email, p_account FROM acc_party WHERE status = 1 AND system_id = %s AND p_type = %s AND (LOWER(TRIM(company_name))=LOWER(TRIM(%s)) OR LOWER(TRIM(person_name))=LOWER(TRIM(%s)))","(146, 'P', 'Handy Fix LLC', 'Handy Fix LLC')",1,"[{'p_code': 2010100001, 'p_type': 'P', 'company_name': 'Handy Fix LLC', 'person_name': 'Handy Fix LLC', 'Phone': None, 'Email': None, 'p_account': None}]",218.81
2026-09-04T23:19:06.567578,find_party_candidates(Handy Fix LLC),"SELECT p_code, p_type, company_name, person_name, Phone, Email, p_account FROM acc_party WHERE status = 1 AND system_id = %s AND p_type = %s AND (company_name LIKE %s OR person_name LIKE %s) LIMIT %s","(146, 'P', 'Handy Fix LLC%', 'Handy Fix LLC%', 200)",2,"[{'p_code': 2010100001, 'p_type': 'P', 'company_name': 'Handy Fix LLC', 'person_name': 'Handy Fix LLC', 'Phone': None, 'Email': None, 'p_account': None}, {'p_code': 2010100003, 'p_type': 'P', 'company_name': 'Handy Fix LLC Ops@handyfix.com', 'person_name': 'Handy Fix LLC Ops@handyfix.com', 'Phone': None, 'Email': None, 'p_account': None}]",220.25
2026-09-04T23:19:06.806635,find_party_candidates(Handy Fix LLC),"SELECT p_code, p_type, company_name, person_name, Phone, Email, p_account FROM acc_party WHERE status = 1 AND system_id = %s AND p_type = %s AND (company_name LIKE %s OR person_name LIKE %s) LIMIT %s","(146, 'P', '%Handy Fix LLC%', '%Handy Fix LLC%', 200)",2,"[{'p_code': 2010100001, 'p_type': 'P', 'company_name': 'Handy Fix LLC', 'person_name': 'Handy Fix LLC', 'Phone': None, 'Email': None, 'p_account': None}, {'p_code': 2010100003, 'p_type': 'P', 'company_name': 'Handy Fix LLC Ops@handyfix.com', 'person_name': 'Handy Fix LLC Ops@handyfix.com', 'Phone': None, 'Email': None, 'p_account': None}]",239.06
2026-09-04T23:19:07.022991,find_party_candidates(Handy Fix LLC),"SELECT p_code, p_type, company_name, person_name, Phone, Email, p_account FROM acc_party WHERE status = 1 AND system_id = %s AND p_type = %s AND (company_name LIKE %s OR person_name LIKE %s) LIMIT %s","(146, 'P', '%Handy%', '%Handy%', 200)",2,"[{'p_code': 2010100001, 'p_type': 'P', 'company_name': 'Handy Fix LLC', 'person_name': 'Handy Fix LLC', 'Phone': None, 'Email': None, 'p_account': None}, {'p_code': 2010100003, 'p_type': 'P', 'company_name': 'Handy Fix LLC Ops@handyfix.com', 'person_name': 'Handy Fix LLC Ops@handyfix.com', 'Phone': None, 'Email': None, 'p_account': None}]",216.36
2026-09-04T23:19:24.286177,within_open_year,SELECT 1 FROM business_year WHERE by_system_id = %s AND (  (financial_year_start <= %s AND %s <= financial_year_end AND financial_year_status = 1)  OR (audit_year_start <= %s AND %s <= audit_year_end AND audit_year_status = 1)) LIMIT 1,"[146, '2026-09-01', '2026-09-01', '2026-09-01', '2026-09-01']",0,[],418.62
2026-09-04T23:19:24.709171,commit_voucher.party,"SELECT p_code, p_type, company_name, person_name FROM acc_party WHERE p_code = %s AND system_id = %s LIMIT 1","['2010300098', 146]",1,"[{'p_code': 2010300098, 'p_type': 'O', 'company_name': 'Demo Company 2010300098', 'person_name': 'Demo Person 2010300098'}]",422.00
2026-09-04T23:20:06.285474,within_open_year,SELECT 1 FROM business_year WHERE by_system_id = %s AND (  (financial_year_start <= %s AND %s <= financial_year_end AND financial_year_status = 1)  OR (audit_year_start <= %s AND %s <= audit_year_end AND audit_year_status = 1)) LIMIT 1,"[146, '2026-09-04', '2026-09-04', '2026-09-04', '2026-09-04']",0,[],824.00
2026-09-04T23:20:06.676329,find_party_candidates(Handy Fix LLC),"SELECT p_code, p_type, company_name, person_name, Phone, Email, p_account FROM acc_party WHERE status = 1 AND system_id = %s AND p_type = %s AND (LOWER(TRIM(company_name))=LOWER(TRIM(%s)) OR LOWER(TRIM(person_name))=LOWER(TRIM(%s)))","(146, 'P', 'Handy Fix LLC', 'Handy Fix LLC')",1,"[{'p_code': 2010100001, 'p_type': 'P', 'company_name': 'Handy Fix LLC', 'person_name': 'Handy Fix LLC', 'Phone': None, 'Email': None, 'p_account': None}]",197.44
2026-09-04T23:20:06.877200,find_party_candidates(Handy Fix LLC),"SELECT p_code, p_type, company_name, person_name, Phone, Email, p_account FROM acc_party WHERE status = 1 AND system_id = %s AND p_type = %s AND (company_name LIKE %s OR person_name LIKE %s) LIMIT %s","(146, 'P', 'Handy Fix LLC%', 'Handy Fix LLC%', 200)",2,"[{'p_code': 2010100001, 'p_type': 'P', 'company_name': 'Handy Fix LLC', 'person_name': 'Handy Fix LLC', 'Phone': None, 'Email': None, 'p_account': None}, {'p_code': 2010100003, 'p_type': 'P', 'company_name': 'Handy Fix LLC Ops@handyfix.com', 'person_name': 'Handy Fix LLC Ops@handyfix.com', 'Phone': None, 'Email': None, 'p_account': None}]",198.80
2026-09-04T23:20:07.077801,find_party_candidates(Handy Fix LLC),"SELECT p_code, p_type, company_name, person_name, Phone, Email, p_account FROM acc_party WHERE status = 1 AND system_id = %s AND p_type = %s AND (company_name LIKE %s OR person_name LIKE %s) LIMIT %s","(146, 'P', '%Handy Fix LLC%', '%Handy Fix LLC%', 200)",2,"[{'p_code': 2010100001, 'p_type': 'P', 'company_name': 'Handy Fix LLC', 'person_name': 'Handy Fix LLC', 'Phone': None, 'Email': None, 'p_account': None}, {'p_code': 2010100003, 'p_type': 'P', 'company_name': 'Handy Fix LLC Ops@handyfix.com', 'person_name': 'Handy Fix LLC Ops@handyfix.com', 'Phone': None, 'Email': None, 'p_account': None}]",198.60
2026-09-04T23:20:07.281350,find_party_candidates(Handy Fix LLC),"SELECT p_code, p_type, company_name, person_name, Phone, Email, p_account FROM acc_party WHERE status = 1 AND system_id = %s AND p_type = %s AND (company_name LIKE %s OR person_name LIKE %s) LIMIT %s","(146, 'P', '%Handy%', '%Handy%', 200)",2,"[{'p_code': 2010100001, 'p_type': 'P', 'company_name': 'Handy Fix LLC', 'person_name': 'Handy Fix LLC', 'Phone': None, 'Email': None, 'p_account': None}, {'p_code': 2010100003, 'p_type': 'P', 'company_name': 'Handy Fix LLC Ops@handyfix.com', 'person_name': 'Handy Fix LLC Ops@handyfix.com', 'Phone': None, 'Email': None, 'p_account': None}]",203.55
2026-09-04T23:20:08.098718,get_chart,"SELECT trans_acc_id, trans_acc_desc, subsi_acc_id, subsi_acc_desc, trans_system_id     FROM (SELECT @system_id := %s p) parm, v_trans_accounts_m2     WHERE trans_acc_display = 1     ORDER BY SUBSTRING(trans_acc_id, 1, 1),              SUBSTRING(trans_acc_id, 1, 5),              acc_main_sort, sub_sort, acc_sort, trans_acc_id",[146],221,"[{'trans_acc_id': '1000100010001', 'trans_acc_desc': 'Bank of the west', 'subsi_acc_id': 100010001, 'subsi_acc_desc': 'Banks', 'trans_system_id': 146}, {'trans_acc_id': '1000100010002', 'trans_acc_desc': 'Bank of the Ozarks', 'subsi_acc_id': 100010001, 'subsi_acc_desc': 'Banks', 'trans_system_id': 146}, {'trans_acc_id': '1000100010003', 'trans_acc_desc': 'Bancorp South Bank', 'subsi_acc_id': 100010001, 'subsi_acc_desc': 'Banks', 'trans_system_id': 146}, {'trans_acc_id': '1000100010004', 'trans_a...",416.37
2026-09-04T23:20:11.383559,within_open_year,SELECT 1 FROM business_year WHERE by_system_id = %s AND (  (financial_year_start <= %s AND %s <= financial_year_end AND financial_year_status = 1)  OR (audit_year_start <= %s AND %s <= audit_year_end AND audit_year_status = 1)) LIMIT 1,"[146, '2026-09-04', '2026-09-04', '2026-09-04', '2026-09-04']",0,[],386.47
2026-09-04T23:20:11.783664,commit_voucher.party,"SELECT p_code, p_type, company_name, person_name FROM acc_party WHERE p_code = %s AND system_id = %s LIMIT 1","['2010100001', 146]",1,"[{'p_code': 2010100001, 'p_type': 'P', 'company_name': 'Handy Fix LLC', 'person_name': 'Handy Fix LLC'}]",400.10
2026-09-04T23:21:07.389356,within_open_year,SELECT 1 FROM business_year WHERE by_system_id = %s AND (  (financial_year_start <= %s AND %s <= financial_year_end AND financial_year_status = 1)  OR (audit_year_start <= %s AND %s <= audit_year_end AND audit_year_status = 1)) LIMIT 1,"[146, '2026-09-04', '2026-09-04', '2026-09-04', '2026-09-04']",0,[],400.49
2026-09-04T23:21:07.790935,commit_voucher.party,"SELECT p_code, p_type, company_name, person_name FROM acc_party WHERE p_code = %s AND system_id = %s LIMIT 1","['2010300639', 146]",1,"[{'p_code': 2010300639, 'p_type': 'C', 'company_name': '3s(ali)', 'person_name': '3s(ali)'}]",401.58
2026-09-04T23:21:10.603560,insert_voucher(261203000166),INSERT CRV,"[261203000166, '2010300639', '100045001', '3000100010002', 550.0]",1,['COMMIT OK'],2225.10
2026-09-04T23:21:53.444050,within_open_year,SELECT 1 FROM business_year WHERE by_system_id = %s AND (  (financial_year_start <= %s AND %s <= financial_year_end AND financial_year_status = 1)  OR (audit_year_start <= %s AND %s <= audit_year_end AND audit_year_status = 1)) LIMIT 1,"[146, '2026-09-04', '2026-09-04', '2026-09-04', '2026-09-04']",0,[],830.19
2026-09-04T23:21:53.854303,find_party_candidates(Handy Fix LLC),"SELECT p_code, p_type, company_name, person_name, Phone, Email, p_account FROM acc_party WHERE status = 1 AND system_id = %s AND p_type = %s AND (LOWER(TRIM(company_name))=LOWER(TRIM(%s)) OR LOWER(TRIM(person_name))=LOWER(TRIM(%s)))","(146, 'P', 'Handy Fix LLC', 'Handy Fix LLC')",1,"[{'p_code': 2010100001, 'p_type': 'P', 'company_name': 'Handy Fix LLC', 'person_name': 'Handy Fix LLC', 'Phone': None, 'Email': None, 'p_account': None}]",209.21
2026-09-04T23:21:54.068974,find_party_candidates(Handy Fix LLC),"SELECT p_code, p_type, company_name, person_name, Phone, Email, p_account FROM acc_party WHERE status = 1 AND system_id = %s AND p_type = %s AND (company_name LIKE %s OR person_name LIKE %s) LIMIT %s","(146, 'P', 'Handy Fix LLC%', 'Handy Fix LLC%', 200)",2,"[{'p_code': 2010100001, 'p_type': 'P', 'company_name': 'Handy Fix LLC', 'person_name': 'Handy Fix LLC', 'Phone': None, 'Email': None, 'p_account': None}, {'p_code': 2010100003, 'p_type': 'P', 'company_name': 'Handy Fix LLC Ops@handyfix.com', 'person_name': 'Handy Fix LLC Ops@handyfix.com', 'Phone': None, 'Email': None, 'p_account': None}]",213.66
2026-09-04T23:21:54.287789,find_party_candidates(Handy Fix LLC),"SELECT p_code, p_type, company_name, person_name, Phone, Email, p_account FROM acc_party WHERE status = 1 AND system_id = %s AND p_type = %s AND (company_name LIKE %s OR person_name LIKE %s) LIMIT %s","(146, 'P', '%Handy Fix LLC%', '%Handy Fix LLC%', 200)",2,"[{'p_code': 2010100001, 'p_type': 'P', 'company_name': 'Handy Fix LLC', 'person_name': 'Handy Fix LLC', 'Phone': None, 'Email': None, 'p_account': None}, {'p_code': 2010100003, 'p_type': 'P', 'company_name': 'Handy Fix LLC Ops@handyfix.com', 'person_name': 'Handy Fix LLC Ops@handyfix.com', 'Phone': None, 'Email': None, 'p_account': None}]",216.79
2026-09-04T23:21:54.510114,find_party_candidates(Handy Fix LLC),"SELECT p_code, p_type, company_name, person_name, Phone, Email, p_account FROM acc_party WHERE status = 1 AND system_id = %s AND p_type = %s AND (company_name LIKE %s OR person_name LIKE %s) LIMIT %s","(146, 'P', '%Handy%', '%Handy%', 200)",2,"[{'p_code': 2010100001, 'p_type': 'P', 'company_name': 'Handy Fix LLC', 'person_name': 'Handy Fix LLC', 'Phone': None, 'Email': None, 'p_account': None}, {'p_code': 2010100003, 'p_type': 'P', 'company_name': 'Handy Fix LLC Ops@handyfix.com', 'person_name': 'Handy Fix LLC Ops@handyfix.com', 'Phone': None, 'Email': None, 'p_account': None}]",222.32
2026-09-04T23:21:55.386641,get_chart,"SELECT trans_acc_id, trans_acc_desc, subsi_acc_id, subsi_acc_desc, trans_system_id     FROM (SELECT @system_id := %s p) parm, v_trans_accounts_m2     WHERE trans_acc_display = 1     ORDER BY SUBSTRING(trans_acc_id, 1, 1),              SUBSTRING(trans_acc_id, 1, 5),              acc_main_sort, sub_sort, acc_sort, trans_acc_id",[146],221,"[{'trans_acc_id': '1000100010001', 'trans_acc_desc': 'Bank of the west', 'subsi_acc_id': 100010001, 'subsi_acc_desc': 'Banks', 'trans_system_id': 146}, {'trans_acc_id': '1000100010002', 'trans_acc_desc': 'Bank of the Ozarks', 'subsi_acc_id': 100010001, 'subsi_acc_desc': 'Banks', 'trans_system_id': 146}, {'trans_acc_id': '1000100010003', 'trans_acc_desc': 'Bancorp South Bank', 'subsi_acc_id': 100010001, 'subsi_acc_desc': 'Banks', 'trans_system_id': 146}, {'trans_acc_id': '1000100010004', 'trans_a...",452.15
2026-09-04T23:22:12.759335,within_open_year,SELECT 1 FROM business_year WHERE by_system_id = %s AND (  (financial_year_start <= %s AND %s <= financial_year_end AND financial_year_status = 1)  OR (audit_year_start <= %s AND %s <= audit_year_end AND audit_year_status = 1)) LIMIT 1,"[146, '2026-09-04', '2026-09-04', '2026-09-04', '2026-09-04']",0,[],426.22
2026-09-04T23:22:13.224656,commit_voucher.party,"SELECT p_code, p_type, company_name, person_name FROM acc_party WHERE p_code = %s AND system_id = %s LIMIT 1","['2010100002', 146]",1,"[{'p_code': 2010100002, 'p_type': 'P', 'company_name': 'Example123 Example123@gmail.com', 'person_name': 'Example123 Example123@gmail.com'}]",464.29
2026-09-04T23:22:50.521200,within_open_year,SELECT 1 FROM business_year WHERE by_system_id = %s AND (  (financial_year_start <= %s AND %s <= financial_year_end AND financial_year_status = 1)  OR (audit_year_start <= %s AND %s <= audit_year_end AND audit_year_status = 1)) LIMIT 1,"[146, '2026-09-03', '2026-09-03', '2026-09-03', '2026-09-03']",0,[],410.76
2026-09-04T23:22:50.925787,commit_voucher.party,"SELECT p_code, p_type, company_name, person_name FROM acc_party WHERE p_code = %s AND system_id = %s LIMIT 1","['2010100002', 146]",1,"[{'p_code': 2010100002, 'p_type': 'P', 'company_name': 'Example123 Example123@gmail.com', 'person_name': 'Example123 Example123@gmail.com'}]",402.64
2026-09-04T23:23:53.618992,within_open_year,SELECT 1 FROM business_year WHERE by_system_id = %s AND (  (financial_year_start <= %s AND %s <= financial_year_end AND financial_year_status = 1)  OR (audit_year_start <= %s AND %s <= audit_year_end AND audit_year_status = 1)) LIMIT 1,"[146, '2026-09-04', '2026-09-04', '2026-09-04', '2026-09-04']",0,[],755.85
2026-09-04T23:23:54.047015,find_party_candidates(Handy Fix LLC),"SELECT p_code, p_type, company_name, person_name, Phone, Email, p_account FROM acc_party WHERE status = 1 AND system_id = %s AND p_type = %s AND (LOWER(TRIM(company_name))=LOWER(TRIM(%s)) OR LOWER(TRIM(person_name))=LOWER(TRIM(%s)))","(146, 'P', 'Handy Fix LLC', 'Handy Fix LLC')",1,"[{'p_code': 2010100001, 'p_type': 'P', 'company_name': 'Handy Fix LLC', 'person_name': 'Handy Fix LLC', 'Phone': None, 'Email': None, 'p_account': None}]",240.17
2026-09-04T23:23:54.262915,find_party_candidates(Handy Fix LLC),"SELECT p_code, p_type, company_name, person_name, Phone, Email, p_account FROM acc_party WHERE status = 1 AND system_id = %s AND p_type = %s AND (company_name LIKE %s OR person_name LIKE %s) LIMIT %s","(146, 'P', 'Handy Fix LLC%', 'Handy Fix LLC%', 200)",2,"[{'p_code': 2010100001, 'p_type': 'P', 'company_name': 'Handy Fix LLC', 'person_name': 'Handy Fix LLC', 'Phone': None, 'Email': None, 'p_account': None}, {'p_code': 2010100003, 'p_type': 'P', 'company_name': 'Handy Fix LLC Ops@handyfix.com', 'person_name': 'Handy Fix LLC Ops@handyfix.com', 'Phone': None, 'Email': None, 'p_account': None}]",214.90
2026-09-04T23:23:54.463791,find_party_candidates(Handy Fix LLC),"SELECT p_code, p_type, company_name, person_name, Phone, Email, p_account FROM acc_party WHERE status = 1 AND system_id = %s AND p_type = %s AND (company_name LIKE %s OR person_name LIKE %s) LIMIT %s","(146, 'P', '%Handy Fix LLC%', '%Handy Fix LLC%', 200)",2,"[{'p_code': 2010100001, 'p_type': 'P', 'company_name': 'Handy Fix LLC', 'person_name': 'Handy Fix LLC', 'Phone': None, 'Email': None, 'p_account': None}, {'p_code': 2010100003, 'p_type': 'P', 'company_name': 'Handy Fix LLC Ops@handyfix.com', 'person_name': 'Handy Fix LLC Ops@handyfix.com', 'Phone': None, 'Email': None, 'p_account': None}]",199.86
2026-09-04T23:23:54.660390,find_party_candidates(Handy Fix LLC),"SELECT p_code, p_type, company_name, person_name, Phone, Email, p_account FROM acc_party WHERE status = 1 AND system_id = %s AND p_type = %s AND (company_name LIKE %s OR person_name LIKE %s) LIMIT %s","(146, 'P', '%Handy%', '%Handy%', 200)",2,"[{'p_code': 2010100001, 'p_type': 'P', 'company_name': 'Handy Fix LLC', 'person_name': 'Handy Fix LLC', 'Phone': None, 'Email': None, 'p_account': None}, {'p_code': 2010100003, 'p_type': 'P', 'company_name': 'Handy Fix LLC Ops@handyfix.com', 'person_name': 'Handy Fix LLC Ops@handyfix.com', 'Phone': None, 'Email': None, 'p_account': None}]",195.60
2026-09-04T23:23:55.444121,get_chart,"SELECT trans_acc_id, trans_acc_desc, subsi_acc_id, subsi_acc_desc, trans_system_id     FROM (SELECT @system_id := %s p) parm, v_trans_accounts_m2     WHERE trans_acc_display = 1     ORDER BY SUBSTRING(trans_acc_id, 1, 1),              SUBSTRING(trans_acc_id, 1, 5),              acc_main_sort, sub_sort, acc_sort, trans_acc_id",[146],221,"[{'trans_acc_id': '1000100010001', 'trans_acc_desc': 'Bank of the west', 'subsi_acc_id': 100010001, 'subsi_acc_desc': 'Banks', 'trans_system_id': 146}, {'trans_acc_id': '1000100010002', 'trans_acc_desc': 'Bank of the Ozarks', 'subsi_acc_id': 100010001, 'subsi_acc_desc': 'Banks', 'trans_system_id': 146}, {'trans_acc_id': '1000100010003', 'trans_acc_desc': 'Bancorp South Bank', 'subsi_acc_id': 100010001, 'subsi_acc_desc': 'Banks', 'trans_system_id': 146}, {'trans_acc_id': '1000100010004', 'trans_a...",404.17
2026-09-04T23:23:59.333640,within_open_year,SELECT 1 FROM business_year WHERE by_system_id = %s AND (  (financial_year_start <= %s AND %s <= financial_year_end AND financial_year_status = 1)  OR (audit_year_start <= %s AND %s <= audit_year_end AND audit_year_status = 1)) LIMIT 1,"[146, '2026-09-04', '2026-09-04', '2026-09-04', '2026-09-04']",0,[],372.39
2026-09-04T23:23:59.706531,commit_voucher.party,"SELECT p_code, p_type, company_name, person_name FROM acc_party WHERE p_code = %s AND system_id = %s LIMIT 1","['2010100001', 146]",1,"[{'p_code': 2010100001, 'p_type': 'P', 'company_name': 'Handy Fix LLC', 'person_name': 'Handy Fix LLC'}]",371.89
2026-09-04T23:24:43.915719,get_chart,"SELECT trans_acc_id, trans_acc_desc, subsi_acc_id, subsi_acc_desc, trans_system_id     FROM (SELECT @system_id := %s p) parm, v_trans_accounts_m2     WHERE trans_acc_display = 1     ORDER BY SUBSTRING(trans_acc_id, 1, 1),              SUBSTRING(trans_acc_id, 1, 5),              acc_main_sort, sub_sort, acc_sort, trans_acc_id",[146],221,"[{'trans_acc_id': '1000100010001', 'trans_acc_desc': 'Bank of the west', 'subsi_acc_id': 100010001, 'subsi_acc_desc': 'Banks', 'trans_system_id': 146}, {'trans_acc_id': '1000100010002', 'trans_acc_desc': 'Bank of the Ozarks', 'subsi_acc_id': 100010001, 'subsi_acc_desc': 'Banks', 'trans_system_id': 146}, {'trans_acc_id': '1000100010003', 'trans_acc_desc': 'Bancorp South Bank', 'subsi_acc_id': 100010001, 'subsi_acc_desc': 'Banks', 'trans_system_id': 146}, {'trans_acc_id': '1000100010004', 'trans_a...",4547.28
2026-09-04T23:25:06.275409,within_open_year,SELECT 1 FROM business_year WHERE by_system_id = %s AND (  (financial_year_start <= %s AND %s <= financial_year_end AND financial_year_status = 1)  OR (audit_year_start <= %s AND %s <= audit_year_end AND audit_year_status = 1)) LIMIT 1,"[146, '2026-09-04', '2026-09-04', '2026-09-04', '2026-09-04']",0,[],787.00
2026-09-04T23:25:06.673420,find_party_candidates(Handy Fix LLC),"SELECT p_code, p_type, company_name, person_name, Phone, Email, p_account FROM acc_party WHERE status = 1 AND system_id = %s AND p_type = %s AND (LOWER(TRIM(company_name))=LOWER(TRIM(%s)) OR LOWER(TRIM(person_name))=LOWER(TRIM(%s)))","(146, 'P', 'Handy Fix LLC', 'Handy Fix LLC')",1,"[{'p_code': 2010100001, 'p_type': 'P', 'company_name': 'Handy Fix LLC', 'person_name': 'Handy Fix LLC', 'Phone': None, 'Email': None, 'p_account': None}]",205.01
2026-09-04T23:25:06.875410,find_party_candidates(Handy Fix LLC),"SELECT p_code, p_type, company_name, person_name, Phone, Email, p_account FROM acc_party WHERE status = 1 AND system_id = %s AND p_type = %s AND (company_name LIKE %s OR person_name LIKE %s) LIMIT %s","(146, 'P', 'Handy Fix LLC%', 'Handy Fix LLC%', 200)",2,"[{'p_code': 2010100001, 'p_type': 'P', 'company_name': 'Handy Fix LLC', 'person_name': 'Handy Fix LLC', 'Phone': None, 'Email': None, 'p_account': None}, {'p_code': 2010100003, 'p_type': 'P', 'company_name': 'Handy Fix LLC Ops@handyfix.com', 'person_name': 'Handy Fix LLC Ops@handyfix.com', 'Phone': None, 'Email': None, 'p_account': None}]",199.00
2026-09-04T23:25:07.105408,find_party_candidates(Handy Fix LLC),"SELECT p_code, p_type, company_name, person_name, Phone, Email, p_account FROM acc_party WHERE status = 1 AND system_id = %s AND p_type = %s AND (company_name LIKE %s OR person_name LIKE %s) LIMIT %s","(146, 'P', '%Handy Fix LLC%', '%Handy Fix LLC%', 200)",2,"[{'p_code': 2010100001, 'p_type': 'P', 'company_name': 'Handy Fix LLC', 'person_name': 'Handy Fix LLC', 'Phone': None, 'Email': None, 'p_account': None}, {'p_code': 2010100003, 'p_type': 'P', 'company_name': 'Handy Fix LLC Ops@handyfix.com', 'person_name': 'Handy Fix LLC Ops@handyfix.com', 'Phone': None, 'Email': None, 'p_account': None}]",229.00
2026-09-04T23:25:07.306413,find_party_candidates(Handy Fix LLC),"SELECT p_code, p_type, company_name, person_name, Phone, Email, p_account FROM acc_party WHERE status = 1 AND system_id = %s AND p_type = %s AND (company_name LIKE %s OR person_name LIKE %s) LIMIT %s","(146, 'P', '%Handy%', '%Handy%', 200)",2,"[{'p_code': 2010100001, 'p_type': 'P', 'company_name': 'Handy Fix LLC', 'person_name': 'Handy Fix LLC', 'Phone': None, 'Email': None, 'p_account': None}, {'p_code': 2010100003, 'p_type': 'P', 'company_name': 'Handy Fix LLC Ops@handyfix.com', 'person_name': 'Handy Fix LLC Ops@handyfix.com', 'Phone': None, 'Email': None, 'p_account': None}]",199.00
2026-09-04T23:25:08.118410,get_chart,"SELECT trans_acc_id, trans_acc_desc, subsi_acc_id, subsi_acc_desc, trans_system_id     FROM (SELECT @system_id := %s p) parm, v_trans_accounts_m2     WHERE trans_acc_display = 1     ORDER BY SUBSTRING(trans_acc_id, 1, 1),              SUBSTRING(trans_acc_id, 1, 5),              acc_main_sort, sub_sort, acc_sort, trans_acc_id",[146],221,"[{'trans_acc_id': '1000100010001', 'trans_acc_desc': 'Bank of the west', 'subsi_acc_id': 100010001, 'subsi_acc_desc': 'Banks', 'trans_system_id': 146}, {'trans_acc_id': '1000100010002', 'trans_acc_desc': 'Bank of the Ozarks', 'subsi_acc_id': 100010001, 'subsi_acc_desc': 'Banks', 'trans_system_id': 146}, {'trans_acc_id': '1000100010003', 'trans_acc_desc': 'Bancorp South Bank', 'subsi_acc_id': 100010001, 'subsi_acc_desc': 'Banks', 'trans_system_id': 146}, {'trans_acc_id': '1000100010004', 'trans_a...",423.00
2026-09-04T23:25:12.413412,within_open_year,SELECT 1 FROM business_year WHERE by_system_id = %s AND (  (financial_year_start <= %s AND %s <= financial_year_end AND financial_year_status = 1)  OR (audit_year_start <= %s AND %s <= audit_year_end AND audit_year_status = 1)) LIMIT 1,"[146, '2026-09-04', '2026-09-04', '2026-09-04', '2026-09-04']",0,[],416.99
2026-09-04T23:25:12.835408,commit_voucher.party,"SELECT p_code, p_type, company_name, person_name FROM acc_party WHERE p_code = %s AND system_id = %s LIMIT 1","['2010100001', 146]",1,"[{'p_code': 2010100001, 'p_type': 'P', 'company_name': 'Handy Fix LLC', 'person_name': 'Handy Fix LLC'}]",421.00
2026-09-07T18:35:44.747389,get_chart,"SELECT trans_acc_id, trans_acc_desc, subsi_acc_id, subsi_acc_desc, trans_system_id     FROM (SELECT @system_id := %s p) parm, v_trans_accounts_m2     WHERE trans_acc_display = 1     ORDER BY SUBSTRING(trans_acc_id, 1, 1),              SUBSTRING(trans_acc_id, 1, 5),              acc_main_sort, sub_sort, acc_sort, trans_acc_id",[146],221,"[{'trans_acc_id': '1000100010001', 'trans_acc_desc': 'Bank of the west', 'subsi_acc_id': 100010001, 'subsi_acc_desc': 'Banks', 'trans_system_id': 146}, {'trans_acc_id': '1000100010002', 'trans_acc_desc': 'Bank of the Ozarks', 'subsi_acc_id': 100010001, 'subsi_acc_desc': 'Banks', 'trans_system_id': 146}, {'trans_acc_id': '1000100010003', 'trans_acc_desc': 'Bancorp South Bank', 'subsi_acc_id': 100010001, 'subsi_acc_desc': 'Banks', 'trans_system_id': 146}, {'trans_acc_id': '1000100010004', 'trans_a...",404.88
2026-09-07T18:35:49.501687,get_chart,"SELECT trans_acc_id, trans_acc_desc, subsi_acc_id, subsi_acc_desc, trans_system_id     FROM (SELECT @system_id := %s p) parm, v_trans_accounts_m2     WHERE trans_acc_display = 1     ORDER BY SUBSTRING(trans_acc_id, 1, 1),              SUBSTRING(trans_acc_id, 1, 5),              acc_main_sort, sub_sort, acc_sort, trans_acc_id",[146],221,"[{'trans_acc_id': '1000100010001', 'trans_acc_desc': 'Bank of the west', 'subsi_acc_id': 100010001, 'subsi_acc_desc': 'Banks', 'trans_system_id': 146}, {'trans_acc_id': '1000100010002', 'trans_acc_desc': 'Bank of the Ozarks', 'subsi_acc_id': 100010001, 'subsi_acc_desc': 'Banks', 'trans_system_id': 146}, {'trans_acc_id': '1000100010003', 'trans_acc_desc': 'Bancorp South Bank', 'subsi_acc_id': 100010001, 'subsi_acc_desc': 'Banks', 'trans_system_id': 146}, {'trans_acc_id': '1000100010004', 'trans_a...",517.12
2026-09-07T18:35:58.523273,list_parties,"SELECT p_code, p_type, company_name, person_name, Email, Phone,        p_account, status FROM acc_party WHERE system_id = %s AND status = 1 ORDER BY p_type, company_name LIMIT %s","[146, 500]",123,"[{'p_code': 2010300629, 'p_type': 'C', 'company_name': '3S', 'person_name': 'Ali', 'Email': None, 'Phone': None, 'p_account': None, 'status': 1}, {'p_code': 2010300639, 'p_type': 'C', 'company_name': '3s(ali)', 'person_name': '3s(ali)', 'Email': None, 'Phone': None, 'p_account': None, 'status': 1}, {'p_code': 2010300642, 'p_type': 'C', 'company_name': 'Acme CORP', 'person_name': 'Acme CORP', 'Email': None, 'Phone': '555-0143', 'p_account': None, 'status': 1}, {'p_code': 2010300637, 'p_type': 'C'...",917.26
2026-09-07T18:36:01.997231,list_parties,"SELECT p_code, p_type, company_name, person_name, Email, Phone,        p_account, status FROM acc_party WHERE system_id = %s AND status = 1 ORDER BY p_type, company_name LIMIT %s","[146, 500]",123,"[{'p_code': 2010300629, 'p_type': 'C', 'company_name': '3S', 'person_name': 'Ali', 'Email': None, 'Phone': None, 'p_account': None, 'status': 1}, {'p_code': 2010300639, 'p_type': 'C', 'company_name': '3s(ali)', 'person_name': '3s(ali)', 'Email': None, 'Phone': None, 'p_account': None, 'status': 1}, {'p_code': 2010300642, 'p_type': 'C', 'company_name': 'Acme CORP', 'person_name': 'Acme CORP', 'Email': None, 'Phone': '555-0143', 'p_account': None, 'status': 1}, {'p_code': 2010300637, 'p_type': 'C'...",1030.41
2026-09-07T18:54:44.207151,get_chart,"SELECT trans_acc_id, trans_acc_desc, subsi_acc_id, subsi_acc_desc, trans_system_id     FROM (SELECT @system_id := %s p) parm, v_trans_accounts_m2     WHERE trans_acc_display = 1     ORDER BY SUBSTRING(trans_acc_id, 1, 1),              SUBSTRING(trans_acc_id, 1, 5),              acc_main_sort, sub_sort, acc_sort, trans_acc_id",[146],221,"[{'trans_acc_id': '1000100010001', 'trans_acc_desc': 'Bank of the west', 'subsi_acc_id': 100010001, 'subsi_acc_desc': 'Banks', 'trans_system_id': 146}, {'trans_acc_id': '1000100010002', 'trans_acc_desc': 'Bank of the Ozarks', 'subsi_acc_id': 100010001, 'subsi_acc_desc': 'Banks', 'trans_system_id': 146}, {'trans_acc_id': '1000100010003', 'trans_acc_desc': 'Bancorp South Bank', 'subsi_acc_id': 100010001, 'subsi_acc_desc': 'Banks', 'trans_system_id': 146}, {'trans_acc_id': '1000100010004', 'trans_a...",632.03
2026-09-07T18:54:49.120374,get_chart,"SELECT trans_acc_id, trans_acc_desc, subsi_acc_id, subsi_acc_desc, trans_system_id     FROM (SELECT @system_id := %s p) parm, v_trans_accounts_m2     WHERE trans_acc_display = 1     ORDER BY SUBSTRING(trans_acc_id, 1, 1),              SUBSTRING(trans_acc_id, 1, 5),              acc_main_sort, sub_sort, acc_sort, trans_acc_id",[146],221,"[{'trans_acc_id': '1000100010001', 'trans_acc_desc': 'Bank of the west', 'subsi_acc_id': 100010001, 'subsi_acc_desc': 'Banks', 'trans_system_id': 146}, {'trans_acc_id': '1000100010002', 'trans_acc_desc': 'Bank of the Ozarks', 'subsi_acc_id': 100010001, 'subsi_acc_desc': 'Banks', 'trans_system_id': 146}, {'trans_acc_id': '1000100010003', 'trans_acc_desc': 'Bancorp South Bank', 'subsi_acc_id': 100010001, 'subsi_acc_desc': 'Banks', 'trans_system_id': 146}, {'trans_acc_id': '1000100010004', 'trans_a...",528.11
2026-09-07T18:54:54.545780,get_chart,"SELECT trans_acc_id, trans_acc_desc, subsi_acc_id, subsi_acc_desc, trans_system_id     FROM (SELECT @system_id := %s p) parm, v_trans_accounts_m2     WHERE trans_acc_display = 1     ORDER BY SUBSTRING(trans_acc_id, 1, 1),              SUBSTRING(trans_acc_id, 1, 5),              acc_main_sort, sub_sort, acc_sort, trans_acc_id",[146],221,"[{'trans_acc_id': '1000100010001', 'trans_acc_desc': 'Bank of the west', 'subsi_acc_id': 100010001, 'subsi_acc_desc': 'Banks', 'trans_system_id': 146}, {'trans_acc_id': '1000100010002', 'trans_acc_desc': 'Bank of the Ozarks', 'subsi_acc_id': 100010001, 'subsi_acc_desc': 'Banks', 'trans_system_id': 146}, {'trans_acc_id': '1000100010003', 'trans_acc_desc': 'Bancorp South Bank', 'subsi_acc_id': 100010001, 'subsi_acc_desc': 'Banks', 'trans_system_id': 146}, {'trans_acc_id': '1000100010004', 'trans_a...",627.64
2026-09-07T18:55:02.782248,list_parties,"SELECT p_code, p_type, company_name, person_name, Email, Phone,        p_account, status FROM acc_party WHERE system_id = %s AND status = 1 ORDER BY p_type, company_name LIMIT %s","[146, 500]",123,"[{'p_code': 2010300629, 'p_type': 'C', 'company_name': '3S', 'person_name': 'Ali', 'Email': None, 'Phone': None, 'p_account': None, 'status': 1}, {'p_code': 2010300639, 'p_type': 'C', 'company_name': '3s(ali)', 'person_name': '3s(ali)', 'Email': None, 'Phone': None, 'p_account': None, 'status': 1}, {'p_code': 2010300642, 'p_type': 'C', 'company_name': 'Acme CORP', 'person_name': 'Acme CORP', 'Email': None, 'Phone': '555-0143', 'p_account': None, 'status': 1}, {'p_code': 2010300637, 'p_type': 'C'...",775.46
2026-09-07T18:55:05.968656,list_parties,"SELECT p_code, p_type, company_name, person_name, Email, Phone,        p_account, status FROM acc_party WHERE system_id = %s AND status = 1 ORDER BY p_type, company_name LIMIT %s","[146, 500]",123,"[{'p_code': 2010300629, 'p_type': 'C', 'company_name': '3S', 'person_name': 'Ali', 'Email': None, 'Phone': None, 'p_account': None, 'status': 1}, {'p_code': 2010300639, 'p_type': 'C', 'company_name': '3s(ali)', 'person_name': '3s(ali)', 'Email': None, 'Phone': None, 'p_account': None, 'status': 1}, {'p_code': 2010300642, 'p_type': 'C', 'company_name': 'Acme CORP', 'person_name': 'Acme CORP', 'Email': None, 'Phone': '555-0143', 'p_account': None, 'status': 1}, {'p_code': 2010300637, 'p_type': 'C'...",847.74
2026-09-07T18:55:41.644455,fetch_voucher.master,"SELECT at_id, at_date, at_doc_type, at_desc, at_remarks, at_memo,        at_m_amount, at_party_code, at_bank, at_bank_acc, at_cheque_no,        at_cheque_date, at_status, at_cr_user, at_cr_date, at_up_user, at_up_date FROM acc_trans_m WHERE at_id = %s AND system_id = %s","['261203000154', 146]",1,"[{'at_id': 261203000154, 'at_date': datetime.datetime(2026, 6, 7, 0, 0), 'at_doc_type': '01', 'at_desc': 'Receipt Voucher', 'at_remarks': 'Healthcare Services', 'at_memo': 'Healthcare Services', 'at_m_amount': Decimal('2500.00'), 'at_party_code': '2010300641', 'at_bank': 'Bank of Amerc', 'at_bank_acc': '100045001', 'at_cheque_no': None, 'at_cheque_date': None, 'at_status': '1', 'at_cr_user': '86', 'at_cr_date': datetime.datetime(2026, 9, 2, 18, 29, 43), 'at_up_user': '86', 'at_up_date': datetime...",927.63
2026-09-07T18:55:42.149428,fetch_voucher.legs,"SELECT at_sno, at_acc_code, at_dc_type, at_amount, at_remarks, atd_date, atd_party FROM acc_trans_d WHERE at_id = %s AND at_system_id = %s ORDER BY at_sno","['261203000154', 146]",2,"[{'at_sno': 1, 'at_acc_code': 100045001, 'at_dc_type': 'D', 'at_amount': Decimal('2500.00'), 'at_remarks': 'Healthcare Services', 'atd_date': datetime.date(2026, 6, 7), 'atd_party': '2010300641'}, {'at_sno': 2, 'at_acc_code': 35002, 'at_dc_type': 'C', 'at_amount': Decimal('-2500.00'), 'at_remarks': 'Healthcare Services', 'atd_date': datetime.date(2026, 6, 7), 'atd_party': '2010300641'}]",503.01
2026-09-07T18:55:42.762366,fetch_voucher.reconciled,SELECT COUNT(*) AS n FROM acc_trans_reconcile WHERE at_id = %s AND at_system_id = %s AND at_acc_reconcile = 1,"['261203000154', 146]",1,[{'n': 0}],610.48
2026-09-07T18:55:43.377466,fetch_voucher.party,"SELECT p_code, p_type, company_name, person_name FROM acc_party WHERE p_code = %s AND system_id = %s LIMIT 1","['2010300641', 146]",1,"[{'p_code': 2010300641, 'p_type': 'C', 'company_name': 'Medicare', 'person_name': 'Medicare'}]",613.43
2026-09-07T18:56:35.601681,fetch_voucher.master,"SELECT at_id, at_date, at_doc_type, at_desc, at_remarks, at_memo,        at_m_amount, at_party_code, at_bank, at_bank_acc, at_cheque_no,        at_cheque_date, at_status, at_cr_user, at_cr_date, at_up_user, at_up_date FROM acc_trans_m WHERE at_id = %s AND system_id = %s","['261203000154', 146]",1,"[{'at_id': 261203000154, 'at_date': datetime.datetime(2026, 6, 7, 0, 0), 'at_doc_type': '01', 'at_desc': 'Receipt Voucher', 'at_remarks': 'Healthcare Services', 'at_memo': 'Healthcare Services', 'at_m_amount': Decimal('2500.00'), 'at_party_code': '2010300641', 'at_bank': 'Bank of Amerc', 'at_bank_acc': '100045001', 'at_cheque_no': None, 'at_cheque_date': None, 'at_status': '1', 'at_cr_user': '86', 'at_cr_date': datetime.datetime(2026, 9, 2, 18, 29, 43), 'at_up_user': '86', 'at_up_date': datetime...",615.83
2026-09-07T18:56:36.219591,fetch_voucher.legs,"SELECT at_sno, at_acc_code, at_dc_type, at_amount, at_remarks, atd_date, atd_party FROM acc_trans_d WHERE at_id = %s AND at_system_id = %s ORDER BY at_sno","['261203000154', 146]",2,"[{'at_sno': 1, 'at_acc_code': 100045001, 'at_dc_type': 'D', 'at_amount': Decimal('2500.00'), 'at_remarks': 'Healthcare Services', 'atd_date': datetime.date(2026, 6, 7), 'atd_party': '2010300641'}, {'at_sno': 2, 'at_acc_code': 35002, 'at_dc_type': 'C', 'at_amount': Decimal('-2500.00'), 'at_remarks': 'Healthcare Services', 'atd_date': datetime.date(2026, 6, 7), 'atd_party': '2010300641'}]",616.98
2026-09-07T18:56:36.719641,fetch_voucher.reconciled,SELECT COUNT(*) AS n FROM acc_trans_reconcile WHERE at_id = %s AND at_system_id = %s AND at_acc_reconcile = 1,"['261203000154', 146]",1,[{'n': 0}],498.46
2026-09-07T18:56:37.192546,fetch_voucher.party,"SELECT p_code, p_type, company_name, person_name FROM acc_party WHERE p_code = %s AND system_id = %s LIMIT 1","['2010300641', 146]",1,"[{'p_code': 2010300641, 'p_type': 'C', 'company_name': 'Medicare', 'person_name': 'Medicare'}]",471.90
2026-09-07T18:56:37.751941,within_open_year,SELECT 1 FROM business_year WHERE by_system_id = %s AND (  (financial_year_start <= %s AND %s <= financial_year_end AND financial_year_status = 1)  OR (audit_year_start <= %s AND %s <= audit_year_end AND audit_year_status = 1)) LIMIT 1,"[146, '2026-06-07', '2026-06-07', '2026-06-07', '2026-06-07']",0,[],529.96
2026-09-07T18:56:38.149433,update_voucher.party,"SELECT p_code, p_type, company_name, person_name FROM acc_party WHERE p_code = %s AND system_id = %s LIMIT 1","['2010300629', 146]",1,"[{'p_code': 2010300629, 'p_type': 'C', 'company_name': '3S', 'person_name': 'Ali'}]",395.75
2026-09-07T18:56:42.981268,fetch_voucher.master,"SELECT at_id, at_date, at_doc_type, at_desc, at_remarks, at_memo,        at_m_amount, at_party_code, at_bank, at_bank_acc, at_cheque_no,        at_cheque_date, at_status, at_cr_user, at_cr_date, at_up_user, at_up_date FROM acc_trans_m WHERE at_id = %s AND system_id = %s","['261203000154', 146]",1,"[{'at_id': 261203000154, 'at_date': datetime.datetime(2026, 6, 7, 0, 0), 'at_doc_type': '01', 'at_desc': 'Receipt Voucher', 'at_remarks': 'Healthcare Services', 'at_memo': 'Healthcare Services', 'at_m_amount': Decimal('2500.00'), 'at_party_code': '2010300629', 'at_bank': 'Bank of Amerc', 'at_bank_acc': '100045001', 'at_cheque_no': None, 'at_cheque_date': None, 'at_status': '1', 'at_cr_user': '86', 'at_cr_date': datetime.datetime(2026, 9, 2, 18, 29, 43), 'at_up_user': '86', 'at_up_date': datetime...",610.51
2026-09-07T18:56:43.588346,fetch_voucher.legs,"SELECT at_sno, at_acc_code, at_dc_type, at_amount, at_remarks, atd_date, atd_party FROM acc_trans_d WHERE at_id = %s AND at_system_id = %s ORDER BY at_sno","['261203000154', 146]",2,"[{'at_sno': 1, 'at_acc_code': 100045001, 'at_dc_type': 'D', 'at_amount': Decimal('2500.00'), 'at_remarks': 'Healthcare Services', 'atd_date': datetime.date(2026, 6, 7), 'atd_party': '2010300629'}, {'at_sno': 2, 'at_acc_code': 35002, 'at_dc_type': 'C', 'at_amount': Decimal('-2500.00'), 'at_remarks': 'Healthcare Services', 'atd_date': datetime.date(2026, 6, 7), 'atd_party': '2010300629'}]",605.09
2026-09-07T18:56:44.100892,fetch_voucher.reconciled,SELECT COUNT(*) AS n FROM acc_trans_reconcile WHERE at_id = %s AND at_system_id = %s AND at_acc_reconcile = 1,"['261203000154', 146]",1,[{'n': 0}],510.55
2026-09-07T18:56:44.715993,fetch_voucher.party,"SELECT p_code, p_type, company_name, person_name FROM acc_party WHERE p_code = %s AND system_id = %s LIMIT 1","['2010300629', 146]",1,"[{'p_code': 2010300629, 'p_type': 'C', 'company_name': '3S', 'person_name': 'Ali'}]",613.65
2026-09-07T18:58:09.402072,fetch_voucher.master,"SELECT at_id, at_date, at_doc_type, at_desc, at_remarks, at_memo,        at_m_amount, at_party_code, at_bank, at_bank_acc, at_cheque_no,        at_cheque_date, at_status, at_cr_user, at_cr_date, at_up_user, at_up_date FROM acc_trans_m WHERE at_id = %s AND system_id = %s","['261203000154', 146]",1,"[{'at_id': 261203000154, 'at_date': datetime.datetime(2026, 6, 7, 0, 0), 'at_doc_type': '01', 'at_desc': 'Receipt Voucher', 'at_remarks': 'Healthcare Services', 'at_memo': 'Healthcare Services', 'at_m_amount': Decimal('2500.00'), 'at_party_code': '2010300629', 'at_bank': 'Bank of Amerc', 'at_bank_acc': '100045001', 'at_cheque_no': None, 'at_cheque_date': None, 'at_status': '1', 'at_cr_user': '86', 'at_cr_date': datetime.datetime(2026, 9, 2, 18, 29, 43), 'at_up_user': '86', 'at_up_date': datetime...",514.45
2026-09-07T18:58:09.914478,fetch_voucher.legs,"SELECT at_sno, at_acc_code, at_dc_type, at_amount, at_remarks, atd_date, atd_party FROM acc_trans_d WHERE at_id = %s AND at_system_id = %s ORDER BY at_sno","['261203000154', 146]",2,"[{'at_sno': 1, 'at_acc_code': 100045001, 'at_dc_type': 'D', 'at_amount': Decimal('2500.00'), 'at_remarks': 'Healthcare Services', 'atd_date': datetime.date(2026, 6, 7), 'atd_party': '2010300629'}, {'at_sno': 2, 'at_acc_code': 35002, 'at_dc_type': 'C', 'at_amount': Decimal('-2500.00'), 'at_remarks': 'Healthcare Services', 'atd_date': datetime.date(2026, 6, 7), 'atd_party': '2010300629'}]",510.89
2026-09-07T18:58:10.308372,fetch_voucher.reconciled,SELECT COUNT(*) AS n FROM acc_trans_reconcile WHERE at_id = %s AND at_system_id = %s AND at_acc_reconcile = 1,"['261203000154', 146]",1,[{'n': 0}],393.89
2026-09-07T18:58:10.708471,fetch_voucher.party,"SELECT p_code, p_type, company_name, person_name FROM acc_party WHERE p_code = %s AND system_id = %s LIMIT 1","['2010300629', 146]",1,"[{'p_code': 2010300629, 'p_type': 'C', 'company_name': '3S', 'person_name': 'Ali'}]",399.10
2026-09-07T18:58:52.069946,list_vouchers,"SELECT m.at_id, m.at_doc_type, m.at_date, m.at_m_amount, m.at_status,        m.at_remarks, m.at_cheque_no, m.at_party_code,        COALESCE(p.company_name, p.person_name) AS party_name,        (SELECT COUNT(*) FROM acc_trans_reconcile r          WHERE r.at_id = m.at_id AND r.at_system_id = m.system_id            AND r.at_acc_reconcile = 1) AS reconciled FROM acc_trans_m m LEFT JOIN acc_party p ON p.p_code = m.at_party_code AND p.system_id = m.system_id WHERE m.system_id = %s AND m.at_doc_type IN (%s, %s) AND DATE(m.at_date) = %s ORDER BY m.at_id DESC LIMIT %s","[146, '01', '02', '2026-07-06', 200]",0,[],578.48
2026-09-07T18:59:05.310761,list_vouchers,"SELECT m.at_id, m.at_doc_type, m.at_date, m.at_m_amount, m.at_status,        m.at_remarks, m.at_cheque_no, m.at_party_code,        COALESCE(p.company_name, p.person_name) AS party_name,        (SELECT COUNT(*) FROM acc_trans_reconcile r          WHERE r.at_id = m.at_id AND r.at_system_id = m.system_id            AND r.at_acc_reconcile = 1) AS reconciled FROM acc_trans_m m LEFT JOIN acc_party p ON p.p_code = m.at_party_code AND p.system_id = m.system_id WHERE m.system_id = %s AND m.at_doc_type IN (%s, %s) AND DATE(m.at_date) = %s ORDER BY m.at_id DESC LIMIT %s","[146, '01', '02', '2026-06-07', 200]",6,"[{'at_id': 261203000161, 'at_doc_type': '01', 'at_date': datetime.datetime(2026, 6, 7, 0, 0), 'at_m_amount': Decimal('8750.00'), 'at_status': '1', 'at_remarks': 'Healthcare Services', 'at_cheque_no': None, 'at_party_code': '2010300641', 'party_name': 'Medicare', 'reconciled': 0}, {'at_id': 261203000160, 'at_doc_type': '01', 'at_date': datetime.datetime(2026, 6, 7, 0, 0), 'at_m_amount': Decimal('8750.00'), 'at_status': '1', 'at_remarks': 'Healthcare Services', 'at_cheque_no': None, 'at_party_code...",616.88
2026-09-07T19:00:44.014808,fetch_voucher.master,"SELECT at_id, at_date, at_doc_type, at_desc, at_remarks, at_memo,        at_m_amount, at_party_code, at_bank, at_bank_acc, at_cheque_no,        at_cheque_date, at_status, at_cr_user, at_cr_date, at_up_user, at_up_date FROM acc_trans_m WHERE at_id = %s AND system_id = %s","['261203000161', 146]",1,"[{'at_id': 261203000161, 'at_date': datetime.datetime(2026, 6, 7, 0, 0), 'at_doc_type': '01', 'at_desc': 'Receipt Voucher', 'at_remarks': 'Healthcare Services', 'at_memo': 'Healthcare Services', 'at_m_amount': Decimal('8750.00'), 'at_party_code': '2010300641', 'at_bank': 'Bank of Amerc', 'at_bank_acc': '100045001', 'at_cheque_no': None, 'at_cheque_date': None, 'at_status': '1', 'at_cr_user': '86', 'at_cr_date': datetime.datetime(2026, 9, 4, 18, 39, 43), 'at_up_user': None, 'at_up_date': None}]",402.46
2026-09-07T19:00:44.637269,fetch_voucher.legs,"SELECT at_sno, at_acc_code, at_dc_type, at_amount, at_remarks, atd_date, atd_party FROM acc_trans_d WHERE at_id = %s AND at_system_id = %s ORDER BY at_sno","['261203000161', 146]",2,"[{'at_sno': 1, 'at_acc_code': 100045001, 'at_dc_type': 'D', 'at_amount': Decimal('8750.00'), 'at_remarks': 'Healthcare Services', 'atd_date': datetime.date(2026, 6, 7), 'atd_party': '2010300641'}, {'at_sno': 2, 'at_acc_code': 35002, 'at_dc_type': 'C', 'at_amount': Decimal('-8750.00'), 'at_remarks': 'Healthcare Services', 'atd_date': datetime.date(2026, 6, 7), 'atd_party': '2010300641'}]",620.72
2026-09-07T19:00:45.045258,fetch_voucher.reconciled,SELECT COUNT(*) AS n FROM acc_trans_reconcile WHERE at_id = %s AND at_system_id = %s AND at_acc_reconcile = 1,"['261203000161', 146]",1,[{'n': 0}],407.51
2026-09-07T19:00:45.822707,fetch_voucher.party,"SELECT p_code, p_type, company_name, person_name FROM acc_party WHERE p_code = %s AND system_id = %s LIMIT 1","['2010300641', 146]",1,"[{'p_code': 2010300641, 'p_type': 'C', 'company_name': 'Medicare', 'person_name': 'Medicare'}]",776.29
2026-09-07T19:00:46.691477,get_chart,"SELECT trans_acc_id, trans_acc_desc, subsi_acc_id, subsi_acc_desc, trans_system_id     FROM (SELECT @system_id := %s p) parm, v_trans_accounts_m2     WHERE trans_acc_display = 1     ORDER BY SUBSTRING(trans_acc_id, 1, 1),              SUBSTRING(trans_acc_id, 1, 5),              acc_main_sort, sub_sort, acc_sort, trans_acc_id",[146],221,"[{'trans_acc_id': '1000100010001', 'trans_acc_desc': 'Bank of the west', 'subsi_acc_id': 100010001, 'subsi_acc_desc': 'Banks', 'trans_system_id': 146}, {'trans_acc_id': '1000100010002', 'trans_acc_desc': 'Bank of the Ozarks', 'subsi_acc_id': 100010001, 'subsi_acc_desc': 'Banks', 'trans_system_id': 146}, {'trans_acc_id': '1000100010003', 'trans_acc_desc': 'Bancorp South Bank', 'subsi_acc_id': 100010001, 'subsi_acc_desc': 'Banks', 'trans_system_id': 146}, {'trans_acc_id': '1000100010004', 'trans_a...",414.72
2026-09-07T19:00:47.195631,fetch_voucher.master,"SELECT at_id, at_date, at_doc_type, at_desc, at_remarks, at_memo,        at_m_amount, at_party_code, at_bank, at_bank_acc, at_cheque_no,        at_cheque_date, at_status, at_cr_user, at_cr_date, at_up_user, at_up_date FROM acc_trans_m WHERE at_id = %s AND system_id = %s","['261203000160', 146]",1,"[{'at_id': 261203000160, 'at_date': datetime.datetime(2026, 6, 7, 0, 0), 'at_doc_type': '01', 'at_desc': 'Receipt Voucher', 'at_remarks': 'Healthcare Services', 'at_memo': 'Healthcare Services', 'at_m_amount': Decimal('8750.00'), 'at_party_code': '2010300641', 'at_bank': 'Bank of Amerc', 'at_bank_acc': '100045001', 'at_cheque_no': None, 'at_cheque_date': None, 'at_status': '1', 'at_cr_user': '86', 'at_cr_date': datetime.datetime(2026, 9, 4, 18, 38, 10), 'at_up_user': None, 'at_up_date': None}]",502.16
2026-09-07T19:00:47.699869,fetch_voucher.legs,"SELECT at_sno, at_acc_code, at_dc_type, at_amount, at_remarks, atd_date, atd_party FROM acc_trans_d WHERE at_id = %s AND at_system_id = %s ORDER BY at_sno","['261203000160', 146]",2,"[{'at_sno': 1, 'at_acc_code': 100045001, 'at_dc_type': 'D', 'at_amount': Decimal('8750.00'), 'at_remarks': 'Healthcare Services', 'atd_date': datetime.date(2026, 6, 7), 'atd_party': '2010300641'}, {'at_sno': 2, 'at_acc_code': 35002, 'at_dc_type': 'C', 'at_amount': Decimal('-8750.00'), 'at_remarks': 'Healthcare Services', 'atd_date': datetime.date(2026, 6, 7), 'atd_party': '2010300641'}]",502.65
2026-09-07T19:00:48.325724,fetch_voucher.reconciled,SELECT COUNT(*) AS n FROM acc_trans_reconcile WHERE at_id = %s AND at_system_id = %s AND at_acc_reconcile = 1,"['261203000160', 146]",1,[{'n': 0}],624.86
2026-09-07T19:00:48.940191,fetch_voucher.party,"SELECT p_code, p_type, company_name, person_name FROM acc_party WHERE p_code = %s AND system_id = %s LIMIT 1","['2010300641', 146]",1,"[{'p_code': 2010300641, 'p_type': 'C', 'company_name': 'Medicare', 'person_name': 'Medicare'}]",609.48
2026-09-07T19:01:11.161828,fetch_voucher.master,"SELECT at_id, at_date, at_doc_type, at_desc, at_remarks, at_memo,        at_m_amount, at_party_code, at_bank, at_bank_acc, at_cheque_no,        at_cheque_date, at_status, at_cr_user, at_cr_date, at_up_user, at_up_date FROM acc_trans_m WHERE at_id = %s AND system_id = %s","['261203000160', 146]",1,"[{'at_id': 261203000160, 'at_date': datetime.datetime(2026, 6, 7, 0, 0), 'at_doc_type': '01', 'at_desc': 'Receipt Voucher', 'at_remarks': 'Healthcare Services', 'at_memo': 'Healthcare Services', 'at_m_amount': Decimal('8750.00'), 'at_party_code': '2010300641', 'at_bank': 'Bank of Amerc', 'at_bank_acc': '100045001', 'at_cheque_no': None, 'at_cheque_date': None, 'at_status': '1', 'at_cr_user': '86', 'at_cr_date': datetime.datetime(2026, 9, 4, 18, 38, 10), 'at_up_user': None, 'at_up_date': None}]",414.58
2026-09-07T19:01:11.674586,fetch_voucher.legs,"SELECT at_sno, at_acc_code, at_dc_type, at_amount, at_remarks, atd_date, atd_party FROM acc_trans_d WHERE at_id = %s AND at_system_id = %s ORDER BY at_sno","['261203000160', 146]",2,"[{'at_sno': 1, 'at_acc_code': 100045001, 'at_dc_type': 'D', 'at_amount': Decimal('8750.00'), 'at_remarks': 'Healthcare Services', 'atd_date': datetime.date(2026, 6, 7), 'atd_party': '2010300641'}, {'at_sno': 2, 'at_acc_code': 35002, 'at_dc_type': 'C', 'at_amount': Decimal('-8750.00'), 'at_remarks': 'Healthcare Services', 'atd_date': datetime.date(2026, 6, 7), 'atd_party': '2010300641'}]",509.77
2026-09-07T19:01:12.284595,fetch_voucher.reconciled,SELECT COUNT(*) AS n FROM acc_trans_reconcile WHERE at_id = %s AND at_system_id = %s AND at_acc_reconcile = 1,"['261203000160', 146]",1,[{'n': 0}],607.94
2026-09-07T19:01:12.898444,fetch_voucher.party,"SELECT p_code, p_type, company_name, person_name FROM acc_party WHERE p_code = %s AND system_id = %s LIMIT 1","['2010300641', 146]",1,"[{'p_code': 2010300641, 'p_type': 'C', 'company_name': 'Medicare', 'person_name': 'Medicare'}]",611.72
2026-09-07T19:01:13.324851,within_open_year,SELECT 1 FROM business_year WHERE by_system_id = %s AND (  (financial_year_start <= %s AND %s <= financial_year_end AND financial_year_status = 1)  OR (audit_year_start <= %s AND %s <= audit_year_end AND audit_year_status = 1)) LIMIT 1,"[146, '2026-06-07', '2026-06-07', '2026-06-07', '2026-06-07']",0,[],425.42
2026-09-07T19:01:13.742236,update_voucher.party,"SELECT p_code, p_type, company_name, person_name FROM acc_party WHERE p_code = %s AND system_id = %s LIMIT 1","['2010300629', 146]",1,"[{'p_code': 2010300629, 'p_type': 'C', 'company_name': '3S', 'person_name': 'Ali'}]",416.85
2026-09-07T19:01:17.915485,fetch_voucher.master,"SELECT at_id, at_date, at_doc_type, at_desc, at_remarks, at_memo,        at_m_amount, at_party_code, at_bank, at_bank_acc, at_cheque_no,        at_cheque_date, at_status, at_cr_user, at_cr_date, at_up_user, at_up_date FROM acc_trans_m WHERE at_id = %s AND system_id = %s","['261203000160', 146]",1,"[{'at_id': 261203000160, 'at_date': datetime.datetime(2026, 6, 7, 0, 0), 'at_doc_type': '01', 'at_desc': 'Receipt Voucher', 'at_remarks': 'Healthcare Services', 'at_memo': 'Healthcare Services', 'at_m_amount': Decimal('8750.00'), 'at_party_code': '2010300629', 'at_bank': 'Bank of Amerc', 'at_bank_acc': '100045001', 'at_cheque_no': None, 'at_cheque_date': None, 'at_status': '1', 'at_cr_user': '86', 'at_cr_date': datetime.datetime(2026, 9, 4, 18, 38, 10), 'at_up_user': '86', 'at_up_date': datetime...",394.00
2026-09-07T19:01:18.429965,fetch_voucher.legs,"SELECT at_sno, at_acc_code, at_dc_type, at_amount, at_remarks, atd_date, atd_party FROM acc_trans_d WHERE at_id = %s AND at_system_id = %s ORDER BY at_sno","['261203000160', 146]",2,"[{'at_sno': 1, 'at_acc_code': 100045001, 'at_dc_type': 'D', 'at_amount': Decimal('8750.00'), 'at_remarks': 'Healthcare Services', 'atd_date': datetime.date(2026, 6, 7), 'atd_party': '2010300629'}, {'at_sno': 2, 'at_acc_code': 35002, 'at_dc_type': 'C', 'at_amount': Decimal('-8750.00'), 'at_remarks': 'Healthcare Services', 'atd_date': datetime.date(2026, 6, 7), 'atd_party': '2010300629'}]",512.80
2026-09-07T19:01:18.939305,fetch_voucher.reconciled,SELECT COUNT(*) AS n FROM acc_trans_reconcile WHERE at_id = %s AND at_system_id = %s AND at_acc_reconcile = 1,"['261203000160', 146]",1,[{'n': 0}],508.34
2026-09-07T19:01:19.349213,fetch_voucher.party,"SELECT p_code, p_type, company_name, person_name FROM acc_party WHERE p_code = %s AND system_id = %s LIMIT 1","['2010300629', 146]",1,"[{'p_code': 2010300629, 'p_type': 'C', 'company_name': '3S', 'person_name': 'Ali'}]",408.55
2026-09-07T19:13:23.315630,fetch_voucher.master,"SELECT at_id, at_date, at_doc_type, at_desc, at_remarks, at_memo,        at_m_amount, at_party_code, at_bank, at_bank_acc, at_cheque_no,        at_cheque_date, at_status, at_cr_user, at_cr_date, at_up_user, at_up_date FROM acc_trans_m WHERE at_id = %s AND system_id = %s","['261203000161', 146]",1,"[{'at_id': 261203000161, 'at_date': datetime.datetime(2026, 6, 7, 0, 0), 'at_doc_type': '01', 'at_desc': 'Receipt Voucher', 'at_remarks': 'Healthcare Services', 'at_memo': 'Healthcare Services', 'at_m_amount': Decimal('8750.00'), 'at_party_code': '2010300641', 'at_bank': 'Bank of Amerc', 'at_bank_acc': '100045001', 'at_cheque_no': None, 'at_cheque_date': None, 'at_status': '1', 'at_cr_user': '86', 'at_cr_date': datetime.datetime(2026, 9, 4, 18, 39, 43), 'at_up_user': None, 'at_up_date': None}]",1622.30
2026-09-07T19:13:23.873046,fetch_voucher.legs,"SELECT at_sno, at_acc_code, at_dc_type, at_amount, at_remarks, atd_date, atd_party FROM acc_trans_d WHERE at_id = %s AND at_system_id = %s ORDER BY at_sno","['261203000161', 146]",2,"[{'at_sno': 1, 'at_acc_code': 100045001, 'at_dc_type': 'D', 'at_amount': Decimal('8750.00'), 'at_remarks': 'Healthcare Services', 'atd_date': datetime.date(2026, 6, 7), 'atd_party': '2010300641'}, {'at_sno': 2, 'at_acc_code': 35002, 'at_dc_type': 'C', 'at_amount': Decimal('-8750.00'), 'at_remarks': 'Healthcare Services', 'atd_date': datetime.date(2026, 6, 7), 'atd_party': '2010300641'}]",556.81
2026-09-07T19:13:24.543002,fetch_voucher.reconciled,SELECT COUNT(*) AS n FROM acc_trans_reconcile WHERE at_id = %s AND at_system_id = %s AND at_acc_reconcile = 1,"['261203000161', 146]",1,[{'n': 0}],669.11
2026-09-07T19:13:25.159255,fetch_voucher.party,"SELECT p_code, p_type, company_name, person_name FROM acc_party WHERE p_code = %s AND system_id = %s LIMIT 1","['2010300641', 146]",1,"[{'p_code': 2010300641, 'p_type': 'C', 'company_name': 'Medicare', 'person_name': 'Medicare'}]",615.20
2026-09-07T19:13:26.254880,get_chart,"SELECT trans_acc_id, trans_acc_desc, subsi_acc_id, subsi_acc_desc, trans_system_id     FROM (SELECT @system_id := %s p) parm, v_trans_accounts_m2     WHERE trans_acc_display = 1     ORDER BY SUBSTRING(trans_acc_id, 1, 1),              SUBSTRING(trans_acc_id, 1, 5),              acc_main_sort, sub_sort, acc_sort, trans_acc_id",[146],221,"[{'trans_acc_id': '1000100010001', 'trans_acc_desc': 'Bank of the west', 'subsi_acc_id': 100010001, 'subsi_acc_desc': 'Banks', 'trans_system_id': 146}, {'trans_acc_id': '1000100010002', 'trans_acc_desc': 'Bank of the Ozarks', 'subsi_acc_id': 100010001, 'subsi_acc_desc': 'Banks', 'trans_system_id': 146}, {'trans_acc_id': '1000100010003', 'trans_acc_desc': 'Bancorp South Bank', 'subsi_acc_id': 100010001, 'subsi_acc_desc': 'Banks', 'trans_system_id': 146}, {'trans_acc_id': '1000100010004', 'trans_a...",585.76
2026-09-07T19:13:26.700154,within_open_year,SELECT 1 FROM business_year WHERE by_system_id = %s AND (  (financial_year_start <= %s AND %s <= financial_year_end AND financial_year_status = 1)  OR (audit_year_start <= %s AND %s <= audit_year_end AND audit_year_status = 1)) LIMIT 1,"[146, '2026-06-07', '2026-06-07', '2026-06-07', '2026-06-07']",0,[],439.28
2026-09-07T19:13:27.320387,update_voucher.party,"SELECT p_code, p_type, company_name, person_name FROM acc_party WHERE p_code = %s AND system_id = %s LIMIT 1","['2010300629', 146]",1,"[{'p_code': 2010300629, 'p_type': 'C', 'company_name': '3S', 'person_name': 'Ali'}]",617.49
2026-09-07T19:13:31.820134,fetch_voucher.master,"SELECT at_id, at_date, at_doc_type, at_desc, at_remarks, at_memo,        at_m_amount, at_party_code, at_bank, at_bank_acc, at_cheque_no,        at_cheque_date, at_status, at_cr_user, at_cr_date, at_up_user, at_up_date FROM acc_trans_m WHERE at_id = %s AND system_id = %s","['261203000161', 146]",1,"[{'at_id': 261203000161, 'at_date': datetime.datetime(2026, 6, 7, 0, 0), 'at_doc_type': '01', 'at_desc': 'Receipt Voucher', 'at_remarks': 'Healthcare Services', 'at_memo': 'Healthcare Services', 'at_m_amount': Decimal('8750.00'), 'at_party_code': '2010300629', 'at_bank': 'Bank of Amerc', 'at_bank_acc': '100045001', 'at_cheque_no': None, 'at_cheque_date': None, 'at_status': '1', 'at_cr_user': '86', 'at_cr_date': datetime.datetime(2026, 9, 4, 18, 39, 43), 'at_up_user': '86', 'at_up_date': datetime...",716.22
2026-09-07T19:13:32.432057,fetch_voucher.legs,"SELECT at_sno, at_acc_code, at_dc_type, at_amount, at_remarks, atd_date, atd_party FROM acc_trans_d WHERE at_id = %s AND at_system_id = %s ORDER BY at_sno","['261203000161', 146]",2,"[{'at_sno': 1, 'at_acc_code': 100045001, 'at_dc_type': 'D', 'at_amount': Decimal('8750.00'), 'at_remarks': 'Healthcare Services', 'atd_date': datetime.date(2026, 6, 7), 'atd_party': '2010300629'}, {'at_sno': 2, 'at_acc_code': 35002, 'at_dc_type': 'C', 'at_amount': Decimal('-8750.00'), 'at_remarks': 'Healthcare Services', 'atd_date': datetime.date(2026, 6, 7), 'atd_party': '2010300629'}]",609.45
2026-09-07T19:13:32.943060,fetch_voucher.reconciled,SELECT COUNT(*) AS n FROM acc_trans_reconcile WHERE at_id = %s AND at_system_id = %s AND at_acc_reconcile = 1,"['261203000161', 146]",1,[{'n': 0}],509.49
2026-09-07T19:13:33.455636,fetch_voucher.party,"SELECT p_code, p_type, company_name, person_name FROM acc_party WHERE p_code = %s AND system_id = %s LIMIT 1","['2010300629', 146]",1,"[{'p_code': 2010300629, 'p_type': 'C', 'company_name': '3S', 'person_name': 'Ali'}]",510.33
2026-09-07T21:00:34.103216,list_vouchers,"SELECT m.at_id, m.at_doc_type, m.at_date, m.at_m_amount, m.at_status,        m.at_remarks, m.at_cheque_no, m.at_party_code,        COALESCE(p.company_name, p.person_name) AS party_name,        (SELECT COUNT(*) FROM acc_trans_reconcile r          WHERE r.at_id = m.at_id AND r.at_system_id = m.system_id            AND r.at_acc_reconcile = 1) AS reconciled FROM acc_trans_m m LEFT JOIN acc_party p ON p.p_code = m.at_party_code AND p.system_id = m.system_id WHERE m.system_id = %s AND m.at_doc_type IN (%s, %s) AND DATE(m.at_date) = %s ORDER BY m.at_id DESC LIMIT %s","[146, '01', '02', '2026-06-07', 200]",6,"[{'at_id': 261203000161, 'at_doc_type': '01', 'at_date': datetime.datetime(2026, 6, 7, 0, 0), 'at_m_amount': Decimal('8750.00'), 'at_status': '1', 'at_remarks': 'Healthcare Services', 'at_cheque_no': None, 'at_party_code': '2010300629', 'party_name': '3S', 'reconciled': 0}, {'at_id': 261203000160, 'at_doc_type': '01', 'at_date': datetime.datetime(2026, 6, 7, 0, 0), 'at_m_amount': Decimal('8750.00'), 'at_status': '1', 'at_remarks': 'Healthcare Services', 'at_cheque_no': None, 'at_party_code': '20...",826.45
2026-09-07T21:16:37.863983,within_open_year,SELECT 1 FROM business_year WHERE by_system_id = %s AND (  (financial_year_start <= %s AND %s <= financial_year_end AND financial_year_status = 1)  OR (audit_year_start <= %s AND %s <= audit_year_end AND audit_year_status = 1)) LIMIT 1,"[146, '2026-09-07', '2026-09-07', '2026-09-07', '2026-09-07']",0,[],863.32
2026-09-07T21:16:38.277187,find_party_candidates(John Smith),"SELECT p_code, p_type, company_name, person_name, Phone, Email, p_account FROM acc_party WHERE status = 1 AND system_id = %s AND p_type = %s AND (LOWER(TRIM(company_name))=LOWER(TRIM(%s)) OR LOWER(TRIM(person_name))=LOWER(TRIM(%s)))","(146, 'C', 'John Smith', 'John Smith')",1,"[{'p_code': 2010300631, 'p_type': 'C', 'company_name': 'JOHN SMITH', 'person_name': 'JOHN SMITH', 'Phone': None, 'Email': None, 'p_account': None}]",211.40
2026-09-07T21:16:38.485107,find_party_candidates(John Smith),"SELECT p_code, p_type, company_name, person_name, Phone, Email, p_account FROM acc_party WHERE status = 1 AND system_id = %s AND p_type = %s AND (company_name LIKE %s OR person_name LIKE %s) LIMIT %s","(146, 'C', 'John Smith%', 'John Smith%', 200)",1,"[{'p_code': 2010300631, 'p_type': 'C', 'company_name': 'JOHN SMITH', 'person_name': 'JOHN SMITH', 'Phone': None, 'Email': None, 'p_account': None}]",205.90
2026-09-07T21:16:38.694086,find_party_candidates(John Smith),"SELECT p_code, p_type, company_name, person_name, Phone, Email, p_account FROM acc_party WHERE status = 1 AND system_id = %s AND p_type = %s AND (company_name LIKE %s OR person_name LIKE %s) LIMIT %s","(146, 'C', '%John Smith%', '%John Smith%', 200)",2,"[{'p_code': 2010300631, 'p_type': 'C', 'company_name': 'JOHN SMITH', 'person_name': 'JOHN SMITH', 'Phone': None, 'Email': None, 'p_account': None}, {'p_code': 2010300632, 'p_type': 'C', 'company_name': 'Bank of the west — JOHN SMITH', 'person_name': 'Bank of the west — JOHN SMITH', 'Phone': None, 'Email': None, 'p_account': None}]",208.98
2026-09-07T21:16:38.915218,find_party_candidates(John Smith),"SELECT p_code, p_type, company_name, person_name, Phone, Email, p_account FROM acc_party WHERE status = 1 AND system_id = %s AND p_type = %s AND (company_name LIKE %s OR person_name LIKE %s) LIMIT %s","(146, 'C', '%John%', '%John%', 200)",2,"[{'p_code': 2010300631, 'p_type': 'C', 'company_name': 'JOHN SMITH', 'person_name': 'JOHN SMITH', 'Phone': None, 'Email': None, 'p_account': None}, {'p_code': 2010300632, 'p_type': 'C', 'company_name': 'Bank of the west — JOHN SMITH', 'person_name': 'Bank of the west — JOHN SMITH', 'Phone': None, 'Email': None, 'p_account': None}]",219.13
2026-09-07T21:16:39.758231,get_chart,"SELECT trans_acc_id, trans_acc_desc, subsi_acc_id, subsi_acc_desc, trans_system_id     FROM (SELECT @system_id := %s p) parm, v_trans_accounts_m2     WHERE trans_acc_display = 1     ORDER BY SUBSTRING(trans_acc_id, 1, 1),              SUBSTRING(trans_acc_id, 1, 5),              acc_main_sort, sub_sort, acc_sort, trans_acc_id",[146],221,"[{'trans_acc_id': '1000100010001', 'trans_acc_desc': 'Bank of the west', 'subsi_acc_id': 100010001, 'subsi_acc_desc': 'Banks', 'trans_system_id': 146}, {'trans_acc_id': '1000100010002', 'trans_acc_desc': 'Bank of the Ozarks', 'subsi_acc_id': 100010001, 'subsi_acc_desc': 'Banks', 'trans_system_id': 146}, {'trans_acc_id': '1000100010003', 'trans_acc_desc': 'Bancorp South Bank', 'subsi_acc_id': 100010001, 'subsi_acc_desc': 'Banks', 'trans_system_id': 146}, {'trans_acc_id': '1000100010004', 'trans_a...",438.98
2026-09-07T21:17:19.383072,within_open_year,SELECT 1 FROM business_year WHERE by_system_id = %s AND (  (financial_year_start <= %s AND %s <= financial_year_end AND financial_year_status = 1)  OR (audit_year_start <= %s AND %s <= audit_year_end AND audit_year_status = 1)) LIMIT 1,"[146, '2026-09-07', '2026-09-07', '2026-09-07', '2026-09-07']",0,[],404.08
2026-09-07T21:17:19.814520,find_party_candidates(John Smith),"SELECT p_code, p_type, company_name, person_name, Phone, Email, p_account FROM acc_party WHERE status = 1 AND system_id = %s AND p_type = %s AND (LOWER(TRIM(company_name))=LOWER(TRIM(%s)) OR LOWER(TRIM(person_name))=LOWER(TRIM(%s)))","(146, 'C', 'John Smith', 'John Smith')",1,"[{'p_code': 2010300631, 'p_type': 'C', 'company_name': 'JOHN SMITH', 'person_name': 'JOHN SMITH', 'Phone': None, 'Email': None, 'p_account': None}]",211.82
2026-09-07T21:17:20.027731,find_party_candidates(John Smith),"SELECT p_code, p_type, company_name, person_name, Phone, Email, p_account FROM acc_party WHERE status = 1 AND system_id = %s AND p_type = %s AND (company_name LIKE %s OR person_name LIKE %s) LIMIT %s","(146, 'C', 'John Smith%', 'John Smith%', 200)",1,"[{'p_code': 2010300631, 'p_type': 'C', 'company_name': 'JOHN SMITH', 'person_name': 'JOHN SMITH', 'Phone': None, 'Email': None, 'p_account': None}]",212.21
2026-09-07T21:17:20.234549,find_party_candidates(John Smith),"SELECT p_code, p_type, company_name, person_name, Phone, Email, p_account FROM acc_party WHERE status = 1 AND system_id = %s AND p_type = %s AND (company_name LIKE %s OR person_name LIKE %s) LIMIT %s","(146, 'C', '%John Smith%', '%John Smith%', 200)",2,"[{'p_code': 2010300631, 'p_type': 'C', 'company_name': 'JOHN SMITH', 'person_name': 'JOHN SMITH', 'Phone': None, 'Email': None, 'p_account': None}, {'p_code': 2010300632, 'p_type': 'C', 'company_name': 'Bank of the west — JOHN SMITH', 'person_name': 'Bank of the west — JOHN SMITH', 'Phone': None, 'Email': None, 'p_account': None}]",206.82
2026-09-07T21:17:20.488425,find_party_candidates(John Smith),"SELECT p_code, p_type, company_name, person_name, Phone, Email, p_account FROM acc_party WHERE status = 1 AND system_id = %s AND p_type = %s AND (company_name LIKE %s OR person_name LIKE %s) LIMIT %s","(146, 'C', '%John%', '%John%', 200)",2,"[{'p_code': 2010300631, 'p_type': 'C', 'company_name': 'JOHN SMITH', 'person_name': 'JOHN SMITH', 'Phone': None, 'Email': None, 'p_account': None}, {'p_code': 2010300632, 'p_type': 'C', 'company_name': 'Bank of the west — JOHN SMITH', 'person_name': 'Bank of the west — JOHN SMITH', 'Phone': None, 'Email': None, 'p_account': None}]",252.66
2026-09-07T21:17:40.887139,within_open_year,SELECT 1 FROM business_year WHERE by_system_id = %s AND (  (financial_year_start <= %s AND %s <= financial_year_end AND financial_year_status = 1)  OR (audit_year_start <= %s AND %s <= audit_year_end AND audit_year_status = 1)) LIMIT 1,"[146, '2026-09-07', '2026-09-07', '2026-09-07', '2026-09-07']",0,[],462.03
2026-09-07T21:17:41.312904,find_party_candidates(John Smith),"SELECT p_code, p_type, company_name, person_name, Phone, Email, p_account FROM acc_party WHERE status = 1 AND system_id = %s AND p_type = %s AND (LOWER(TRIM(company_name))=LOWER(TRIM(%s)) OR LOWER(TRIM(person_name))=LOWER(TRIM(%s)))","(146, 'C', 'John Smith', 'John Smith')",1,"[{'p_code': 2010300631, 'p_type': 'C', 'company_name': 'JOHN SMITH', 'person_name': 'JOHN SMITH', 'Phone': None, 'Email': None, 'p_account': None}]",203.47
2026-09-07T21:17:41.520067,find_party_candidates(John Smith),"SELECT p_code, p_type, company_name, person_name, Phone, Email, p_account FROM acc_party WHERE status = 1 AND system_id = %s AND p_type = %s AND (company_name LIKE %s OR person_name LIKE %s) LIMIT %s","(146, 'C', 'John Smith%', 'John Smith%', 200)",1,"[{'p_code': 2010300631, 'p_type': 'C', 'company_name': 'JOHN SMITH', 'person_name': 'JOHN SMITH', 'Phone': None, 'Email': None, 'p_account': None}]",206.17
2026-09-07T21:17:41.728104,find_party_candidates(John Smith),"SELECT p_code, p_type, company_name, person_name, Phone, Email, p_account FROM acc_party WHERE status = 1 AND system_id = %s AND p_type = %s AND (company_name LIKE %s OR person_name LIKE %s) LIMIT %s","(146, 'C', '%John Smith%', '%John Smith%', 200)",2,"[{'p_code': 2010300631, 'p_type': 'C', 'company_name': 'JOHN SMITH', 'person_name': 'JOHN SMITH', 'Phone': None, 'Email': None, 'p_account': None}, {'p_code': 2010300632, 'p_type': 'C', 'company_name': 'Bank of the west — JOHN SMITH', 'person_name': 'Bank of the west — JOHN SMITH', 'Phone': None, 'Email': None, 'p_account': None}]",208.04
2026-09-07T21:17:41.938683,find_party_candidates(John Smith),"SELECT p_code, p_type, company_name, person_name, Phone, Email, p_account FROM acc_party WHERE status = 1 AND system_id = %s AND p_type = %s AND (company_name LIKE %s OR person_name LIKE %s) LIMIT %s","(146, 'C', '%John%', '%John%', 200)",2,"[{'p_code': 2010300631, 'p_type': 'C', 'company_name': 'JOHN SMITH', 'person_name': 'JOHN SMITH', 'Phone': None, 'Email': None, 'p_account': None}, {'p_code': 2010300632, 'p_type': 'C', 'company_name': 'Bank of the west — JOHN SMITH', 'person_name': 'Bank of the west — JOHN SMITH', 'Phone': None, 'Email': None, 'p_account': None}]",209.58
2026-09-07T21:18:14.747178,within_open_year,SELECT 1 FROM business_year WHERE by_system_id = %s AND (  (financial_year_start <= %s AND %s <= financial_year_end AND financial_year_status = 1)  OR (audit_year_start <= %s AND %s <= audit_year_end AND audit_year_status = 1)) LIMIT 1,"[146, '2026-06-07', '2026-06-07', '2026-06-07', '2026-06-07']",0,[],401.48
2026-09-07T21:18:15.154602,find_party_candidates(Medicare),"SELECT p_code, p_type, company_name, person_name, Phone, Email, p_account FROM acc_party WHERE status = 1 AND system_id = %s AND p_type = %s AND (LOWER(TRIM(company_name))=LOWER(TRIM(%s)) OR LOWER(TRIM(person_name))=LOWER(TRIM(%s)))","(146, 'C', 'Medicare', 'Medicare')",1,"[{'p_code': 2010300641, 'p_type': 'C', 'company_name': 'Medicare', 'person_name': 'Medicare', 'Phone': None, 'Email': None, 'p_account': None}]",205.39
2026-09-07T21:18:15.361173,find_party_candidates(Medicare),"SELECT p_code, p_type, company_name, person_name, Phone, Email, p_account FROM acc_party WHERE status = 1 AND system_id = %s AND p_type = %s AND (company_name LIKE %s OR person_name LIKE %s) LIMIT %s","(146, 'C', 'Medicare%', 'Medicare%', 200)",1,"[{'p_code': 2010300641, 'p_type': 'C', 'company_name': 'Medicare', 'person_name': 'Medicare', 'Phone': None, 'Email': None, 'p_account': None}]",205.39
2026-09-07T21:18:15.567712,find_party_candidates(Medicare),"SELECT p_code, p_type, company_name, person_name, Phone, Email, p_account FROM acc_party WHERE status = 1 AND system_id = %s AND p_type = %s AND (company_name LIKE %s OR person_name LIKE %s) LIMIT %s","(146, 'C', '%Medicare%', '%Medicare%', 200)",1,"[{'p_code': 2010300641, 'p_type': 'C', 'company_name': 'Medicare', 'person_name': 'Medicare', 'Phone': None, 'Email': None, 'p_account': None}]",205.86
2026-09-07T21:18:15.776786,find_party_candidates(Medicare),"SELECT p_code, p_type, company_name, person_name, Phone, Email, p_account FROM acc_party WHERE status = 1 AND system_id = %s AND p_type = %s AND (company_name LIKE %s OR person_name LIKE %s) LIMIT %s","(146, 'C', '%Medicare%', '%Medicare%', 200)",1,"[{'p_code': 2010300641, 'p_type': 'C', 'company_name': 'Medicare', 'person_name': 'Medicare', 'Phone': None, 'Email': None, 'p_account': None}]",209.07
2026-09-07T21:19:04.219267,within_open_year,SELECT 1 FROM business_year WHERE by_system_id = %s AND (  (financial_year_start <= %s AND %s <= financial_year_end AND financial_year_status = 1)  OR (audit_year_start <= %s AND %s <= audit_year_end AND audit_year_status = 1)) LIMIT 1,"[146, '2026-06-07', '2026-06-07', '2026-06-07', '2026-06-07']",0,[],397.63
2026-09-07T21:19:04.618354,commit_voucher.party,"SELECT p_code, p_type, company_name, person_name FROM acc_party WHERE p_code = %s AND system_id = %s LIMIT 1","['2010300629', 146]",1,"[{'p_code': 2010300629, 'p_type': 'C', 'company_name': '3S', 'person_name': 'Ali'}]",399.09
2026-09-07T21:19:07.262400,insert_voucher(261203000167),INSERT CRV,"[261203000167, '2010300629', '100045000', '35002', 8750.0]",1,['COMMIT OK'],1633.05
2026-09-07T21:21:44.480071,list_vouchers,"SELECT m.at_id, m.at_doc_type, m.at_date, m.at_m_amount, m.at_status,        m.at_remarks, m.at_cheque_no, m.at_party_code,        COALESCE(p.company_name, p.person_name) AS party_name,        (SELECT COUNT(*) FROM acc_trans_reconcile r          WHERE r.at_id = m.at_id AND r.at_system_id = m.system_id            AND r.at_acc_reconcile = 1) AS reconciled FROM acc_trans_m m LEFT JOIN acc_party p ON p.p_code = m.at_party_code AND p.system_id = m.system_id WHERE m.system_id = %s AND m.at_doc_type IN (%s, %s) AND DATE(m.at_date) = %s ORDER BY m.at_id DESC LIMIT %s","[146, '01', '02', '2026-06-07', 200]",7,"[{'at_id': 261203000167, 'at_doc_type': '01', 'at_date': datetime.datetime(2026, 6, 7, 0, 0), 'at_m_amount': Decimal('8750.00'), 'at_status': '1', 'at_remarks': 'Healthcare Services', 'at_cheque_no': None, 'at_party_code': '2010300629', 'party_name': '3S', 'reconciled': 0}, {'at_id': 261203000161, 'at_doc_type': '01', 'at_date': datetime.datetime(2026, 6, 7, 0, 0), 'at_m_amount': Decimal('8750.00'), 'at_status': '1', 'at_remarks': 'Healthcare Services', 'at_cheque_no': None, 'at_party_code': '20...",698.14
2026-09-07T21:23:12.419620,fetch_voucher.master,"SELECT at_id, at_date, at_doc_type, at_desc, at_remarks, at_memo,        at_m_amount, at_party_code, at_bank, at_bank_acc, at_cheque_no,        at_cheque_date, at_status, at_cr_user, at_cr_date, at_up_user, at_up_date FROM acc_trans_m WHERE at_id = %s AND system_id = %s","['261203000167', 146]",1,"[{'at_id': 261203000167, 'at_date': datetime.datetime(2026, 6, 7, 0, 0), 'at_doc_type': '01', 'at_desc': 'Receipt Voucher', 'at_remarks': 'Healthcare Services', 'at_memo': 'Healthcare Services', 'at_m_amount': Decimal('8750.00'), 'at_party_code': '2010300629', 'at_bank': 'Meezan 1234', 'at_bank_acc': '100045000', 'at_cheque_no': None, 'at_cheque_date': None, 'at_status': '1', 'at_cr_user': '86', 'at_cr_date': datetime.datetime(2026, 9, 7, 21, 19, 6), 'at_up_user': None, 'at_up_date': None}]",400.36
2026-09-07T21:23:12.824765,fetch_voucher.legs,"SELECT at_sno, at_acc_code, at_dc_type, at_amount, at_remarks, atd_date, atd_party FROM acc_trans_d WHERE at_id = %s AND at_system_id = %s ORDER BY at_sno","['261203000167', 146]",2,"[{'at_sno': 1, 'at_acc_code': 100045000, 'at_dc_type': 'D', 'at_amount': Decimal('8750.00'), 'at_remarks': 'Healthcare Services', 'atd_date': datetime.date(2026, 6, 7), 'atd_party': '2010300629'}, {'at_sno': 2, 'at_acc_code': 35002, 'at_dc_type': 'C', 'at_amount': Decimal('-8750.00'), 'at_remarks': 'Healthcare Services', 'atd_date': datetime.date(2026, 6, 7), 'atd_party': '2010300629'}]",404.16
2026-09-07T21:23:13.293301,fetch_voucher.reconciled,SELECT COUNT(*) AS n FROM acc_trans_reconcile WHERE at_id = %s AND at_system_id = %s AND at_acc_reconcile = 1,"['261203000167', 146]",1,[{'n': 0}],466.47
2026-09-07T21:23:13.708465,fetch_voucher.party,"SELECT p_code, p_type, company_name, person_name FROM acc_party WHERE p_code = %s AND system_id = %s LIMIT 1","['2010300629', 146]",1,"[{'p_code': 2010300629, 'p_type': 'C', 'company_name': '3S', 'person_name': 'Ali'}]",413.28
2026-09-07T21:23:14.547282,get_chart,"SELECT trans_acc_id, trans_acc_desc, subsi_acc_id, subsi_acc_desc, trans_system_id     FROM (SELECT @system_id := %s p) parm, v_trans_accounts_m2     WHERE trans_acc_display = 1     ORDER BY SUBSTRING(trans_acc_id, 1, 1),              SUBSTRING(trans_acc_id, 1, 5),              acc_main_sort, sub_sort, acc_sort, trans_acc_id",[146],221,"[{'trans_acc_id': '1000100010001', 'trans_acc_desc': 'Bank of the west', 'subsi_acc_id': 100010001, 'subsi_acc_desc': 'Banks', 'trans_system_id': 146}, {'trans_acc_id': '1000100010002', 'trans_acc_desc': 'Bank of the Ozarks', 'subsi_acc_id': 100010001, 'subsi_acc_desc': 'Banks', 'trans_system_id': 146}, {'trans_acc_id': '1000100010003', 'trans_acc_desc': 'Bancorp South Bank', 'subsi_acc_id': 100010001, 'subsi_acc_desc': 'Banks', 'trans_system_id': 146}, {'trans_acc_id': '1000100010004', 'trans_a...",435.50
2026-09-07T21:23:14.961147,fetch_voucher.master,"SELECT at_id, at_date, at_doc_type, at_desc, at_remarks, at_memo,        at_m_amount, at_party_code, at_bank, at_bank_acc, at_cheque_no,        at_cheque_date, at_status, at_cr_user, at_cr_date, at_up_user, at_up_date FROM acc_trans_m WHERE at_id = %s AND system_id = %s","['261203000161', 146]",1,"[{'at_id': 261203000161, 'at_date': datetime.datetime(2026, 6, 7, 0, 0), 'at_doc_type': '01', 'at_desc': 'Receipt Voucher', 'at_remarks': 'Healthcare Services', 'at_memo': 'Healthcare Services', 'at_m_amount': Decimal('8750.00'), 'at_party_code': '2010300629', 'at_bank': 'Bank of Amerc', 'at_bank_acc': '100045001', 'at_cheque_no': None, 'at_cheque_date': None, 'at_status': '1', 'at_cr_user': '86', 'at_cr_date': datetime.datetime(2026, 9, 4, 18, 39, 43), 'at_up_user': '86', 'at_up_date': datetime...",408.81
2026-09-07T21:23:15.438444,fetch_voucher.legs,"SELECT at_sno, at_acc_code, at_dc_type, at_amount, at_remarks, atd_date, atd_party FROM acc_trans_d WHERE at_id = %s AND at_system_id = %s ORDER BY at_sno","['261203000161', 146]",2,"[{'at_sno': 1, 'at_acc_code': 100045001, 'at_dc_type': 'D', 'at_amount': Decimal('8750.00'), 'at_remarks': 'Healthcare Services', 'atd_date': datetime.date(2026, 6, 7), 'atd_party': '2010300629'}, {'at_sno': 2, 'at_acc_code': 35002, 'at_dc_type': 'C', 'at_amount': Decimal('-8750.00'), 'at_remarks': 'Healthcare Services', 'atd_date': datetime.date(2026, 6, 7), 'atd_party': '2010300629'}]",474.59
2026-09-07T21:23:16.072140,fetch_voucher.reconciled,SELECT COUNT(*) AS n FROM acc_trans_reconcile WHERE at_id = %s AND at_system_id = %s AND at_acc_reconcile = 1,"['261203000161', 146]",1,[{'n': 0}],632.02
2026-09-07T21:23:16.508961,fetch_voucher.party,"SELECT p_code, p_type, company_name, person_name FROM acc_party WHERE p_code = %s AND system_id = %s LIMIT 1","['2010300629', 146]",1,"[{'p_code': 2010300629, 'p_type': 'C', 'company_name': '3S', 'person_name': 'Ali'}]",434.88
2026-09-07T21:23:16.915141,fetch_voucher.master,"SELECT at_id, at_date, at_doc_type, at_desc, at_remarks, at_memo,        at_m_amount, at_party_code, at_bank, at_bank_acc, at_cheque_no,        at_cheque_date, at_status, at_cr_user, at_cr_date, at_up_user, at_up_date FROM acc_trans_m WHERE at_id = %s AND system_id = %s","['261203000160', 146]",1,"[{'at_id': 261203000160, 'at_date': datetime.datetime(2026, 6, 7, 0, 0), 'at_doc_type': '01', 'at_desc': 'Receipt Voucher', 'at_remarks': 'Healthcare Services', 'at_memo': 'Healthcare Services', 'at_m_amount': Decimal('8750.00'), 'at_party_code': '2010300629', 'at_bank': 'Bank of Amerc', 'at_bank_acc': '100045001', 'at_cheque_no': None, 'at_cheque_date': None, 'at_status': '1', 'at_cr_user': '86', 'at_cr_date': datetime.datetime(2026, 9, 4, 18, 38, 10), 'at_up_user': '86', 'at_up_date': datetime...",404.18
2026-09-07T21:23:17.365041,fetch_voucher.legs,"SELECT at_sno, at_acc_code, at_dc_type, at_amount, at_remarks, atd_date, atd_party FROM acc_trans_d WHERE at_id = %s AND at_system_id = %s ORDER BY at_sno","['261203000160', 146]",2,"[{'at_sno': 1, 'at_acc_code': 100045001, 'at_dc_type': 'D', 'at_amount': Decimal('8750.00'), 'at_remarks': 'Healthcare Services', 'atd_date': datetime.date(2026, 6, 7), 'atd_party': '2010300629'}, {'at_sno': 2, 'at_acc_code': 35002, 'at_dc_type': 'C', 'at_amount': Decimal('-8750.00'), 'at_remarks': 'Healthcare Services', 'atd_date': datetime.date(2026, 6, 7), 'atd_party': '2010300629'}]",448.79
2026-09-07T21:23:17.782101,fetch_voucher.reconciled,SELECT COUNT(*) AS n FROM acc_trans_reconcile WHERE at_id = %s AND at_system_id = %s AND at_acc_reconcile = 1,"['261203000160', 146]",1,[{'n': 0}],415.63
2026-09-07T21:23:18.217715,fetch_voucher.party,"SELECT p_code, p_type, company_name, person_name FROM acc_party WHERE p_code = %s AND system_id = %s LIMIT 1","['2010300629', 146]",1,"[{'p_code': 2010300629, 'p_type': 'C', 'company_name': '3S', 'person_name': 'Ali'}]",434.61
2026-09-07T21:23:18.649129,fetch_voucher.master,"SELECT at_id, at_date, at_doc_type, at_desc, at_remarks, at_memo,        at_m_amount, at_party_code, at_bank, at_bank_acc, at_cheque_no,        at_cheque_date, at_status, at_cr_user, at_cr_date, at_up_user, at_up_date FROM acc_trans_m WHERE at_id = %s AND system_id = %s","['261203000158', 146]",1,"[{'at_id': 261203000158, 'at_date': datetime.datetime(2026, 6, 7, 0, 0), 'at_doc_type': '01', 'at_desc': 'Receipt Voucher', 'at_remarks': 'Healthcare Services', 'at_memo': 'Healthcare Services', 'at_m_amount': Decimal('507.00'), 'at_party_code': '2010300629', 'at_bank': 'Bank of Amerc', 'at_bank_acc': '100045001', 'at_cheque_no': None, 'at_cheque_date': None, 'at_status': '1', 'at_cr_user': '86', 'at_cr_date': datetime.datetime(2026, 9, 3, 23, 47, 26), 'at_up_user': '86', 'at_up_date': datetime....",429.33
2026-09-07T21:23:19.113508,fetch_voucher.legs,"SELECT at_sno, at_acc_code, at_dc_type, at_amount, at_remarks, atd_date, atd_party FROM acc_trans_d WHERE at_id = %s AND at_system_id = %s ORDER BY at_sno","['261203000158', 146]",2,"[{'at_sno': 1, 'at_acc_code': 100045001, 'at_dc_type': 'D', 'at_amount': Decimal('507.00'), 'at_remarks': 'Healthcare Services', 'atd_date': datetime.date(2026, 6, 7), 'atd_party': '2010300629'}, {'at_sno': 2, 'at_acc_code': 35002, 'at_dc_type': 'C', 'at_amount': Decimal('-507.00'), 'at_remarks': 'Healthcare Services', 'atd_date': datetime.date(2026, 6, 7), 'atd_party': '2010300629'}]",463.39
2026-09-07T21:23:19.523955,fetch_voucher.reconciled,SELECT COUNT(*) AS n FROM acc_trans_reconcile WHERE at_id = %s AND at_system_id = %s AND at_acc_reconcile = 1,"['261203000158', 146]",1,[{'n': 0}],408.99
2026-09-07T21:23:19.928209,fetch_voucher.party,"SELECT p_code, p_type, company_name, person_name FROM acc_party WHERE p_code = %s AND system_id = %s LIMIT 1","['2010300629', 146]",1,"[{'p_code': 2010300629, 'p_type': 'C', 'company_name': '3S', 'person_name': 'Ali'}]",402.68
2026-09-07T21:24:14.695646,fetch_voucher.master,"SELECT at_id, at_date, at_doc_type, at_desc, at_remarks, at_memo,        at_m_amount, at_party_code, at_bank, at_bank_acc, at_cheque_no,        at_cheque_date, at_status, at_cr_user, at_cr_date, at_up_user, at_up_date FROM acc_trans_m WHERE at_id = %s AND system_id = %s","['261203000158', 146]",1,"[{'at_id': 261203000158, 'at_date': datetime.datetime(2026, 6, 7, 0, 0), 'at_doc_type': '01', 'at_desc': 'Receipt Voucher', 'at_remarks': 'Healthcare Services', 'at_memo': 'Healthcare Services', 'at_m_amount': Decimal('507.00'), 'at_party_code': '2010300629', 'at_bank': 'Bank of Amerc', 'at_bank_acc': '100045001', 'at_cheque_no': None, 'at_cheque_date': None, 'at_status': '1', 'at_cr_user': '86', 'at_cr_date': datetime.datetime(2026, 9, 3, 23, 47, 26), 'at_up_user': '86', 'at_up_date': datetime....",407.12
2026-09-07T21:24:15.096931,fetch_voucher.legs,"SELECT at_sno, at_acc_code, at_dc_type, at_amount, at_remarks, atd_date, atd_party FROM acc_trans_d WHERE at_id = %s AND at_system_id = %s ORDER BY at_sno","['261203000158', 146]",2,"[{'at_sno': 1, 'at_acc_code': 100045001, 'at_dc_type': 'D', 'at_amount': Decimal('507.00'), 'at_remarks': 'Healthcare Services', 'atd_date': datetime.date(2026, 6, 7), 'atd_party': '2010300629'}, {'at_sno': 2, 'at_acc_code': 35002, 'at_dc_type': 'C', 'at_amount': Decimal('-507.00'), 'at_remarks': 'Healthcare Services', 'atd_date': datetime.date(2026, 6, 7), 'atd_party': '2010300629'}]",400.29
2026-09-07T21:24:15.507555,fetch_voucher.reconciled,SELECT COUNT(*) AS n FROM acc_trans_reconcile WHERE at_id = %s AND at_system_id = %s AND at_acc_reconcile = 1,"['261203000158', 146]",1,[{'n': 0}],409.49
2026-09-07T21:24:15.911015,fetch_voucher.party,"SELECT p_code, p_type, company_name, person_name FROM acc_party WHERE p_code = %s AND system_id = %s LIMIT 1","['2010300629', 146]",1,"[{'p_code': 2010300629, 'p_type': 'C', 'company_name': '3S', 'person_name': 'Ali'}]",402.46
2026-09-07T21:24:16.315875,within_open_year,SELECT 1 FROM business_year WHERE by_system_id = %s AND (  (financial_year_start <= %s AND %s <= financial_year_end AND financial_year_status = 1)  OR (audit_year_start <= %s AND %s <= audit_year_end AND audit_year_status = 1)) LIMIT 1,"[146, '2026-06-07', '2026-06-07', '2026-06-07', '2026-06-07']",0,[],402.02
2026-09-07T21:24:16.726020,update_voucher.party,"SELECT p_code, p_type, company_name, person_name FROM acc_party WHERE p_code = %s AND system_id = %s LIMIT 1","['2010300639', 146]",1,"[{'p_code': 2010300639, 'p_type': 'C', 'company_name': '3s(ali)', 'person_name': '3s(ali)'}]",408.26
2026-09-07T21:24:20.268568,fetch_voucher.master,"SELECT at_id, at_date, at_doc_type, at_desc, at_remarks, at_memo,        at_m_amount, at_party_code, at_bank, at_bank_acc, at_cheque_no,        at_cheque_date, at_status, at_cr_user, at_cr_date, at_up_user, at_up_date FROM acc_trans_m WHERE at_id = %s AND system_id = %s","['261203000158', 146]",1,"[{'at_id': 261203000158, 'at_date': datetime.datetime(2026, 6, 7, 0, 0), 'at_doc_type': '01', 'at_desc': 'Receipt Voucher', 'at_remarks': 'Healthcare Services', 'at_memo': 'Healthcare Services', 'at_m_amount': Decimal('507.00'), 'at_party_code': '2010300639', 'at_bank': 'Bank of Amerc', 'at_bank_acc': '100045001', 'at_cheque_no': None, 'at_cheque_date': None, 'at_status': '1', 'at_cr_user': '86', 'at_cr_date': datetime.datetime(2026, 9, 3, 23, 47, 26), 'at_up_user': '86', 'at_up_date': datetime....",407.17
2026-09-07T21:24:20.668470,fetch_voucher.legs,"SELECT at_sno, at_acc_code, at_dc_type, at_amount, at_remarks, atd_date, atd_party FROM acc_trans_d WHERE at_id = %s AND at_system_id = %s ORDER BY at_sno","['261203000158', 146]",2,"[{'at_sno': 1, 'at_acc_code': 100045001, 'at_dc_type': 'D', 'at_amount': Decimal('507.00'), 'at_remarks': 'Healthcare Services', 'atd_date': datetime.date(2026, 6, 7), 'atd_party': '2010300639'}, {'at_sno': 2, 'at_acc_code': 35002, 'at_dc_type': 'C', 'at_amount': Decimal('-507.00'), 'at_remarks': 'Healthcare Services', 'atd_date': datetime.date(2026, 6, 7), 'atd_party': '2010300639'}]",398.92
2026-09-07T21:24:21.083138,fetch_voucher.reconciled,SELECT COUNT(*) AS n FROM acc_trans_reconcile WHERE at_id = %s AND at_system_id = %s AND at_acc_reconcile = 1,"['261203000158', 146]",1,[{'n': 0}],412.25
2026-09-07T21:24:21.525173,fetch_voucher.party,"SELECT p_code, p_type, company_name, person_name FROM acc_party WHERE p_code = %s AND system_id = %s LIMIT 1","['2010300639', 146]",1,"[{'p_code': 2010300639, 'p_type': 'C', 'company_name': '3s(ali)', 'person_name': '3s(ali)'}]",441.61
2026-09-07T21:24:34.484621,fetch_voucher.master,"SELECT at_id, at_date, at_doc_type, at_desc, at_remarks, at_memo,        at_m_amount, at_party_code, at_bank, at_bank_acc, at_cheque_no,        at_cheque_date, at_status, at_cr_user, at_cr_date, at_up_user, at_up_date FROM acc_trans_m WHERE at_id = %s AND system_id = %s","['261203000158', 146]",1,"[{'at_id': 261203000158, 'at_date': datetime.datetime(2026, 6, 7, 0, 0), 'at_doc_type': '01', 'at_desc': 'Receipt Voucher', 'at_remarks': 'Healthcare Services', 'at_memo': 'Healthcare Services', 'at_m_amount': Decimal('507.00'), 'at_party_code': '2010300639', 'at_bank': 'Bank of Amerc', 'at_bank_acc': '100045001', 'at_cheque_no': None, 'at_cheque_date': None, 'at_status': '1', 'at_cr_user': '86', 'at_cr_date': datetime.datetime(2026, 9, 3, 23, 47, 26), 'at_up_user': '86', 'at_up_date': datetime....",460.10
2026-09-07T21:24:34.900574,fetch_voucher.legs,"SELECT at_sno, at_acc_code, at_dc_type, at_amount, at_remarks, atd_date, atd_party FROM acc_trans_d WHERE at_id = %s AND at_system_id = %s ORDER BY at_sno","['261203000158', 146]",2,"[{'at_sno': 1, 'at_acc_code': 100045001, 'at_dc_type': 'D', 'at_amount': Decimal('507.00'), 'at_remarks': 'Healthcare Services', 'atd_date': datetime.date(2026, 6, 7), 'atd_party': '2010300639'}, {'at_sno': 2, 'at_acc_code': 35002, 'at_dc_type': 'C', 'at_amount': Decimal('-507.00'), 'at_remarks': 'Healthcare Services', 'atd_date': datetime.date(2026, 6, 7), 'atd_party': '2010300639'}]",414.22
2026-09-07T21:24:35.317389,fetch_voucher.reconciled,SELECT COUNT(*) AS n FROM acc_trans_reconcile WHERE at_id = %s AND at_system_id = %s AND at_acc_reconcile = 1,"['261203000158', 146]",1,[{'n': 0}],415.68
2026-09-07T21:24:35.738534,fetch_voucher.party,"SELECT p_code, p_type, company_name, person_name FROM acc_party WHERE p_code = %s AND system_id = %s LIMIT 1","['2010300639', 146]",1,"[{'p_code': 2010300639, 'p_type': 'C', 'company_name': '3s(ali)', 'person_name': '3s(ali)'}]",419.28
2026-09-07T21:24:56.316052,fetch_voucher.master,"SELECT at_id, at_date, at_doc_type, at_desc, at_remarks, at_memo,        at_m_amount, at_party_code, at_bank, at_bank_acc, at_cheque_no,        at_cheque_date, at_status, at_cr_user, at_cr_date, at_up_user, at_up_date FROM acc_trans_m WHERE at_id = %s AND system_id = %s","['261203000158', 146]",1,"[{'at_id': 261203000158, 'at_date': datetime.datetime(2026, 6, 7, 0, 0), 'at_doc_type': '01', 'at_desc': 'Receipt Voucher', 'at_remarks': 'Healthcare Services', 'at_memo': 'Healthcare Services', 'at_m_amount': Decimal('507.00'), 'at_party_code': '2010300639', 'at_bank': 'Bank of Amerc', 'at_bank_acc': '100045001', 'at_cheque_no': None, 'at_cheque_date': None, 'at_status': '1', 'at_cr_user': '86', 'at_cr_date': datetime.datetime(2026, 9, 3, 23, 47, 26), 'at_up_user': '86', 'at_up_date': datetime....",484.26
2026-09-07T21:24:56.717607,fetch_voucher.legs,"SELECT at_sno, at_acc_code, at_dc_type, at_amount, at_remarks, atd_date, atd_party FROM acc_trans_d WHERE at_id = %s AND at_system_id = %s ORDER BY at_sno","['261203000158', 146]",2,"[{'at_sno': 1, 'at_acc_code': 100045001, 'at_dc_type': 'D', 'at_amount': Decimal('507.00'), 'at_remarks': 'Healthcare Services', 'atd_date': datetime.date(2026, 6, 7), 'atd_party': '2010300639'}, {'at_sno': 2, 'at_acc_code': 35002, 'at_dc_type': 'C', 'at_amount': Decimal('-507.00'), 'at_remarks': 'Healthcare Services', 'atd_date': datetime.date(2026, 6, 7), 'atd_party': '2010300639'}]",401.56
2026-09-07T21:24:57.138770,fetch_voucher.reconciled,SELECT COUNT(*) AS n FROM acc_trans_reconcile WHERE at_id = %s AND at_system_id = %s AND at_acc_reconcile = 1,"['261203000158', 146]",1,[{'n': 0}],421.16
2026-09-07T21:24:57.537726,fetch_voucher.party,"SELECT p_code, p_type, company_name, person_name FROM acc_party WHERE p_code = %s AND system_id = %s LIMIT 1","['2010300639', 146]",1,"[{'p_code': 2010300639, 'p_type': 'C', 'company_name': '3s(ali)', 'person_name': '3s(ali)'}]",398.09
2026-09-07T21:24:57.939880,within_open_year,SELECT 1 FROM business_year WHERE by_system_id = %s AND (  (financial_year_start <= %s AND %s <= financial_year_end AND financial_year_status = 1)  OR (audit_year_start <= %s AND %s <= audit_year_end AND audit_year_status = 1)) LIMIT 1,"[146, '2026-06-07', '2026-06-07', '2026-06-07', '2026-06-07']",0,[],400.48
2026-09-07T21:24:58.354524,update_voucher.party,"SELECT p_code, p_type, company_name, person_name FROM acc_party WHERE p_code = %s AND system_id = %s LIMIT 1","['2010300642', 146]",1,"[{'p_code': 2010300642, 'p_type': 'C', 'company_name': 'Acme CORP', 'person_name': 'Acme CORP'}]",413.72
2026-09-07T21:25:02.084769,fetch_voucher.master,"SELECT at_id, at_date, at_doc_type, at_desc, at_remarks, at_memo,        at_m_amount, at_party_code, at_bank, at_bank_acc, at_cheque_no,        at_cheque_date, at_status, at_cr_user, at_cr_date, at_up_user, at_up_date FROM acc_trans_m WHERE at_id = %s AND system_id = %s","['261203000158', 146]",1,"[{'at_id': 261203000158, 'at_date': datetime.datetime(2026, 6, 7, 0, 0), 'at_doc_type': '01', 'at_desc': 'Receipt Voucher', 'at_remarks': 'Healthcare Services', 'at_memo': 'Healthcare Services', 'at_m_amount': Decimal('508.00'), 'at_party_code': '2010300642', 'at_bank': 'Bank of Amerc', 'at_bank_acc': '100045001', 'at_cheque_no': None, 'at_cheque_date': None, 'at_status': '1', 'at_cr_user': '86', 'at_cr_date': datetime.datetime(2026, 9, 3, 23, 47, 26), 'at_up_user': '86', 'at_up_date': datetime....",450.62
2026-09-07T21:25:02.608540,fetch_voucher.legs,"SELECT at_sno, at_acc_code, at_dc_type, at_amount, at_remarks, atd_date, atd_party FROM acc_trans_d WHERE at_id = %s AND at_system_id = %s ORDER BY at_sno","['261203000158', 146]",2,"[{'at_sno': 1, 'at_acc_code': 100045001, 'at_dc_type': 'D', 'at_amount': Decimal('508.00'), 'at_remarks': 'Healthcare Services', 'atd_date': datetime.date(2026, 6, 7), 'atd_party': '2010300642'}, {'at_sno': 2, 'at_acc_code': 35002, 'at_dc_type': 'C', 'at_amount': Decimal('-508.00'), 'at_remarks': 'Healthcare Services', 'atd_date': datetime.date(2026, 6, 7), 'atd_party': '2010300642'}]",523.77
2026-09-07T21:25:03.047039,fetch_voucher.reconciled,SELECT COUNT(*) AS n FROM acc_trans_reconcile WHERE at_id = %s AND at_system_id = %s AND at_acc_reconcile = 1,"['261203000158', 146]",1,[{'n': 0}],437.41
2026-09-07T21:25:03.589713,fetch_voucher.party,"SELECT p_code, p_type, company_name, person_name FROM acc_party WHERE p_code = %s AND system_id = %s LIMIT 1","['2010300642', 146]",1,"[{'p_code': 2010300642, 'p_type': 'C', 'company_name': 'Acme CORP', 'person_name': 'Acme CORP'}]",541.80
2026-09-07T21:25:09.716281,list_vouchers,"SELECT m.at_id, m.at_doc_type, m.at_date, m.at_m_amount, m.at_status,        m.at_remarks, m.at_cheque_no, m.at_party_code,        COALESCE(p.company_name, p.person_name) AS party_name,        (SELECT COUNT(*) FROM acc_trans_reconcile r          WHERE r.at_id = m.at_id AND r.at_system_id = m.system_id            AND r.at_acc_reconcile = 1) AS reconciled FROM acc_trans_m m LEFT JOIN acc_party p ON p.p_code = m.at_party_code AND p.system_id = m.system_id WHERE m.system_id = %s AND m.at_doc_type IN (%s, %s) AND DATE(m.at_date) = %s ORDER BY m.at_id DESC LIMIT %s","[146, '01', '02', '2026-06-07', 200]",7,"[{'at_id': 261203000167, 'at_doc_type': '01', 'at_date': datetime.datetime(2026, 6, 7, 0, 0), 'at_m_amount': Decimal('8750.00'), 'at_status': '1', 'at_remarks': 'Healthcare Services', 'at_cheque_no': None, 'at_party_code': '2010300629', 'party_name': '3S', 'reconciled': 0}, {'at_id': 261203000161, 'at_doc_type': '01', 'at_date': datetime.datetime(2026, 6, 7, 0, 0), 'at_m_amount': Decimal('8750.00'), 'at_status': '1', 'at_remarks': 'Healthcare Services', 'at_cheque_no': None, 'at_party_code': '20...",484.94
2026-09-07T21:26:09.186596,fetch_voucher.master,"SELECT at_id, at_date, at_doc_type, at_desc, at_remarks, at_memo,        at_m_amount, at_party_code, at_bank, at_bank_acc, at_cheque_no,        at_cheque_date, at_status, at_cr_user, at_cr_date, at_up_user, at_up_date FROM acc_trans_m WHERE at_id = %s AND system_id = %s","['261203000167', 146]",1,"[{'at_id': 261203000167, 'at_date': datetime.datetime(2026, 6, 7, 0, 0), 'at_doc_type': '01', 'at_desc': 'Receipt Voucher', 'at_remarks': 'Healthcare Services', 'at_memo': 'Healthcare Services', 'at_m_amount': Decimal('8750.00'), 'at_party_code': '2010300629', 'at_bank': 'Meezan 1234', 'at_bank_acc': '100045000', 'at_cheque_no': None, 'at_cheque_date': None, 'at_status': '1', 'at_cr_user': '86', 'at_cr_date': datetime.datetime(2026, 9, 7, 21, 19, 6), 'at_up_user': None, 'at_up_date': None}]",430.41
2026-09-07T21:26:09.722678,fetch_voucher.legs,"SELECT at_sno, at_acc_code, at_dc_type, at_amount, at_remarks, atd_date, atd_party FROM acc_trans_d WHERE at_id = %s AND at_system_id = %s ORDER BY at_sno","['261203000167', 146]",2,"[{'at_sno': 1, 'at_acc_code': 100045000, 'at_dc_type': 'D', 'at_amount': Decimal('8750.00'), 'at_remarks': 'Healthcare Services', 'atd_date': datetime.date(2026, 6, 7), 'atd_party': '2010300629'}, {'at_sno': 2, 'at_acc_code': 35002, 'at_dc_type': 'C', 'at_amount': Decimal('-8750.00'), 'at_remarks': 'Healthcare Services', 'atd_date': datetime.date(2026, 6, 7), 'atd_party': '2010300629'}]",533.76
2026-09-07T21:26:10.256831,fetch_voucher.reconciled,SELECT COUNT(*) AS n FROM acc_trans_reconcile WHERE at_id = %s AND at_system_id = %s AND at_acc_reconcile = 1,"['261203000167', 146]",1,[{'n': 0}],533.35
2026-09-07T21:26:10.888052,fetch_voucher.party,"SELECT p_code, p_type, company_name, person_name FROM acc_party WHERE p_code = %s AND system_id = %s LIMIT 1","['2010300629', 146]",1,"[{'p_code': 2010300629, 'p_type': 'C', 'company_name': '3S', 'person_name': 'Ali'}]",629.78
2026-09-07T21:26:11.475119,fetch_voucher.master,"SELECT at_id, at_date, at_doc_type, at_desc, at_remarks, at_memo,        at_m_amount, at_party_code, at_bank, at_bank_acc, at_cheque_no,        at_cheque_date, at_status, at_cr_user, at_cr_date, at_up_user, at_up_date FROM acc_trans_m WHERE at_id = %s AND system_id = %s","['261203000161', 146]",1,"[{'at_id': 261203000161, 'at_date': datetime.datetime(2026, 6, 7, 0, 0), 'at_doc_type': '01', 'at_desc': 'Receipt Voucher', 'at_remarks': 'Healthcare Services', 'at_memo': 'Healthcare Services', 'at_m_amount': Decimal('8750.00'), 'at_party_code': '2010300629', 'at_bank': 'Bank of Amerc', 'at_bank_acc': '100045001', 'at_cheque_no': None, 'at_cheque_date': None, 'at_status': '1', 'at_cr_user': '86', 'at_cr_date': datetime.datetime(2026, 9, 4, 18, 39, 43), 'at_up_user': '86', 'at_up_date': datetime...",584.74
2026-09-07T21:26:11.899080,fetch_voucher.legs,"SELECT at_sno, at_acc_code, at_dc_type, at_amount, at_remarks, atd_date, atd_party FROM acc_trans_d WHERE at_id = %s AND at_system_id = %s ORDER BY at_sno","['261203000161', 146]",2,"[{'at_sno': 1, 'at_acc_code': 100045001, 'at_dc_type': 'D', 'at_amount': Decimal('8750.00'), 'at_remarks': 'Healthcare Services', 'atd_date': datetime.date(2026, 6, 7), 'atd_party': '2010300629'}, {'at_sno': 2, 'at_acc_code': 35002, 'at_dc_type': 'C', 'at_amount': Decimal('-8750.00'), 'at_remarks': 'Healthcare Services', 'atd_date': datetime.date(2026, 6, 7), 'atd_party': '2010300629'}]",421.77
2026-09-07T21:26:12.505198,fetch_voucher.reconciled,SELECT COUNT(*) AS n FROM acc_trans_reconcile WHERE at_id = %s AND at_system_id = %s AND at_acc_reconcile = 1,"['261203000161', 146]",1,[{'n': 0}],604.09
2026-09-07T21:26:12.938193,fetch_voucher.party,"SELECT p_code, p_type, company_name, person_name FROM acc_party WHERE p_code = %s AND system_id = %s LIMIT 1","['2010300629', 146]",1,"[{'p_code': 2010300629, 'p_type': 'C', 'company_name': '3S', 'person_name': 'Ali'}]",432.13
2026-09-07T21:26:13.346701,fetch_voucher.master,"SELECT at_id, at_date, at_doc_type, at_desc, at_remarks, at_memo,        at_m_amount, at_party_code, at_bank, at_bank_acc, at_cheque_no,        at_cheque_date, at_status, at_cr_user, at_cr_date, at_up_user, at_up_date FROM acc_trans_m WHERE at_id = %s AND system_id = %s","['261203000160', 146]",1,"[{'at_id': 261203000160, 'at_date': datetime.datetime(2026, 6, 7, 0, 0), 'at_doc_type': '01', 'at_desc': 'Receipt Voucher', 'at_remarks': 'Healthcare Services', 'at_memo': 'Healthcare Services', 'at_m_amount': Decimal('8750.00'), 'at_party_code': '2010300629', 'at_bank': 'Bank of Amerc', 'at_bank_acc': '100045001', 'at_cheque_no': None, 'at_cheque_date': None, 'at_status': '1', 'at_cr_user': '86', 'at_cr_date': datetime.datetime(2026, 9, 4, 18, 38, 10), 'at_up_user': '86', 'at_up_date': datetime...",406.15
2026-09-07T21:26:13.834931,fetch_voucher.legs,"SELECT at_sno, at_acc_code, at_dc_type, at_amount, at_remarks, atd_date, atd_party FROM acc_trans_d WHERE at_id = %s AND at_system_id = %s ORDER BY at_sno","['261203000160', 146]",2,"[{'at_sno': 1, 'at_acc_code': 100045001, 'at_dc_type': 'D', 'at_amount': Decimal('8750.00'), 'at_remarks': 'Healthcare Services', 'atd_date': datetime.date(2026, 6, 7), 'atd_party': '2010300629'}, {'at_sno': 2, 'at_acc_code': 35002, 'at_dc_type': 'C', 'at_amount': Decimal('-8750.00'), 'at_remarks': 'Healthcare Services', 'atd_date': datetime.date(2026, 6, 7), 'atd_party': '2010300629'}]",487.58
2026-09-07T21:26:14.259720,fetch_voucher.reconciled,SELECT COUNT(*) AS n FROM acc_trans_reconcile WHERE at_id = %s AND at_system_id = %s AND at_acc_reconcile = 1,"['261203000160', 146]",1,[{'n': 0}],422.77
2026-09-07T21:26:14.669451,fetch_voucher.party,"SELECT p_code, p_type, company_name, person_name FROM acc_party WHERE p_code = %s AND system_id = %s LIMIT 1","['2010300629', 146]",1,"[{'p_code': 2010300629, 'p_type': 'C', 'company_name': '3S', 'person_name': 'Ali'}]",408.75
2026-09-07T21:26:15.070639,fetch_voucher.master,"SELECT at_id, at_date, at_doc_type, at_desc, at_remarks, at_memo,        at_m_amount, at_party_code, at_bank, at_bank_acc, at_cheque_no,        at_cheque_date, at_status, at_cr_user, at_cr_date, at_up_user, at_up_date FROM acc_trans_m WHERE at_id = %s AND system_id = %s","['261203000158', 146]",1,"[{'at_id': 261203000158, 'at_date': datetime.datetime(2026, 6, 7, 0, 0), 'at_doc_type': '01', 'at_desc': 'Receipt Voucher', 'at_remarks': 'Healthcare Services', 'at_memo': 'Healthcare Services', 'at_m_amount': Decimal('508.00'), 'at_party_code': '2010300642', 'at_bank': 'Bank of Amerc', 'at_bank_acc': '100045001', 'at_cheque_no': None, 'at_cheque_date': None, 'at_status': '1', 'at_cr_user': '86', 'at_cr_date': datetime.datetime(2026, 9, 3, 23, 47, 26), 'at_up_user': '86', 'at_up_date': datetime....",399.77
2026-09-07T21:26:15.474783,fetch_voucher.legs,"SELECT at_sno, at_acc_code, at_dc_type, at_amount, at_remarks, atd_date, atd_party FROM acc_trans_d WHERE at_id = %s AND at_system_id = %s ORDER BY at_sno","['261203000158', 146]",2,"[{'at_sno': 1, 'at_acc_code': 100045001, 'at_dc_type': 'D', 'at_amount': Decimal('508.00'), 'at_remarks': 'Healthcare Services', 'atd_date': datetime.date(2026, 6, 7), 'atd_party': '2010300642'}, {'at_sno': 2, 'at_acc_code': 35002, 'at_dc_type': 'C', 'at_amount': Decimal('-508.00'), 'at_remarks': 'Healthcare Services', 'atd_date': datetime.date(2026, 6, 7), 'atd_party': '2010300642'}]",402.63
2026-09-07T21:26:15.883726,fetch_voucher.reconciled,SELECT COUNT(*) AS n FROM acc_trans_reconcile WHERE at_id = %s AND at_system_id = %s AND at_acc_reconcile = 1,"['261203000158', 146]",1,[{'n': 0}],406.42
2026-09-07T21:26:16.369680,fetch_voucher.party,"SELECT p_code, p_type, company_name, person_name FROM acc_party WHERE p_code = %s AND system_id = %s LIMIT 1","['2010300642', 146]",1,"[{'p_code': 2010300642, 'p_type': 'C', 'company_name': 'Acme CORP', 'person_name': 'Acme CORP'}]",484.85
2026-09-07T21:26:16.779699,fetch_voucher.master,"SELECT at_id, at_date, at_doc_type, at_desc, at_remarks, at_memo,        at_m_amount, at_party_code, at_bank, at_bank_acc, at_cheque_no,        at_cheque_date, at_status, at_cr_user, at_cr_date, at_up_user, at_up_date FROM acc_trans_m WHERE at_id = %s AND system_id = %s","['261203000157', 146]",1,"[{'at_id': 261203000157, 'at_date': datetime.datetime(2026, 6, 7, 0, 0), 'at_doc_type': '01', 'at_desc': 'Receipt Voucher', 'at_remarks': 'Healthcare Services', 'at_memo': 'Healthcare Services', 'at_m_amount': Decimal('950.00'), 'at_party_code': '2010300629', 'at_bank': 'Bank of Amerc', 'at_bank_acc': '100045001', 'at_cheque_no': None, 'at_cheque_date': None, 'at_status': '1', 'at_cr_user': '86', 'at_cr_date': datetime.datetime(2026, 9, 3, 23, 37, 30), 'at_up_user': None, 'at_up_date': None}]",408.21
2026-09-07T21:26:17.336589,fetch_voucher.legs,"SELECT at_sno, at_acc_code, at_dc_type, at_amount, at_remarks, atd_date, atd_party FROM acc_trans_d WHERE at_id = %s AND at_system_id = %s ORDER BY at_sno","['261203000157', 146]",2,"[{'at_sno': 1, 'at_acc_code': 100045001, 'at_dc_type': 'D', 'at_amount': Decimal('950.00'), 'at_remarks': 'Healthcare Services', 'atd_date': datetime.date(2026, 6, 7), 'atd_party': '2010300629'}, {'at_sno': 2, 'at_acc_code': 35002, 'at_dc_type': 'C', 'at_amount': Decimal('-950.00'), 'at_remarks': 'Healthcare Services', 'atd_date': datetime.date(2026, 6, 7), 'atd_party': '2010300629'}]",554.85
2026-09-07T21:26:17.736814,fetch_voucher.reconciled,SELECT COUNT(*) AS n FROM acc_trans_reconcile WHERE at_id = %s AND at_system_id = %s AND at_acc_reconcile = 1,"['261203000157', 146]",1,[{'n': 0}],397.78
2026-09-07T21:26:18.183196,fetch_voucher.party,"SELECT p_code, p_type, company_name, person_name FROM acc_party WHERE p_code = %s AND system_id = %s LIMIT 1","['2010300629', 146]",1,"[{'p_code': 2010300629, 'p_type': 'C', 'company_name': '3S', 'person_name': 'Ali'}]",444.53
2026-09-07T21:26:18.625303,fetch_voucher.master,"SELECT at_id, at_date, at_doc_type, at_desc, at_remarks, at_memo,        at_m_amount, at_party_code, at_bank, at_bank_acc, at_cheque_no,        at_cheque_date, at_status, at_cr_user, at_cr_date, at_up_user, at_up_date FROM acc_trans_m WHERE at_id = %s AND system_id = %s","['261203000156', 146]",1,"[{'at_id': 261203000156, 'at_date': datetime.datetime(2026, 6, 7, 0, 0), 'at_doc_type': '01', 'at_desc': 'Receipt Voucher', 'at_remarks': 'Healthcare Services', 'at_memo': 'Healthcare Services', 'at_m_amount': Decimal('8750.00'), 'at_party_code': '2010300641', 'at_bank': 'HBL', 'at_bank_acc': '100045002', 'at_cheque_no': None, 'at_cheque_date': None, 'at_status': '1', 'at_cr_user': '86', 'at_cr_date': datetime.datetime(2026, 9, 3, 20, 52, 7), 'at_up_user': None, 'at_up_date': None}]",438.50
2026-09-07T21:26:19.057912,fetch_voucher.legs,"SELECT at_sno, at_acc_code, at_dc_type, at_amount, at_remarks, atd_date, atd_party FROM acc_trans_d WHERE at_id = %s AND at_system_id = %s ORDER BY at_sno","['261203000156', 146]",2,"[{'at_sno': 1, 'at_acc_code': 100045002, 'at_dc_type': 'D', 'at_amount': Decimal('8750.00'), 'at_remarks': 'Healthcare Services', 'atd_date': datetime.date(2026, 6, 7), 'atd_party': '2010300641'}, {'at_sno': 2, 'at_acc_code': 35002, 'at_dc_type': 'C', 'at_amount': Decimal('-8750.00'), 'at_remarks': 'Healthcare Services', 'atd_date': datetime.date(2026, 6, 7), 'atd_party': '2010300641'}]",431.61
2026-09-07T21:26:19.464950,fetch_voucher.reconciled,SELECT COUNT(*) AS n FROM acc_trans_reconcile WHERE at_id = %s AND at_system_id = %s AND at_acc_reconcile = 1,"['261203000156', 146]",1,[{'n': 0}],404.50
2026-09-07T21:26:19.869820,fetch_voucher.party,"SELECT p_code, p_type, company_name, person_name FROM acc_party WHERE p_code = %s AND system_id = %s LIMIT 1","['2010300641', 146]",1,"[{'p_code': 2010300641, 'p_type': 'C', 'company_name': 'Medicare', 'person_name': 'Medicare'}]",403.85
2026-09-07T21:26:20.272557,fetch_voucher.master,"SELECT at_id, at_date, at_doc_type, at_desc, at_remarks, at_memo,        at_m_amount, at_party_code, at_bank, at_bank_acc, at_cheque_no,        at_cheque_date, at_status, at_cr_user, at_cr_date, at_up_user, at_up_date FROM acc_trans_m WHERE at_id = %s AND system_id = %s","['261203000154', 146]",1,"[{'at_id': 261203000154, 'at_date': datetime.datetime(2026, 6, 7, 0, 0), 'at_doc_type': '01', 'at_desc': 'Receipt Voucher', 'at_remarks': 'Healthcare Services', 'at_memo': 'Healthcare Services', 'at_m_amount': Decimal('2500.00'), 'at_party_code': '2010300629', 'at_bank': 'Bank of Amerc', 'at_bank_acc': '100045001', 'at_cheque_no': None, 'at_cheque_date': None, 'at_status': '1', 'at_cr_user': '86', 'at_cr_date': datetime.datetime(2026, 9, 2, 18, 29, 43), 'at_up_user': '86', 'at_up_date': datetime...",402.13
2026-09-07T21:26:20.865255,fetch_voucher.legs,"SELECT at_sno, at_acc_code, at_dc_type, at_amount, at_remarks, atd_date, atd_party FROM acc_trans_d WHERE at_id = %s AND at_system_id = %s ORDER BY at_sno","['261203000154', 146]",2,"[{'at_sno': 1, 'at_acc_code': 100045001, 'at_dc_type': 'D', 'at_amount': Decimal('2500.00'), 'at_remarks': 'Healthcare Services', 'atd_date': datetime.date(2026, 6, 7), 'atd_party': '2010300629'}, {'at_sno': 2, 'at_acc_code': 35002, 'at_dc_type': 'C', 'at_amount': Decimal('-2500.00'), 'at_remarks': 'Healthcare Services', 'atd_date': datetime.date(2026, 6, 7), 'atd_party': '2010300629'}]",592.70
2026-09-07T21:26:21.269190,fetch_voucher.reconciled,SELECT COUNT(*) AS n FROM acc_trans_reconcile WHERE at_id = %s AND at_system_id = %s AND at_acc_reconcile = 1,"['261203000154', 146]",1,[{'n': 0}],401.86
2026-09-07T21:26:21.690264,fetch_voucher.party,"SELECT p_code, p_type, company_name, person_name FROM acc_party WHERE p_code = %s AND system_id = %s LIMIT 1","['2010300629', 146]",1,"[{'p_code': 2010300629, 'p_type': 'C', 'company_name': '3S', 'person_name': 'Ali'}]",418.52
2026-09-07T21:27:00.186922,fetch_voucher.master,"SELECT at_id, at_date, at_doc_type, at_desc, at_remarks, at_memo,        at_m_amount, at_party_code, at_bank, at_bank_acc, at_cheque_no,        at_cheque_date, at_status, at_cr_user, at_cr_date, at_up_user, at_up_date FROM acc_trans_m WHERE at_id = %s AND system_id = %s","['261203000167', 146]",1,"[{'at_id': 261203000167, 'at_date': datetime.datetime(2026, 6, 7, 0, 0), 'at_doc_type': '01', 'at_desc': 'Receipt Voucher', 'at_remarks': 'Healthcare Services', 'at_memo': 'Healthcare Services', 'at_m_amount': Decimal('8750.00'), 'at_party_code': '2010300629', 'at_bank': 'Meezan 1234', 'at_bank_acc': '100045000', 'at_cheque_no': None, 'at_cheque_date': None, 'at_status': '1', 'at_cr_user': '86', 'at_cr_date': datetime.datetime(2026, 9, 7, 21, 19, 6), 'at_up_user': None, 'at_up_date': None}]",400.36
2026-09-07T21:27:00.593410,fetch_voucher.legs,"SELECT at_sno, at_acc_code, at_dc_type, at_amount, at_remarks, atd_date, atd_party FROM acc_trans_d WHERE at_id = %s AND at_system_id = %s ORDER BY at_sno","['261203000167', 146]",2,"[{'at_sno': 1, 'at_acc_code': 100045000, 'at_dc_type': 'D', 'at_amount': Decimal('8750.00'), 'at_remarks': 'Healthcare Services', 'atd_date': datetime.date(2026, 6, 7), 'atd_party': '2010300629'}, {'at_sno': 2, 'at_acc_code': 35002, 'at_dc_type': 'C', 'at_amount': Decimal('-8750.00'), 'at_remarks': 'Healthcare Services', 'atd_date': datetime.date(2026, 6, 7), 'atd_party': '2010300629'}]",406.49
2026-09-07T21:27:01.003261,fetch_voucher.reconciled,SELECT COUNT(*) AS n FROM acc_trans_reconcile WHERE at_id = %s AND at_system_id = %s AND at_acc_reconcile = 1,"['261203000167', 146]",1,[{'n': 0}],405.86
2026-09-07T21:27:01.423577,fetch_voucher.party,"SELECT p_code, p_type, company_name, person_name FROM acc_party WHERE p_code = %s AND system_id = %s LIMIT 1","['2010300629', 146]",1,"[{'p_code': 2010300629, 'p_type': 'C', 'company_name': '3S', 'person_name': 'Ali'}]",419.00
2026-09-07T21:27:01.834912,within_open_year,SELECT 1 FROM business_year WHERE by_system_id = %s AND (  (financial_year_start <= %s AND %s <= financial_year_end AND financial_year_status = 1)  OR (audit_year_start <= %s AND %s <= audit_year_end AND audit_year_status = 1)) LIMIT 1,"[146, '2026-06-07', '2026-06-07', '2026-06-07', '2026-06-07']",0,[],408.65
2026-09-07T21:27:02.240620,update_voucher.party,"SELECT p_code, p_type, company_name, person_name FROM acc_party WHERE p_code = %s AND system_id = %s LIMIT 1","['2010300642', 146]",1,"[{'p_code': 2010300642, 'p_type': 'C', 'company_name': 'Acme CORP', 'person_name': 'Acme CORP'}]",403.71
2026-09-07T21:27:05.843013,fetch_voucher.master,"SELECT at_id, at_date, at_doc_type, at_desc, at_remarks, at_memo,        at_m_amount, at_party_code, at_bank, at_bank_acc, at_cheque_no,        at_cheque_date, at_status, at_cr_user, at_cr_date, at_up_user, at_up_date FROM acc_trans_m WHERE at_id = %s AND system_id = %s","['261203000167', 146]",1,"[{'at_id': 261203000167, 'at_date': datetime.datetime(2026, 6, 7, 0, 0), 'at_doc_type': '01', 'at_desc': 'Receipt Voucher', 'at_remarks': 'Healthcare Services', 'at_memo': 'Healthcare Services', 'at_m_amount': Decimal('8750.00'), 'at_party_code': '2010300642', 'at_bank': 'Meezan 1234', 'at_bank_acc': '100045000', 'at_cheque_no': None, 'at_cheque_date': None, 'at_status': '1', 'at_cr_user': '86', 'at_cr_date': datetime.datetime(2026, 9, 7, 21, 19, 6), 'at_up_user': '86', 'at_up_date': datetime.da...",414.10
2026-09-07T21:27:06.250494,fetch_voucher.legs,"SELECT at_sno, at_acc_code, at_dc_type, at_amount, at_remarks, atd_date, atd_party FROM acc_trans_d WHERE at_id = %s AND at_system_id = %s ORDER BY at_sno","['261203000167', 146]",2,"[{'at_sno': 1, 'at_acc_code': 100045000, 'at_dc_type': 'D', 'at_amount': Decimal('8750.00'), 'at_remarks': 'Healthcare Services', 'atd_date': datetime.date(2026, 6, 7), 'atd_party': '2010300642'}, {'at_sno': 2, 'at_acc_code': 35002, 'at_dc_type': 'C', 'at_amount': Decimal('-8750.00'), 'at_remarks': 'Healthcare Services', 'atd_date': datetime.date(2026, 6, 7), 'atd_party': '2010300642'}]",406.48
2026-09-07T21:27:06.657404,fetch_voucher.reconciled,SELECT COUNT(*) AS n FROM acc_trans_reconcile WHERE at_id = %s AND at_system_id = %s AND at_acc_reconcile = 1,"['261203000167', 146]",1,[{'n': 0}],406.37
2026-09-07T21:27:07.059231,fetch_voucher.party,"SELECT p_code, p_type, company_name, person_name FROM acc_party WHERE p_code = %s AND system_id = %s LIMIT 1","['2010300642', 146]",1,"[{'p_code': 2010300642, 'p_type': 'C', 'company_name': 'Acme CORP', 'person_name': 'Acme CORP'}]",400.64
2026-09-07T21:27:32.727634,get_chart,"SELECT trans_acc_id, trans_acc_desc, subsi_acc_id, subsi_acc_desc, trans_system_id     FROM (SELECT @system_id := %s p) parm, v_trans_accounts_m2     WHERE trans_acc_display = 1     ORDER BY SUBSTRING(trans_acc_id, 1, 1),              SUBSTRING(trans_acc_id, 1, 5),              acc_main_sort, sub_sort, acc_sort, trans_acc_id",[146],221,"[{'trans_acc_id': '1000100010001', 'trans_acc_desc': 'Bank of the west', 'subsi_acc_id': 100010001, 'subsi_acc_desc': 'Banks', 'trans_system_id': 146}, {'trans_acc_id': '1000100010002', 'trans_acc_desc': 'Bank of the Ozarks', 'subsi_acc_id': 100010001, 'subsi_acc_desc': 'Banks', 'trans_system_id': 146}, {'trans_acc_id': '1000100010003', 'trans_acc_desc': 'Bancorp South Bank', 'subsi_acc_id': 100010001, 'subsi_acc_desc': 'Banks', 'trans_system_id': 146}, {'trans_acc_id': '1000100010004', 'trans_a...",503.59
2026-09-07T21:27:36.786108,get_chart,"SELECT trans_acc_id, trans_acc_desc, subsi_acc_id, subsi_acc_desc, trans_system_id     FROM (SELECT @system_id := %s p) parm, v_trans_accounts_m2     WHERE trans_acc_display = 1     ORDER BY SUBSTRING(trans_acc_id, 1, 1),              SUBSTRING(trans_acc_id, 1, 5),              acc_main_sort, sub_sort, acc_sort, trans_acc_id",[146],221,"[{'trans_acc_id': '1000100010001', 'trans_acc_desc': 'Bank of the west', 'subsi_acc_id': 100010001, 'subsi_acc_desc': 'Banks', 'trans_system_id': 146}, {'trans_acc_id': '1000100010002', 'trans_acc_desc': 'Bank of the Ozarks', 'subsi_acc_id': 100010001, 'subsi_acc_desc': 'Banks', 'trans_system_id': 146}, {'trans_acc_id': '1000100010003', 'trans_acc_desc': 'Bancorp South Bank', 'subsi_acc_id': 100010001, 'subsi_acc_desc': 'Banks', 'trans_system_id': 146}, {'trans_acc_id': '1000100010004', 'trans_a...",446.69
2026-09-07T21:27:43.990721,list_parties,"SELECT p_code, p_type, company_name, person_name, Email, Phone,        p_account, status FROM acc_party WHERE system_id = %s AND status = 1 ORDER BY p_type, company_name LIMIT %s","[146, 500]",123,"[{'p_code': 2010300629, 'p_type': 'C', 'company_name': '3S', 'person_name': 'Ali', 'Email': None, 'Phone': None, 'p_account': None, 'status': 1}, {'p_code': 2010300639, 'p_type': 'C', 'company_name': '3s(ali)', 'person_name': '3s(ali)', 'Email': None, 'Phone': None, 'p_account': None, 'status': 1}, {'p_code': 2010300642, 'p_type': 'C', 'company_name': 'Acme CORP', 'person_name': 'Acme CORP', 'Email': None, 'Phone': '555-0143', 'p_account': None, 'status': 1}, {'p_code': 2010300637, 'p_type': 'C'...",811.21
2026-09-07T21:27:47.214199,list_parties,"SELECT p_code, p_type, company_name, person_name, Email, Phone,        p_account, status FROM acc_party WHERE system_id = %s AND status = 1 ORDER BY p_type, company_name LIMIT %s","[146, 500]",123,"[{'p_code': 2010300629, 'p_type': 'C', 'company_name': '3S', 'person_name': 'Ali', 'Email': None, 'Phone': None, 'p_account': None, 'status': 1}, {'p_code': 2010300639, 'p_type': 'C', 'company_name': '3s(ali)', 'person_name': '3s(ali)', 'Email': None, 'Phone': None, 'p_account': None, 'status': 1}, {'p_code': 2010300642, 'p_type': 'C', 'company_name': 'Acme CORP', 'person_name': 'Acme CORP', 'Email': None, 'Phone': '555-0143', 'p_account': None, 'status': 1}, {'p_code': 2010300637, 'p_type': 'C'...",928.56
2026-09-07T21:33:10.990151,within_open_year,SELECT 1 FROM business_year WHERE by_system_id = %s AND (  (financial_year_start <= %s AND %s <= financial_year_end AND financial_year_status = 1)  OR (audit_year_start <= %s AND %s <= audit_year_end AND audit_year_status = 1)) LIMIT 1,"[146, '2026-06-07', '2026-06-07', '2026-06-07', '2026-06-07']",0,[],820.27
2026-09-07T21:33:11.409462,find_party_candidates(Medicare),"SELECT p_code, p_type, company_name, person_name, Phone, Email, p_account FROM acc_party WHERE status = 1 AND system_id = %s AND p_type = %s AND (LOWER(TRIM(company_name))=LOWER(TRIM(%s)) OR LOWER(TRIM(person_name))=LOWER(TRIM(%s)))","(146, 'C', 'Medicare', 'Medicare')",1,"[{'p_code': 2010300641, 'p_type': 'C', 'company_name': 'Medicare', 'person_name': 'Medicare', 'Phone': None, 'Email': None, 'p_account': None}]",210.50
2026-09-07T21:33:11.627318,find_party_candidates(Medicare),"SELECT p_code, p_type, company_name, person_name, Phone, Email, p_account FROM acc_party WHERE status = 1 AND system_id = %s AND p_type = %s AND (company_name LIKE %s OR person_name LIKE %s) LIMIT %s","(146, 'C', 'Medicare%', 'Medicare%', 200)",1,"[{'p_code': 2010300641, 'p_type': 'C', 'company_name': 'Medicare', 'person_name': 'Medicare', 'Phone': None, 'Email': None, 'p_account': None}]",215.86
2026-09-07T21:33:11.860968,find_party_candidates(Medicare),"SELECT p_code, p_type, company_name, person_name, Phone, Email, p_account FROM acc_party WHERE status = 1 AND system_id = %s AND p_type = %s AND (company_name LIKE %s OR person_name LIKE %s) LIMIT %s","(146, 'C', '%Medicare%', '%Medicare%', 200)",1,"[{'p_code': 2010300641, 'p_type': 'C', 'company_name': 'Medicare', 'person_name': 'Medicare', 'Phone': None, 'Email': None, 'p_account': None}]",232.52
2026-09-07T21:33:12.085411,find_party_candidates(Medicare),"SELECT p_code, p_type, company_name, person_name, Phone, Email, p_account FROM acc_party WHERE status = 1 AND system_id = %s AND p_type = %s AND (company_name LIKE %s OR person_name LIKE %s) LIMIT %s","(146, 'C', '%Medicare%', '%Medicare%', 200)",1,"[{'p_code': 2010300641, 'p_type': 'C', 'company_name': 'Medicare', 'person_name': 'Medicare', 'Phone': None, 'Email': None, 'p_account': None}]",219.90
2026-09-07T21:33:13.006939,get_chart,"SELECT trans_acc_id, trans_acc_desc, subsi_acc_id, subsi_acc_desc, trans_system_id     FROM (SELECT @system_id := %s p) parm, v_trans_accounts_m2     WHERE trans_acc_display = 1     ORDER BY SUBSTRING(trans_acc_id, 1, 1),              SUBSTRING(trans_acc_id, 1, 5),              acc_main_sort, sub_sort, acc_sort, trans_acc_id",[146],221,"[{'trans_acc_id': '1000100010001', 'trans_acc_desc': 'Bank of the west', 'subsi_acc_id': 100010001, 'subsi_acc_desc': 'Banks', 'trans_system_id': 146}, {'trans_acc_id': '1000100010002', 'trans_acc_desc': 'Bank of the Ozarks', 'subsi_acc_id': 100010001, 'subsi_acc_desc': 'Banks', 'trans_system_id': 146}, {'trans_acc_id': '1000100010003', 'trans_acc_desc': 'Bancorp South Bank', 'subsi_acc_id': 100010001, 'subsi_acc_desc': 'Banks', 'trans_system_id': 146}, {'trans_acc_id': '1000100010004', 'trans_a...",479.81
2026-09-07T22:05:01.976383,within_open_year,SELECT 1 FROM business_year WHERE by_system_id = %s AND (  (financial_year_start <= %s AND %s <= financial_year_end AND financial_year_status = 1)  OR (audit_year_start <= %s AND %s <= audit_year_end AND audit_year_status = 1)) LIMIT 1,"[146, '2026-09-07', '2026-09-07', '2026-09-07', '2026-09-07']",0,[],771.25
2026-09-07T22:05:02.376560,find_party_candidates(John Smith),"SELECT p_code, p_type, company_name, person_name, Phone, Email, p_account FROM acc_party WHERE status = 1 AND system_id = %s AND p_type = %s AND (LOWER(TRIM(company_name))=LOWER(TRIM(%s)) OR LOWER(TRIM(person_name))=LOWER(TRIM(%s)))","(146, 'C', 'John Smith', 'John Smith')",1,"[{'p_code': 2010300631, 'p_type': 'C', 'company_name': 'JOHN SMITH', 'person_name': 'JOHN SMITH', 'Phone': None, 'Email': None, 'p_account': None}]",198.24
2026-09-07T22:05:02.576147,find_party_candidates(John Smith),"SELECT p_code, p_type, company_name, person_name, Phone, Email, p_account FROM acc_party WHERE status = 1 AND system_id = %s AND p_type = %s AND (company_name LIKE %s OR person_name LIKE %s) LIMIT %s","(146, 'C', 'John Smith%', 'John Smith%', 200)",1,"[{'p_code': 2010300631, 'p_type': 'C', 'company_name': 'JOHN SMITH', 'person_name': 'JOHN SMITH', 'Phone': None, 'Email': None, 'p_account': None}]",198.39
2026-09-07T22:05:02.777353,find_party_candidates(John Smith),"SELECT p_code, p_type, company_name, person_name, Phone, Email, p_account FROM acc_party WHERE status = 1 AND system_id = %s AND p_type = %s AND (company_name LIKE %s OR person_name LIKE %s) LIMIT %s","(146, 'C', '%John Smith%', '%John Smith%', 200)",2,"[{'p_code': 2010300631, 'p_type': 'C', 'company_name': 'JOHN SMITH', 'person_name': 'JOHN SMITH', 'Phone': None, 'Email': None, 'p_account': None}, {'p_code': 2010300632, 'p_type': 'C', 'company_name': 'Bank of the west — JOHN SMITH', 'person_name': 'Bank of the west — JOHN SMITH', 'Phone': None, 'Email': None, 'p_account': None}]",200.21
2026-09-07T22:05:02.975361,find_party_candidates(John Smith),"SELECT p_code, p_type, company_name, person_name, Phone, Email, p_account FROM acc_party WHERE status = 1 AND system_id = %s AND p_type = %s AND (company_name LIKE %s OR person_name LIKE %s) LIMIT %s","(146, 'C', '%John%', '%John%', 200)",2,"[{'p_code': 2010300631, 'p_type': 'C', 'company_name': 'JOHN SMITH', 'person_name': 'JOHN SMITH', 'Phone': None, 'Email': None, 'p_account': None}, {'p_code': 2010300632, 'p_type': 'C', 'company_name': 'Bank of the west — JOHN SMITH', 'person_name': 'Bank of the west — JOHN SMITH', 'Phone': None, 'Email': None, 'p_account': None}]",196.44
2026-09-07T22:05:03.831560,get_chart,"SELECT trans_acc_id, trans_acc_desc, subsi_acc_id, subsi_acc_desc, trans_system_id     FROM (SELECT @system_id := %s p) parm, v_trans_accounts_m2     WHERE trans_acc_display = 1     ORDER BY SUBSTRING(trans_acc_id, 1, 1),              SUBSTRING(trans_acc_id, 1, 5),              acc_main_sort, sub_sort, acc_sort, trans_acc_id",[146],221,"[{'trans_acc_id': '1000100010001', 'trans_acc_desc': 'Bank of the west', 'subsi_acc_id': 100010001, 'subsi_acc_desc': 'Banks', 'trans_system_id': 146}, {'trans_acc_id': '1000100010002', 'trans_acc_desc': 'Bank of the Ozarks', 'subsi_acc_id': 100010001, 'subsi_acc_desc': 'Banks', 'trans_system_id': 146}, {'trans_acc_id': '1000100010003', 'trans_acc_desc': 'Bancorp South Bank', 'subsi_acc_id': 100010001, 'subsi_acc_desc': 'Banks', 'trans_system_id': 146}, {'trans_acc_id': '1000100010004', 'trans_a...",472.47
2026-09-07T22:06:51.780384,within_open_year,SELECT 1 FROM business_year WHERE by_system_id = %s AND (  (financial_year_start <= %s AND %s <= financial_year_end AND financial_year_status = 1)  OR (audit_year_start <= %s AND %s <= audit_year_end AND audit_year_status = 1)) LIMIT 1,"[146, '2026-09-07', '2026-09-07', '2026-09-07', '2026-09-07']",0,[],389.99
2026-09-07T22:06:52.168837,find_party_candidates(John Smith),"SELECT p_code, p_type, company_name, person_name, Phone, Email, p_account FROM acc_party WHERE status = 1 AND system_id = %s AND p_type = %s AND (LOWER(TRIM(company_name))=LOWER(TRIM(%s)) OR LOWER(TRIM(person_name))=LOWER(TRIM(%s)))","(146, 'C', 'John Smith', 'John Smith')",1,"[{'p_code': 2010300631, 'p_type': 'C', 'company_name': 'JOHN SMITH', 'person_name': 'JOHN SMITH', 'Phone': None, 'Email': None, 'p_account': None}]",195.84
2026-09-07T22:06:52.458416,find_party_candidates(John Smith),"SELECT p_code, p_type, company_name, person_name, Phone, Email, p_account FROM acc_party WHERE status = 1 AND system_id = %s AND p_type = %s AND (company_name LIKE %s OR person_name LIKE %s) LIMIT %s","(146, 'C', 'John Smith%', 'John Smith%', 200)",1,"[{'p_code': 2010300631, 'p_type': 'C', 'company_name': 'JOHN SMITH', 'person_name': 'JOHN SMITH', 'Phone': None, 'Email': None, 'p_account': None}]",287.94
2026-09-07T22:06:52.660050,find_party_candidates(John Smith),"SELECT p_code, p_type, company_name, person_name, Phone, Email, p_account FROM acc_party WHERE status = 1 AND system_id = %s AND p_type = %s AND (company_name LIKE %s OR person_name LIKE %s) LIMIT %s","(146, 'C', '%John Smith%', '%John Smith%', 200)",2,"[{'p_code': 2010300631, 'p_type': 'C', 'company_name': 'JOHN SMITH', 'person_name': 'JOHN SMITH', 'Phone': None, 'Email': None, 'p_account': None}, {'p_code': 2010300632, 'p_type': 'C', 'company_name': 'Bank of the west — JOHN SMITH', 'person_name': 'Bank of the west — JOHN SMITH', 'Phone': None, 'Email': None, 'p_account': None}]",200.72
2026-09-07T22:06:52.914011,find_party_candidates(John Smith),"SELECT p_code, p_type, company_name, person_name, Phone, Email, p_account FROM acc_party WHERE status = 1 AND system_id = %s AND p_type = %s AND (company_name LIKE %s OR person_name LIKE %s) LIMIT %s","(146, 'C', '%John%', '%John%', 200)",2,"[{'p_code': 2010300631, 'p_type': 'C', 'company_name': 'JOHN SMITH', 'person_name': 'JOHN SMITH', 'Phone': None, 'Email': None, 'p_account': None}, {'p_code': 2010300632, 'p_type': 'C', 'company_name': 'Bank of the west — JOHN SMITH', 'person_name': 'Bank of the west — JOHN SMITH', 'Phone': None, 'Email': None, 'p_account': None}]",252.97
2026-09-07T22:07:18.616589,within_open_year,SELECT 1 FROM business_year WHERE by_system_id = %s AND (  (financial_year_start <= %s AND %s <= financial_year_end AND financial_year_status = 1)  OR (audit_year_start <= %s AND %s <= audit_year_end AND audit_year_status = 1)) LIMIT 1,"[146, '2026-09-07', '2026-09-07', '2026-09-07', '2026-09-07']",0,[],408.70
2026-09-07T22:07:19.007339,find_party_candidates(John Smith),"SELECT p_code, p_type, company_name, person_name, Phone, Email, p_account FROM acc_party WHERE status = 1 AND system_id = %s AND p_type = %s AND (LOWER(TRIM(company_name))=LOWER(TRIM(%s)) OR LOWER(TRIM(person_name))=LOWER(TRIM(%s)))","(146, 'C', 'John Smith', 'John Smith')",1,"[{'p_code': 2010300631, 'p_type': 'C', 'company_name': 'JOHN SMITH', 'person_name': 'JOHN SMITH', 'Phone': None, 'Email': None, 'p_account': None}]",197.96
2026-09-07T22:07:19.210390,find_party_candidates(John Smith),"SELECT p_code, p_type, company_name, person_name, Phone, Email, p_account FROM acc_party WHERE status = 1 AND system_id = %s AND p_type = %s AND (company_name LIKE %s OR person_name LIKE %s) LIMIT %s","(146, 'C', 'John Smith%', 'John Smith%', 200)",1,"[{'p_code': 2010300631, 'p_type': 'C', 'company_name': 'JOHN SMITH', 'person_name': 'JOHN SMITH', 'Phone': None, 'Email': None, 'p_account': None}]",202.05
2026-09-07T22:07:19.413032,find_party_candidates(John Smith),"SELECT p_code, p_type, company_name, person_name, Phone, Email, p_account FROM acc_party WHERE status = 1 AND system_id = %s AND p_type = %s AND (company_name LIKE %s OR person_name LIKE %s) LIMIT %s","(146, 'C', '%John Smith%', '%John Smith%', 200)",2,"[{'p_code': 2010300631, 'p_type': 'C', 'company_name': 'JOHN SMITH', 'person_name': 'JOHN SMITH', 'Phone': None, 'Email': None, 'p_account': None}, {'p_code': 2010300632, 'p_type': 'C', 'company_name': 'Bank of the west — JOHN SMITH', 'person_name': 'Bank of the west — JOHN SMITH', 'Phone': None, 'Email': None, 'p_account': None}]",201.31
2026-09-07T22:07:19.610321,find_party_candidates(John Smith),"SELECT p_code, p_type, company_name, person_name, Phone, Email, p_account FROM acc_party WHERE status = 1 AND system_id = %s AND p_type = %s AND (company_name LIKE %s OR person_name LIKE %s) LIMIT %s","(146, 'C', '%John%', '%John%', 200)",2,"[{'p_code': 2010300631, 'p_type': 'C', 'company_name': 'JOHN SMITH', 'person_name': 'JOHN SMITH', 'Phone': None, 'Email': None, 'p_account': None}, {'p_code': 2010300632, 'p_type': 'C', 'company_name': 'Bank of the west — JOHN SMITH', 'person_name': 'Bank of the west — JOHN SMITH', 'Phone': None, 'Email': None, 'p_account': None}]",196.29
2026-09-07T22:07:56.806059,within_open_year,SELECT 1 FROM business_year WHERE by_system_id = %s AND (  (financial_year_start <= %s AND %s <= financial_year_end AND financial_year_status = 1)  OR (audit_year_start <= %s AND %s <= audit_year_end AND audit_year_status = 1)) LIMIT 1,"[146, '2026-07-07', '2026-07-07', '2026-07-07', '2026-07-07']",0,[],400.19
2026-09-07T22:07:57.205026,find_party_candidates(John Smith),"SELECT p_code, p_type, company_name, person_name, Phone, Email, p_account FROM acc_party WHERE status = 1 AND system_id = %s AND p_type = %s AND (LOWER(TRIM(company_name))=LOWER(TRIM(%s)) OR LOWER(TRIM(person_name))=LOWER(TRIM(%s)))","(146, 'C', 'John Smith', 'John Smith')",1,"[{'p_code': 2010300631, 'p_type': 'C', 'company_name': 'JOHN SMITH', 'person_name': 'JOHN SMITH', 'Phone': None, 'Email': None, 'p_account': None}]",199.55
2026-09-07T22:07:57.402475,find_party_candidates(John Smith),"SELECT p_code, p_type, company_name, person_name, Phone, Email, p_account FROM acc_party WHERE status = 1 AND system_id = %s AND p_type = %s AND (company_name LIKE %s OR person_name LIKE %s) LIMIT %s","(146, 'C', 'John Smith%', 'John Smith%', 200)",1,"[{'p_code': 2010300631, 'p_type': 'C', 'company_name': 'JOHN SMITH', 'person_name': 'JOHN SMITH', 'Phone': None, 'Email': None, 'p_account': None}]",197.45
2026-09-07T22:07:57.608123,find_party_candidates(John Smith),"SELECT p_code, p_type, company_name, person_name, Phone, Email, p_account FROM acc_party WHERE status = 1 AND system_id = %s AND p_type = %s AND (company_name LIKE %s OR person_name LIKE %s) LIMIT %s","(146, 'C', '%John Smith%', '%John Smith%', 200)",2,"[{'p_code': 2010300631, 'p_type': 'C', 'company_name': 'JOHN SMITH', 'person_name': 'JOHN SMITH', 'Phone': None, 'Email': None, 'p_account': None}, {'p_code': 2010300632, 'p_type': 'C', 'company_name': 'Bank of the west — JOHN SMITH', 'person_name': 'Bank of the west — JOHN SMITH', 'Phone': None, 'Email': None, 'p_account': None}]",203.65
2026-09-07T22:07:57.806316,find_party_candidates(John Smith),"SELECT p_code, p_type, company_name, person_name, Phone, Email, p_account FROM acc_party WHERE status = 1 AND system_id = %s AND p_type = %s AND (company_name LIKE %s OR person_name LIKE %s) LIMIT %s","(146, 'C', '%John%', '%John%', 200)",2,"[{'p_code': 2010300631, 'p_type': 'C', 'company_name': 'JOHN SMITH', 'person_name': 'JOHN SMITH', 'Phone': None, 'Email': None, 'p_account': None}, {'p_code': 2010300632, 'p_type': 'C', 'company_name': 'Bank of the west — JOHN SMITH', 'person_name': 'Bank of the west — JOHN SMITH', 'Phone': None, 'Email': None, 'p_account': None}]",197.19
2026-09-07T22:13:28.467195,within_open_year,SELECT 1 FROM business_year WHERE by_system_id = %s AND (  (financial_year_start <= %s AND %s <= financial_year_end AND financial_year_status = 1)  OR (audit_year_start <= %s AND %s <= audit_year_end AND audit_year_status = 1)) LIMIT 1,"[146, '2026-09-07', '2026-09-07', '2026-09-07', '2026-09-07']",0,[],754.91
2026-09-07T22:13:28.857442,find_party_candidates(Medicare),"SELECT p_code, p_type, company_name, person_name, Phone, Email, p_account FROM acc_party WHERE status = 1 AND system_id = %s AND p_type = %s AND (LOWER(TRIM(company_name))=LOWER(TRIM(%s)) OR LOWER(TRIM(person_name))=LOWER(TRIM(%s)))","(146, 'C', 'Medicare', 'Medicare')",1,"[{'p_code': 2010300641, 'p_type': 'C', 'company_name': 'Medicare', 'person_name': 'Medicare', 'Phone': None, 'Email': None, 'p_account': None}]",196.61
2026-09-07T22:13:29.062209,find_party_candidates(Medicare),"SELECT p_code, p_type, company_name, person_name, Phone, Email, p_account FROM acc_party WHERE status = 1 AND system_id = %s AND p_type = %s AND (company_name LIKE %s OR person_name LIKE %s) LIMIT %s","(146, 'C', 'Medicare%', 'Medicare%', 200)",1,"[{'p_code': 2010300641, 'p_type': 'C', 'company_name': 'Medicare', 'person_name': 'Medicare', 'Phone': None, 'Email': None, 'p_account': None}]",203.28
2026-09-07T22:13:29.265734,find_party_candidates(Medicare),"SELECT p_code, p_type, company_name, person_name, Phone, Email, p_account FROM acc_party WHERE status = 1 AND system_id = %s AND p_type = %s AND (company_name LIKE %s OR person_name LIKE %s) LIMIT %s","(146, 'C', '%Medicare%', '%Medicare%', 200)",1,"[{'p_code': 2010300641, 'p_type': 'C', 'company_name': 'Medicare', 'person_name': 'Medicare', 'Phone': None, 'Email': None, 'p_account': None}]",202.74
2026-09-07T22:13:29.480519,find_party_candidates(Medicare),"SELECT p_code, p_type, company_name, person_name, Phone, Email, p_account FROM acc_party WHERE status = 1 AND system_id = %s AND p_type = %s AND (company_name LIKE %s OR person_name LIKE %s) LIMIT %s","(146, 'C', '%Medicare%', '%Medicare%', 200)",1,"[{'p_code': 2010300641, 'p_type': 'C', 'company_name': 'Medicare', 'person_name': 'Medicare', 'Phone': None, 'Email': None, 'p_account': None}]",212.15
2026-09-07T22:13:30.253491,get_chart,"SELECT trans_acc_id, trans_acc_desc, subsi_acc_id, subsi_acc_desc, trans_system_id     FROM (SELECT @system_id := %s p) parm, v_trans_accounts_m2     WHERE trans_acc_display = 1     ORDER BY SUBSTRING(trans_acc_id, 1, 1),              SUBSTRING(trans_acc_id, 1, 5),              acc_main_sort, sub_sort, acc_sort, trans_acc_id",[146],221,"[{'trans_acc_id': '1000100010001', 'trans_acc_desc': 'Bank of the west', 'subsi_acc_id': 100010001, 'subsi_acc_desc': 'Banks', 'trans_system_id': 146}, {'trans_acc_id': '1000100010002', 'trans_acc_desc': 'Bank of the Ozarks', 'subsi_acc_id': 100010001, 'subsi_acc_desc': 'Banks', 'trans_system_id': 146}, {'trans_acc_id': '1000100010003', 'trans_acc_desc': 'Bancorp South Bank', 'subsi_acc_id': 100010001, 'subsi_acc_desc': 'Banks', 'trans_system_id': 146}, {'trans_acc_id': '1000100010004', 'trans_a...",395.39
2026-09-07T22:44:16.263643,within_open_year,SELECT 1 FROM business_year WHERE by_system_id = %s AND (  (financial_year_start <= %s AND %s <= financial_year_end AND financial_year_status = 1)  OR (audit_year_start <= %s AND %s <= audit_year_end AND audit_year_status = 1)) LIMIT 1,"[146, '2026-09-07', '2026-09-07', '2026-09-07', '2026-09-07']",0,[],768.82
2026-09-07T22:44:16.857429,find_party_candidates(John Smith),"SELECT p_code, p_type, company_name, person_name, Phone, Email, p_account FROM acc_party WHERE status = 1 AND system_id = %s AND p_type = %s AND (LOWER(TRIM(company_name))=LOWER(TRIM(%s)) OR LOWER(TRIM(person_name))=LOWER(TRIM(%s)))","(146, 'C', 'John Smith', 'John Smith')",1,"[{'p_code': 2010300631, 'p_type': 'C', 'company_name': 'JOHN SMITH', 'person_name': 'JOHN SMITH', 'Phone': None, 'Email': None, 'p_account': None}]",307.56
2026-09-07T22:44:17.164463,find_party_candidates(John Smith),"SELECT p_code, p_type, company_name, person_name, Phone, Email, p_account FROM acc_party WHERE status = 1 AND system_id = %s AND p_type = %s AND (company_name LIKE %s OR person_name LIKE %s) LIMIT %s","(146, 'C', 'John Smith%', 'John Smith%', 200)",1,"[{'p_code': 2010300631, 'p_type': 'C', 'company_name': 'JOHN SMITH', 'person_name': 'JOHN SMITH', 'Phone': None, 'Email': None, 'p_account': None}]",306.80
2026-09-07T22:44:17.473845,find_party_candidates(John Smith),"SELECT p_code, p_type, company_name, person_name, Phone, Email, p_account FROM acc_party WHERE status = 1 AND system_id = %s AND p_type = %s AND (company_name LIKE %s OR person_name LIKE %s) LIMIT %s","(146, 'C', '%John Smith%', '%John Smith%', 200)",2,"[{'p_code': 2010300631, 'p_type': 'C', 'company_name': 'JOHN SMITH', 'person_name': 'JOHN SMITH', 'Phone': None, 'Email': None, 'p_account': None}, {'p_code': 2010300632, 'p_type': 'C', 'company_name': 'Bank of the west — JOHN SMITH', 'person_name': 'Bank of the west — JOHN SMITH', 'Phone': None, 'Email': None, 'p_account': None}]",307.61
2026-09-07T22:44:17.779784,find_party_candidates(John Smith),"SELECT p_code, p_type, company_name, person_name, Phone, Email, p_account FROM acc_party WHERE status = 1 AND system_id = %s AND p_type = %s AND (company_name LIKE %s OR person_name LIKE %s) LIMIT %s","(146, 'C', '%John%', '%John%', 200)",2,"[{'p_code': 2010300631, 'p_type': 'C', 'company_name': 'JOHN SMITH', 'person_name': 'JOHN SMITH', 'Phone': None, 'Email': None, 'p_account': None}, {'p_code': 2010300632, 'p_type': 'C', 'company_name': 'Bank of the west — JOHN SMITH', 'person_name': 'Bank of the west — JOHN SMITH', 'Phone': None, 'Email': None, 'p_account': None}]",303.37
2026-09-07T22:44:18.719190,get_chart,"SELECT trans_acc_id, trans_acc_desc, subsi_acc_id, subsi_acc_desc, trans_system_id     FROM (SELECT @system_id := %s p) parm, v_trans_accounts_m2     WHERE trans_acc_display = 1     ORDER BY SUBSTRING(trans_acc_id, 1, 1),              SUBSTRING(trans_acc_id, 1, 5),              acc_main_sort, sub_sort, acc_sort, trans_acc_id",[146],221,"[{'trans_acc_id': '1000100010001', 'trans_acc_desc': 'Bank of the west', 'subsi_acc_id': 100010001, 'subsi_acc_desc': 'Banks', 'trans_system_id': 146}, {'trans_acc_id': '1000100010002', 'trans_acc_desc': 'Bank of the Ozarks', 'subsi_acc_id': 100010001, 'subsi_acc_desc': 'Banks', 'trans_system_id': 146}, {'trans_acc_id': '1000100010003', 'trans_acc_desc': 'Bancorp South Bank', 'subsi_acc_id': 100010001, 'subsi_acc_desc': 'Banks', 'trans_system_id': 146}, {'trans_acc_id': '1000100010004', 'trans_a...",440.06
2026-09-07T23:18:22.410722,get_chart,"SELECT trans_acc_id, trans_acc_desc, subsi_acc_id, subsi_acc_desc, trans_system_id     FROM (SELECT @system_id := %s p) parm, v_trans_accounts_m2     WHERE trans_acc_display = 1     ORDER BY SUBSTRING(trans_acc_id, 1, 1),              SUBSTRING(trans_acc_id, 1, 5),              acc_main_sort, sub_sort, acc_sort, trans_acc_id",[146],221,"[{'trans_acc_id': '1000100010001', 'trans_acc_desc': 'Bank of the west', 'subsi_acc_id': 100010001, 'subsi_acc_desc': 'Banks', 'trans_system_id': 146}, {'trans_acc_id': '1000100010002', 'trans_acc_desc': 'Bank of the Ozarks', 'subsi_acc_id': 100010001, 'subsi_acc_desc': 'Banks', 'trans_system_id': 146}, {'trans_acc_id': '1000100010003', 'trans_acc_desc': 'Bancorp South Bank', 'subsi_acc_id': 100010001, 'subsi_acc_desc': 'Banks', 'trans_system_id': 146}, {'trans_acc_id': '1000100010004', 'trans_a...",633.79
2026-09-07T23:18:29.282758,list_parties,"SELECT p_code, p_type, company_name, person_name, Email, Phone,        p_account, status FROM acc_party WHERE system_id = %s AND status = 1 ORDER BY p_type, company_name LIMIT %s","[146, 500]",123,"[{'p_code': 2010300629, 'p_type': 'C', 'company_name': '3S', 'person_name': 'Ali', 'Email': None, 'Phone': None, 'p_account': None, 'status': 1}, {'p_code': 2010300639, 'p_type': 'C', 'company_name': '3s(ali)', 'person_name': '3s(ali)', 'Email': None, 'Phone': None, 'p_account': None, 'status': 1}, {'p_code': 2010300642, 'p_type': 'C', 'company_name': 'Acme CORP', 'person_name': 'Acme CORP', 'Email': None, 'Phone': '555-0143', 'p_account': None, 'status': 1}, {'p_code': 2010300637, 'p_type': 'C'...",1291.44
2026-09-07T23:18:50.467222,list_vouchers,"SELECT m.at_id, m.at_doc_type, m.at_date, m.at_m_amount, m.at_status,        m.at_remarks, m.at_cheque_no, m.at_party_code,        COALESCE(p.company_name, p.person_name) AS party_name,        (SELECT COUNT(*) FROM acc_trans_reconcile r          WHERE r.at_id = m.at_id AND r.at_system_id = m.system_id            AND r.at_acc_reconcile = 1) AS reconciled FROM acc_trans_m m LEFT JOIN acc_party p ON p.p_code = m.at_party_code AND p.system_id = m.system_id WHERE m.system_id = %s AND m.at_doc_type IN (%s, %s) AND DATE(m.at_date) = %s ORDER BY m.at_id DESC LIMIT %s","[146, '01', '02', '2026-06-07', 200]",7,"[{'at_id': 261203000167, 'at_doc_type': '01', 'at_date': datetime.datetime(2026, 6, 7, 0, 0), 'at_m_amount': Decimal('8750.00'), 'at_status': '1', 'at_remarks': 'Healthcare Services', 'at_cheque_no': None, 'at_party_code': '2010300642', 'party_name': 'Acme CORP', 'reconciled': 0}, {'at_id': 261203000161, 'at_doc_type': '01', 'at_date': datetime.datetime(2026, 6, 7, 0, 0), 'at_m_amount': Decimal('8750.00'), 'at_status': '1', 'at_remarks': 'Healthcare Services', 'at_cheque_no': None, 'at_party_cod...",1237.41
2026-09-07T23:18:58.035530,fetch_voucher.master,"SELECT at_id, at_date, at_doc_type, at_desc, at_remarks, at_memo,        at_m_amount, at_party_code, at_bank, at_bank_acc, at_cheque_no,        at_cheque_date, at_status, at_cr_user, at_cr_date, at_up_user, at_up_date FROM acc_trans_m WHERE at_id = %s AND system_id = %s","['261203000167', 146]",1,"[{'at_id': 261203000167, 'at_date': datetime.datetime(2026, 6, 7, 0, 0), 'at_doc_type': '01', 'at_desc': 'Receipt Voucher', 'at_remarks': 'Healthcare Services', 'at_memo': 'Healthcare Services', 'at_m_amount': Decimal('8750.00'), 'at_party_code': '2010300642', 'at_bank': 'Meezan 1234', 'at_bank_acc': '100045000', 'at_cheque_no': None, 'at_cheque_date': None, 'at_status': '1', 'at_cr_user': '86', 'at_cr_date': datetime.datetime(2026, 9, 7, 21, 19, 6), 'at_up_user': '86', 'at_up_date': datetime.da...",445.62
2026-09-07T23:18:58.530710,fetch_voucher.legs,"SELECT at_sno, at_acc_code, at_dc_type, at_amount, at_remarks, atd_date, atd_party FROM acc_trans_d WHERE at_id = %s AND at_system_id = %s ORDER BY at_sno","['261203000167', 146]",2,"[{'at_sno': 1, 'at_acc_code': 100045000, 'at_dc_type': 'D', 'at_amount': Decimal('8750.00'), 'at_remarks': 'Healthcare Services', 'atd_date': datetime.date(2026, 6, 7), 'atd_party': '2010300642'}, {'at_sno': 2, 'at_acc_code': 35002, 'at_dc_type': 'C', 'at_amount': Decimal('-8750.00'), 'at_remarks': 'Healthcare Services', 'atd_date': datetime.date(2026, 6, 7), 'atd_party': '2010300642'}]",495.18
2026-09-07T23:18:58.945754,fetch_voucher.reconciled,SELECT COUNT(*) AS n FROM acc_trans_reconcile WHERE at_id = %s AND at_system_id = %s AND at_acc_reconcile = 1,"['261203000167', 146]",1,[{'n': 0}],413.05
2026-09-07T23:18:59.465982,fetch_voucher.party,"SELECT p_code, p_type, company_name, person_name FROM acc_party WHERE p_code = %s AND system_id = %s LIMIT 1","['2010300642', 146]",1,"[{'p_code': 2010300642, 'p_type': 'C', 'company_name': 'Acme CORP', 'person_name': 'Acme CORP'}]",518.89
2026-09-07T23:19:28.959060,fetch_voucher.master,"SELECT at_id, at_date, at_doc_type, at_desc, at_remarks, at_memo,        at_m_amount, at_party_code, at_bank, at_bank_acc, at_cheque_no,        at_cheque_date, at_status, at_cr_user, at_cr_date, at_up_user, at_up_date FROM acc_trans_m WHERE at_id = %s AND system_id = %s","['261203000167', 146]",1,"[{'at_id': 261203000167, 'at_date': datetime.datetime(2026, 6, 7, 0, 0), 'at_doc_type': '01', 'at_desc': 'Receipt Voucher', 'at_remarks': 'Healthcare Services', 'at_memo': 'Healthcare Services', 'at_m_amount': Decimal('8750.00'), 'at_party_code': '2010300642', 'at_bank': 'Meezan 1234', 'at_bank_acc': '100045000', 'at_cheque_no': None, 'at_cheque_date': None, 'at_status': '1', 'at_cr_user': '86', 'at_cr_date': datetime.datetime(2026, 9, 7, 21, 19, 6), 'at_up_user': '86', 'at_up_date': datetime.da...",616.74
2026-09-07T23:19:29.571660,fetch_voucher.legs,"SELECT at_sno, at_acc_code, at_dc_type, at_amount, at_remarks, atd_date, atd_party FROM acc_trans_d WHERE at_id = %s AND at_system_id = %s ORDER BY at_sno","['261203000167', 146]",2,"[{'at_sno': 1, 'at_acc_code': 100045000, 'at_dc_type': 'D', 'at_amount': Decimal('8750.00'), 'at_remarks': 'Healthcare Services', 'atd_date': datetime.date(2026, 6, 7), 'atd_party': '2010300642'}, {'at_sno': 2, 'at_acc_code': 35002, 'at_dc_type': 'C', 'at_amount': Decimal('-8750.00'), 'at_remarks': 'Healthcare Services', 'atd_date': datetime.date(2026, 6, 7), 'atd_party': '2010300642'}]",612.60
2026-09-07T23:19:30.102440,fetch_voucher.reconciled,SELECT COUNT(*) AS n FROM acc_trans_reconcile WHERE at_id = %s AND at_system_id = %s AND at_acc_reconcile = 1,"['261203000167', 146]",1,[{'n': 0}],529.12
2026-09-07T23:19:30.594148,fetch_voucher.party,"SELECT p_code, p_type, company_name, person_name FROM acc_party WHERE p_code = %s AND system_id = %s LIMIT 1","['2010300642', 146]",1,"[{'p_code': 2010300642, 'p_type': 'C', 'company_name': 'Acme CORP', 'person_name': 'Acme CORP'}]",491.64
2026-09-07T23:20:21.388678,list_vouchers,"SELECT m.at_id, m.at_doc_type, m.at_date, m.at_m_amount, m.at_status,        m.at_remarks, m.at_cheque_no, m.at_party_code,        COALESCE(p.company_name, p.person_name) AS party_name,        (SELECT COUNT(*) FROM acc_trans_reconcile r          WHERE r.at_id = m.at_id AND r.at_system_id = m.system_id            AND r.at_acc_reconcile = 1) AS reconciled FROM acc_trans_m m LEFT JOIN acc_party p ON p.p_code = m.at_party_code AND p.system_id = m.system_id WHERE m.system_id = %s AND m.at_doc_type IN (%s, %s) AND DATE(m.at_date) = %s ORDER BY m.at_id DESC LIMIT %s","[146, '01', '02', '2026-07-06', 200]",0,[],473.19
2026-09-07T23:20:29.083229,list_vouchers,"SELECT m.at_id, m.at_doc_type, m.at_date, m.at_m_amount, m.at_status,        m.at_remarks, m.at_cheque_no, m.at_party_code,        COALESCE(p.company_name, p.person_name) AS party_name,        (SELECT COUNT(*) FROM acc_trans_reconcile r          WHERE r.at_id = m.at_id AND r.at_system_id = m.system_id            AND r.at_acc_reconcile = 1) AS reconciled FROM acc_trans_m m LEFT JOIN acc_party p ON p.p_code = m.at_party_code AND p.system_id = m.system_id WHERE m.system_id = %s AND m.at_doc_type IN (%s, %s) AND DATE(m.at_date) = %s ORDER BY m.at_id DESC LIMIT %s","[146, '01', '02', '2026-06-07', 200]",7,"[{'at_id': 261203000167, 'at_doc_type': '01', 'at_date': datetime.datetime(2026, 6, 7, 0, 0), 'at_m_amount': Decimal('8750.00'), 'at_status': '1', 'at_remarks': 'Healthcare Services', 'at_cheque_no': None, 'at_party_code': '2010300642', 'party_name': 'Acme CORP', 'reconciled': 0}, {'at_id': 261203000161, 'at_doc_type': '01', 'at_date': datetime.datetime(2026, 6, 7, 0, 0), 'at_m_amount': Decimal('8750.00'), 'at_status': '1', 'at_remarks': 'Healthcare Services', 'at_cheque_no': None, 'at_party_cod...",656.86
2026-09-08T00:32:23.312084,get_chart,"SELECT trans_acc_id, trans_acc_desc, subsi_acc_id, subsi_acc_desc, trans_system_id     FROM (SELECT @system_id := %s p) parm, v_trans_accounts_m2     WHERE trans_acc_display = 1     ORDER BY SUBSTRING(trans_acc_id, 1, 1),              SUBSTRING(trans_acc_id, 1, 5),              acc_main_sort, sub_sort, acc_sort, trans_acc_id",[146],221,"[{'trans_acc_id': '1000100010001', 'trans_acc_desc': 'Bank of the west', 'subsi_acc_id': 100010001, 'subsi_acc_desc': 'Banks', 'trans_system_id': 146}, {'trans_acc_id': '1000100010002', 'trans_acc_desc': 'Bank of the Ozarks', 'subsi_acc_id': 100010001, 'subsi_acc_desc': 'Banks', 'trans_system_id': 146}, {'trans_acc_id': '1000100010003', 'trans_acc_desc': 'Bancorp South Bank', 'subsi_acc_id': 100010001, 'subsi_acc_desc': 'Banks', 'trans_system_id': 146}, {'trans_acc_id': '1000100010004', 'trans_a...",438.99
2026-09-08T00:32:28.115314,get_chart,"SELECT trans_acc_id, trans_acc_desc, subsi_acc_id, subsi_acc_desc, trans_system_id     FROM (SELECT @system_id := %s p) parm, v_trans_accounts_m2     WHERE trans_acc_display = 1     ORDER BY SUBSTRING(trans_acc_id, 1, 1),              SUBSTRING(trans_acc_id, 1, 5),              acc_main_sort, sub_sort, acc_sort, trans_acc_id",[146],221,"[{'trans_acc_id': '1000100010001', 'trans_acc_desc': 'Bank of the west', 'subsi_acc_id': 100010001, 'subsi_acc_desc': 'Banks', 'trans_system_id': 146}, {'trans_acc_id': '1000100010002', 'trans_acc_desc': 'Bank of the Ozarks', 'subsi_acc_id': 100010001, 'subsi_acc_desc': 'Banks', 'trans_system_id': 146}, {'trans_acc_id': '1000100010003', 'trans_acc_desc': 'Bancorp South Bank', 'subsi_acc_id': 100010001, 'subsi_acc_desc': 'Banks', 'trans_system_id': 146}, {'trans_acc_id': '1000100010004', 'trans_a...",508.35
2026-09-08T00:32:37.136229,list_parties,"SELECT p_code, p_type, company_name, person_name, Email, Phone,        p_account, status FROM acc_party WHERE system_id = %s AND status = 1 ORDER BY p_type, company_name LIMIT %s","[146, 500]",123,"[{'p_code': 2010300629, 'p_type': 'C', 'company_name': '3S', 'person_name': 'Ali', 'Email': None, 'Phone': None, 'p_account': None, 'status': 1}, {'p_code': 2010300639, 'p_type': 'C', 'company_name': '3s(ali)', 'person_name': '3s(ali)', 'Email': None, 'Phone': None, 'p_account': None, 'status': 1}, {'p_code': 2010300642, 'p_type': 'C', 'company_name': 'Acme CORP', 'person_name': 'Acme CORP', 'Email': None, 'Phone': '555-0143', 'p_account': None, 'status': 1}, {'p_code': 2010300637, 'p_type': 'C'...",931.43
2026-09-08T00:32:41.442482,list_parties,"SELECT p_code, p_type, company_name, person_name, Email, Phone,        p_account, status FROM acc_party WHERE system_id = %s AND status = 1 ORDER BY p_type, company_name LIMIT %s","[146, 500]",123,"[{'p_code': 2010300629, 'p_type': 'C', 'company_name': '3S', 'person_name': 'Ali', 'Email': None, 'Phone': None, 'p_account': None, 'status': 1}, {'p_code': 2010300639, 'p_type': 'C', 'company_name': '3s(ali)', 'person_name': '3s(ali)', 'Email': None, 'Phone': None, 'p_account': None, 'status': 1}, {'p_code': 2010300642, 'p_type': 'C', 'company_name': 'Acme CORP', 'person_name': 'Acme CORP', 'Email': None, 'Phone': '555-0143', 'p_account': None, 'status': 1}, {'p_code': 2010300637, 'p_type': 'C'...",1150.94
2026-09-08T00:33:00.152554,within_open_year,SELECT 1 FROM business_year WHERE by_system_id = %s AND (  (financial_year_start <= %s AND %s <= financial_year_end AND financial_year_status = 1)  OR (audit_year_start <= %s AND %s <= audit_year_end AND audit_year_status = 1)) LIMIT 1,"[146, '2026-09-08', '2026-09-08', '2026-09-08', '2026-09-08']",0,[],1189.86
2026-09-08T00:33:00.764110,find_party_candidates(John Smith On Bank Meezan 1234),"SELECT p_code, p_type, company_name, person_name, Phone, Email, p_account FROM acc_party WHERE status = 1 AND system_id = %s AND p_type = %s AND (LOWER(TRIM(company_name))=LOWER(TRIM(%s)) OR LOWER(TRIM(person_name))=LOWER(TRIM(%s)))","(146, 'C', 'John Smith On Bank Meezan 1234', 'John Smith On Bank Meezan 1234')",0,[],290.39
2026-09-08T00:33:01.076286,find_party_candidates(John Smith On Bank Meezan 1234),"SELECT p_code, p_type, company_name, person_name, Phone, Email, p_account FROM acc_party WHERE status = 1 AND system_id = %s AND p_type = %s AND (company_name LIKE %s OR person_name LIKE %s) LIMIT %s","(146, 'C', 'John Smith On Bank Meezan 1234%', 'John Smith On Bank Meezan 1234%', 200)",0,[],310.19
2026-09-08T00:33:01.386408,find_party_candidates(John Smith On Bank Meezan 1234),"SELECT p_code, p_type, company_name, person_name, Phone, Email, p_account FROM acc_party WHERE status = 1 AND system_id = %s AND p_type = %s AND (company_name LIKE %s OR person_name LIKE %s) LIMIT %s","(146, 'C', '%John Smith On Bank Meezan 1234%', '%John Smith On Bank Meezan 1234%', 200)",0,[],307.11
2026-09-08T00:33:01.606857,find_party_candidates(John Smith On Bank Meezan 1234),"SELECT p_code, p_type, company_name, person_name, Phone, Email, p_account FROM acc_party WHERE status = 1 AND system_id = %s AND p_type = %s AND (company_name LIKE %s OR person_name LIKE %s) LIMIT %s","(146, 'C', '%John%', '%John%', 200)",2,"[{'p_code': 2010300631, 'p_type': 'C', 'company_name': 'JOHN SMITH', 'person_name': 'JOHN SMITH', 'Phone': None, 'Email': None, 'p_account': None}, {'p_code': 2010300632, 'p_type': 'C', 'company_name': 'Bank of the west — JOHN SMITH', 'person_name': 'Bank of the west — JOHN SMITH', 'Phone': None, 'Email': None, 'p_account': None}]",219.57
2026-09-08T00:33:02.216445,find_party_candidates(John Smith On Bank Meezan 1234),"SELECT p_code, p_type, company_name, person_name, Phone, Email, p_account FROM acc_party WHERE status = 1 AND system_id = %s AND (LOWER(TRIM(company_name))=LOWER(TRIM(%s)) OR LOWER(TRIM(person_name))=LOWER(TRIM(%s)))","(146, 'John Smith On Bank Meezan 1234', 'John Smith On Bank Meezan 1234')",0,[],321.95
2026-09-08T00:33:02.503985,find_party_candidates(John Smith On Bank Meezan 1234),"SELECT p_code, p_type, company_name, person_name, Phone, Email, p_account FROM acc_party WHERE status = 1 AND system_id = %s AND (company_name LIKE %s OR person_name LIKE %s) LIMIT %s","(146, 'John Smith On Bank Meezan 1234%', 'John Smith On Bank Meezan 1234%', 200)",0,[],285.58
2026-09-08T00:33:02.835200,find_party_candidates(John Smith On Bank Meezan 1234),"SELECT p_code, p_type, company_name, person_name, Phone, Email, p_account FROM acc_party WHERE status = 1 AND system_id = %s AND (company_name LIKE %s OR person_name LIKE %s) LIMIT %s","(146, '%John Smith On Bank Meezan 1234%', '%John Smith On Bank Meezan 1234%', 200)",0,[],328.13
2026-09-08T00:33:03.114068,find_party_candidates(John Smith On Bank Meezan 1234),"SELECT p_code, p_type, company_name, person_name, Phone, Email, p_account FROM acc_party WHERE status = 1 AND system_id = %s AND (company_name LIKE %s OR person_name LIKE %s) LIMIT %s","(146, '%John%', '%John%', 200)",2,"[{'p_code': 2010300631, 'p_type': 'C', 'company_name': 'JOHN SMITH', 'person_name': 'JOHN SMITH', 'Phone': None, 'Email': None, 'p_account': None}, {'p_code': 2010300632, 'p_type': 'C', 'company_name': 'Bank of the west — JOHN SMITH', 'person_name': 'Bank of the west — JOHN SMITH', 'Phone': None, 'Email': None, 'p_account': None}]",277.07
2026-09-08T00:35:27.665533,within_open_year,SELECT 1 FROM business_year WHERE by_system_id = %s AND (  (financial_year_start <= %s AND %s <= financial_year_end AND financial_year_status = 1)  OR (audit_year_start <= %s AND %s <= audit_year_end AND audit_year_status = 1)) LIMIT 1,"[146, '2026-09-08', '2026-09-08', '2026-09-08', '2026-09-08']",0,[],801.25
2026-09-08T00:35:28.124092,find_party_candidates(Medicare),"SELECT p_code, p_type, company_name, person_name, Phone, Email, p_account FROM acc_party WHERE status = 1 AND system_id = %s AND p_type = %s AND (LOWER(TRIM(company_name))=LOWER(TRIM(%s)) OR LOWER(TRIM(person_name))=LOWER(TRIM(%s)))","(146, 'C', 'Medicare', 'Medicare')",1,"[{'p_code': 2010300641, 'p_type': 'C', 'company_name': 'Medicare', 'person_name': 'Medicare', 'Phone': None, 'Email': None, 'p_account': None}]",204.84
2026-09-08T00:35:28.325934,find_party_candidates(Medicare),"SELECT p_code, p_type, company_name, person_name, Phone, Email, p_account FROM acc_party WHERE status = 1 AND system_id = %s AND p_type = %s AND (company_name LIKE %s OR person_name LIKE %s) LIMIT %s","(146, 'C', 'Medicare%', 'Medicare%', 200)",1,"[{'p_code': 2010300641, 'p_type': 'C', 'company_name': 'Medicare', 'person_name': 'Medicare', 'Phone': None, 'Email': None, 'p_account': None}]",199.85
2026-09-08T00:35:28.655390,find_party_candidates(Medicare),"SELECT p_code, p_type, company_name, person_name, Phone, Email, p_account FROM acc_party WHERE status = 1 AND system_id = %s AND p_type = %s AND (company_name LIKE %s OR person_name LIKE %s) LIMIT %s","(146, 'C', '%Medicare%', '%Medicare%', 200)",1,"[{'p_code': 2010300641, 'p_type': 'C', 'company_name': 'Medicare', 'person_name': 'Medicare', 'Phone': None, 'Email': None, 'p_account': None}]",329.46
2026-09-08T00:35:28.940726,find_party_candidates(Medicare),"SELECT p_code, p_type, company_name, person_name, Phone, Email, p_account FROM acc_party WHERE status = 1 AND system_id = %s AND p_type = %s AND (company_name LIKE %s OR person_name LIKE %s) LIMIT %s","(146, 'C', '%Medicare%', '%Medicare%', 200)",1,"[{'p_code': 2010300641, 'p_type': 'C', 'company_name': 'Medicare', 'person_name': 'Medicare', 'Phone': None, 'Email': None, 'p_account': None}]",282.35
2026-09-08T00:36:01.608331,within_open_year,SELECT 1 FROM business_year WHERE by_system_id = %s AND (  (financial_year_start <= %s AND %s <= financial_year_end AND financial_year_status = 1)  OR (audit_year_start <= %s AND %s <= audit_year_end AND audit_year_status = 1)) LIMIT 1,"[146, '2026-09-08', '2026-09-08', '2026-09-08', '2026-09-08']",0,[],1010.26
2026-09-08T00:36:02.107013,find_party_candidates(Medicare),"SELECT p_code, p_type, company_name, person_name, Phone, Email, p_account FROM acc_party WHERE status = 1 AND system_id = %s AND p_type = %s AND (LOWER(TRIM(company_name))=LOWER(TRIM(%s)) OR LOWER(TRIM(person_name))=LOWER(TRIM(%s)))","(146, 'C', 'Medicare', 'Medicare')",1,"[{'p_code': 2010300641, 'p_type': 'C', 'company_name': 'Medicare', 'person_name': 'Medicare', 'Phone': None, 'Email': None, 'p_account': None}]",299.41
2026-09-08T00:36:02.318917,find_party_candidates(Medicare),"SELECT p_code, p_type, company_name, person_name, Phone, Email, p_account FROM acc_party WHERE status = 1 AND system_id = %s AND p_type = %s AND (company_name LIKE %s OR person_name LIKE %s) LIMIT %s","(146, 'C', 'Medicare%', 'Medicare%', 200)",1,"[{'p_code': 2010300641, 'p_type': 'C', 'company_name': 'Medicare', 'person_name': 'Medicare', 'Phone': None, 'Email': None, 'p_account': None}]",208.97
2026-09-08T00:36:02.522391,find_party_candidates(Medicare),"SELECT p_code, p_type, company_name, person_name, Phone, Email, p_account FROM acc_party WHERE status = 1 AND system_id = %s AND p_type = %s AND (company_name LIKE %s OR person_name LIKE %s) LIMIT %s","(146, 'C', '%Medicare%', '%Medicare%', 200)",1,"[{'p_code': 2010300641, 'p_type': 'C', 'company_name': 'Medicare', 'person_name': 'Medicare', 'Phone': None, 'Email': None, 'p_account': None}]",201.18
2026-09-08T00:36:02.833783,find_party_candidates(Medicare),"SELECT p_code, p_type, company_name, person_name, Phone, Email, p_account FROM acc_party WHERE status = 1 AND system_id = %s AND p_type = %s AND (company_name LIKE %s OR person_name LIKE %s) LIMIT %s","(146, 'C', '%Medicare%', '%Medicare%', 200)",1,"[{'p_code': 2010300641, 'p_type': 'C', 'company_name': 'Medicare', 'person_name': 'Medicare', 'Phone': None, 'Email': None, 'p_account': None}]",305.39
2026-09-08T00:36:33.653793,within_open_year,SELECT 1 FROM business_year WHERE by_system_id = %s AND (  (financial_year_start <= %s AND %s <= financial_year_end AND financial_year_status = 1)  OR (audit_year_start <= %s AND %s <= audit_year_end AND audit_year_status = 1)) LIMIT 1,"[146, '2026-09-08', '2026-09-08', '2026-09-08', '2026-09-08']",0,[],473.65
2026-09-08T00:36:34.161960,find_party_candidates(Medicare),"SELECT p_code, p_type, company_name, person_name, Phone, Email, p_account FROM acc_party WHERE status = 1 AND system_id = %s AND p_type = %s AND (LOWER(TRIM(company_name))=LOWER(TRIM(%s)) OR LOWER(TRIM(person_name))=LOWER(TRIM(%s)))","(146, 'C', 'Medicare', 'Medicare')",1,"[{'p_code': 2010300641, 'p_type': 'C', 'company_name': 'Medicare', 'person_name': 'Medicare', 'Phone': None, 'Email': None, 'p_account': None}]",312.33
2026-09-08T00:36:34.437818,find_party_candidates(Medicare),"SELECT p_code, p_type, company_name, person_name, Phone, Email, p_account FROM acc_party WHERE status = 1 AND system_id = %s AND p_type = %s AND (company_name LIKE %s OR person_name LIKE %s) LIMIT %s","(146, 'C', 'Medicare%', 'Medicare%', 200)",1,"[{'p_code': 2010300641, 'p_type': 'C', 'company_name': 'Medicare', 'person_name': 'Medicare', 'Phone': None, 'Email': None, 'p_account': None}]",271.76
2026-09-08T00:36:34.778375,find_party_candidates(Medicare),"SELECT p_code, p_type, company_name, person_name, Phone, Email, p_account FROM acc_party WHERE status = 1 AND system_id = %s AND p_type = %s AND (company_name LIKE %s OR person_name LIKE %s) LIMIT %s","(146, 'C', '%Medicare%', '%Medicare%', 200)",1,"[{'p_code': 2010300641, 'p_type': 'C', 'company_name': 'Medicare', 'person_name': 'Medicare', 'Phone': None, 'Email': None, 'p_account': None}]",339.47
2026-09-08T00:36:35.089967,find_party_candidates(Medicare),"SELECT p_code, p_type, company_name, person_name, Phone, Email, p_account FROM acc_party WHERE status = 1 AND system_id = %s AND p_type = %s AND (company_name LIKE %s OR person_name LIKE %s) LIMIT %s","(146, 'C', '%Medicare%', '%Medicare%', 200)",1,"[{'p_code': 2010300641, 'p_type': 'C', 'company_name': 'Medicare', 'person_name': 'Medicare', 'Phone': None, 'Email': None, 'p_account': None}]",309.31
2026-09-08T14:43:17.922236,within_open_year,SELECT 1 FROM business_year WHERE by_system_id = %s AND (  (financial_year_start <= %s AND %s <= financial_year_end AND financial_year_status = 1)  OR (audit_year_start <= %s AND %s <= audit_year_end AND audit_year_status = 1)) LIMIT 1,"[146, '2026-09-08', '2026-09-08', '2026-09-08', '2026-09-08']",0,[],933.78
2026-09-08T14:43:18.436745,find_party_candidates(Handy Fix LLC),"SELECT p_code, p_type, company_name, person_name, Phone, Email, p_account FROM acc_party WHERE status = 1 AND system_id = %s AND p_type = %s AND (LOWER(TRIM(company_name))=LOWER(TRIM(%s)) OR LOWER(TRIM(person_name))=LOWER(TRIM(%s)))","(146, 'P', 'Handy Fix LLC', 'Handy Fix LLC')",1,"[{'p_code': 2010100001, 'p_type': 'P', 'company_name': 'Handy Fix LLC', 'person_name': 'Handy Fix LLC', 'Phone': None, 'Email': None, 'p_account': None}]",282.17
2026-09-08T14:43:18.646430,find_party_candidates(Handy Fix LLC),"SELECT p_code, p_type, company_name, person_name, Phone, Email, p_account FROM acc_party WHERE status = 1 AND system_id = %s AND p_type = %s AND (company_name LIKE %s OR person_name LIKE %s) LIMIT %s","(146, 'P', 'Handy Fix LLC%', 'Handy Fix LLC%', 200)",2,"[{'p_code': 2010100001, 'p_type': 'P', 'company_name': 'Handy Fix LLC', 'person_name': 'Handy Fix LLC', 'Phone': None, 'Email': None, 'p_account': None}, {'p_code': 2010100003, 'p_type': 'P', 'company_name': 'Handy Fix LLC Ops@handyfix.com', 'person_name': 'Handy Fix LLC Ops@handyfix.com', 'Phone': None, 'Email': None, 'p_account': None}]",207.11
2026-09-08T14:43:18.860331,find_party_candidates(Handy Fix LLC),"SELECT p_code, p_type, company_name, person_name, Phone, Email, p_account FROM acc_party WHERE status = 1 AND system_id = %s AND p_type = %s AND (company_name LIKE %s OR person_name LIKE %s) LIMIT %s","(146, 'P', '%Handy Fix LLC%', '%Handy Fix LLC%', 200)",2,"[{'p_code': 2010100001, 'p_type': 'P', 'company_name': 'Handy Fix LLC', 'person_name': 'Handy Fix LLC', 'Phone': None, 'Email': None, 'p_account': None}, {'p_code': 2010100003, 'p_type': 'P', 'company_name': 'Handy Fix LLC Ops@handyfix.com', 'person_name': 'Handy Fix LLC Ops@handyfix.com', 'Phone': None, 'Email': None, 'p_account': None}]",210.49
2026-09-08T14:43:19.154177,find_party_candidates(Handy Fix LLC),"SELECT p_code, p_type, company_name, person_name, Phone, Email, p_account FROM acc_party WHERE status = 1 AND system_id = %s AND p_type = %s AND (company_name LIKE %s OR person_name LIKE %s) LIMIT %s","(146, 'P', '%Handy%', '%Handy%', 200)",2,"[{'p_code': 2010100001, 'p_type': 'P', 'company_name': 'Handy Fix LLC', 'person_name': 'Handy Fix LLC', 'Phone': None, 'Email': None, 'p_account': None}, {'p_code': 2010100003, 'p_type': 'P', 'company_name': 'Handy Fix LLC Ops@handyfix.com', 'person_name': 'Handy Fix LLC Ops@handyfix.com', 'Phone': None, 'Email': None, 'p_account': None}]",290.11
2026-09-08T14:43:20.357365,get_chart,"SELECT trans_acc_id, trans_acc_desc, subsi_acc_id, subsi_acc_desc, trans_system_id     FROM (SELECT @system_id := %s p) parm, v_trans_accounts_m2     WHERE trans_acc_display = 1     ORDER BY SUBSTRING(trans_acc_id, 1, 1),              SUBSTRING(trans_acc_id, 1, 5),              acc_main_sort, sub_sort, acc_sort, trans_acc_id",[146],221,"[{'trans_acc_id': '1000100010001', 'trans_acc_desc': 'Bank of the west', 'subsi_acc_id': 100010001, 'subsi_acc_desc': 'Banks', 'trans_system_id': 146}, {'trans_acc_id': '1000100010002', 'trans_acc_desc': 'Bank of the Ozarks', 'subsi_acc_id': 100010001, 'subsi_acc_desc': 'Banks', 'trans_system_id': 146}, {'trans_acc_id': '1000100010003', 'trans_acc_desc': 'Bancorp South Bank', 'subsi_acc_id': 100010001, 'subsi_acc_desc': 'Banks', 'trans_system_id': 146}, {'trans_acc_id': '1000100010004', 'trans_a...",689.02
2026-09-08T14:43:50.551451,within_open_year,SELECT 1 FROM business_year WHERE by_system_id = %s AND (  (financial_year_start <= %s AND %s <= financial_year_end AND financial_year_status = 1)  OR (audit_year_start <= %s AND %s <= audit_year_end AND audit_year_status = 1)) LIMIT 1,"[146, '2026-09-08', '2026-09-08', '2026-09-08', '2026-09-08']",0,[],396.48
2026-09-08T14:43:50.955178,find_party_candidates(Handy Fix LLC),"SELECT p_code, p_type, company_name, person_name, Phone, Email, p_account FROM acc_party WHERE status = 1 AND system_id = %s AND p_type = %s AND (LOWER(TRIM(company_name))=LOWER(TRIM(%s)) OR LOWER(TRIM(person_name))=LOWER(TRIM(%s)))","(146, 'P', 'Handy Fix LLC', 'Handy Fix LLC')",1,"[{'p_code': 2010100001, 'p_type': 'P', 'company_name': 'Handy Fix LLC', 'person_name': 'Handy Fix LLC', 'Phone': None, 'Email': None, 'p_account': None}]",206.34
2026-09-08T14:43:51.167133,find_party_candidates(Handy Fix LLC),"SELECT p_code, p_type, company_name, person_name, Phone, Email, p_account FROM acc_party WHERE status = 1 AND system_id = %s AND p_type = %s AND (company_name LIKE %s OR person_name LIKE %s) LIMIT %s","(146, 'P', 'Handy Fix LLC%', 'Handy Fix LLC%', 200)",2,"[{'p_code': 2010100001, 'p_type': 'P', 'company_name': 'Handy Fix LLC', 'person_name': 'Handy Fix LLC', 'Phone': None, 'Email': None, 'p_account': None}, {'p_code': 2010100003, 'p_type': 'P', 'company_name': 'Handy Fix LLC Ops@handyfix.com', 'person_name': 'Handy Fix LLC Ops@handyfix.com', 'Phone': None, 'Email': None, 'p_account': None}]",209.91
2026-09-08T14:43:51.374859,find_party_candidates(Handy Fix LLC),"SELECT p_code, p_type, company_name, person_name, Phone, Email, p_account FROM acc_party WHERE status = 1 AND system_id = %s AND p_type = %s AND (company_name LIKE %s OR person_name LIKE %s) LIMIT %s","(146, 'P', '%Handy Fix LLC%', '%Handy Fix LLC%', 200)",2,"[{'p_code': 2010100001, 'p_type': 'P', 'company_name': 'Handy Fix LLC', 'person_name': 'Handy Fix LLC', 'Phone': None, 'Email': None, 'p_account': None}, {'p_code': 2010100003, 'p_type': 'P', 'company_name': 'Handy Fix LLC Ops@handyfix.com', 'person_name': 'Handy Fix LLC Ops@handyfix.com', 'Phone': None, 'Email': None, 'p_account': None}]",206.14
2026-09-08T14:43:51.611322,find_party_candidates(Handy Fix LLC),"SELECT p_code, p_type, company_name, person_name, Phone, Email, p_account FROM acc_party WHERE status = 1 AND system_id = %s AND p_type = %s AND (company_name LIKE %s OR person_name LIKE %s) LIMIT %s","(146, 'P', '%Handy%', '%Handy%', 200)",2,"[{'p_code': 2010100001, 'p_type': 'P', 'company_name': 'Handy Fix LLC', 'person_name': 'Handy Fix LLC', 'Phone': None, 'Email': None, 'p_account': None}, {'p_code': 2010100003, 'p_type': 'P', 'company_name': 'Handy Fix LLC Ops@handyfix.com', 'person_name': 'Handy Fix LLC Ops@handyfix.com', 'Phone': None, 'Email': None, 'p_account': None}]",234.43
2026-09-08T14:44:37.997257,within_open_year,SELECT 1 FROM business_year WHERE by_system_id = %s AND (  (financial_year_start <= %s AND %s <= financial_year_end AND financial_year_status = 1)  OR (audit_year_start <= %s AND %s <= audit_year_end AND audit_year_status = 1)) LIMIT 1,"[146, '2026-09-08', '2026-09-08', '2026-09-08', '2026-09-08']",0,[],579.47
2026-09-08T14:44:38.614210,find_party_candidates(Handy Fix LLC),"SELECT p_code, p_type, company_name, person_name, Phone, Email, p_account FROM acc_party WHERE status = 1 AND system_id = %s AND p_type = %s AND (LOWER(TRIM(company_name))=LOWER(TRIM(%s)) OR LOWER(TRIM(person_name))=LOWER(TRIM(%s)))","(146, 'P', 'Handy Fix LLC', 'Handy Fix LLC')",1,"[{'p_code': 2010100001, 'p_type': 'P', 'company_name': 'Handy Fix LLC', 'person_name': 'Handy Fix LLC', 'Phone': None, 'Email': None, 'p_account': None}]",308.32
2026-09-08T14:44:38.921012,find_party_candidates(Handy Fix LLC),"SELECT p_code, p_type, company_name, person_name, Phone, Email, p_account FROM acc_party WHERE status = 1 AND system_id = %s AND p_type = %s AND (company_name LIKE %s OR person_name LIKE %s) LIMIT %s","(146, 'P', 'Handy Fix LLC%', 'Handy Fix LLC%', 200)",2,"[{'p_code': 2010100001, 'p_type': 'P', 'company_name': 'Handy Fix LLC', 'person_name': 'Handy Fix LLC', 'Phone': None, 'Email': None, 'p_account': None}, {'p_code': 2010100003, 'p_type': 'P', 'company_name': 'Handy Fix LLC Ops@handyfix.com', 'person_name': 'Handy Fix LLC Ops@handyfix.com', 'Phone': None, 'Email': None, 'p_account': None}]",305.80
2026-09-08T14:44:39.221231,find_party_candidates(Handy Fix LLC),"SELECT p_code, p_type, company_name, person_name, Phone, Email, p_account FROM acc_party WHERE status = 1 AND system_id = %s AND p_type = %s AND (company_name LIKE %s OR person_name LIKE %s) LIMIT %s","(146, 'P', '%Handy Fix LLC%', '%Handy Fix LLC%', 200)",2,"[{'p_code': 2010100001, 'p_type': 'P', 'company_name': 'Handy Fix LLC', 'person_name': 'Handy Fix LLC', 'Phone': None, 'Email': None, 'p_account': None}, {'p_code': 2010100003, 'p_type': 'P', 'company_name': 'Handy Fix LLC Ops@handyfix.com', 'person_name': 'Handy Fix LLC Ops@handyfix.com', 'Phone': None, 'Email': None, 'p_account': None}]",297.20
2026-09-08T14:44:39.432228,find_party_candidates(Handy Fix LLC),"SELECT p_code, p_type, company_name, person_name, Phone, Email, p_account FROM acc_party WHERE status = 1 AND system_id = %s AND p_type = %s AND (company_name LIKE %s OR person_name LIKE %s) LIMIT %s","(146, 'P', '%Handy%', '%Handy%', 200)",2,"[{'p_code': 2010100001, 'p_type': 'P', 'company_name': 'Handy Fix LLC', 'person_name': 'Handy Fix LLC', 'Phone': None, 'Email': None, 'p_account': None}, {'p_code': 2010100003, 'p_type': 'P', 'company_name': 'Handy Fix LLC Ops@handyfix.com', 'person_name': 'Handy Fix LLC Ops@handyfix.com', 'Phone': None, 'Email': None, 'p_account': None}]",206.01
2026-09-08T14:44:59.398133,within_open_year,SELECT 1 FROM business_year WHERE by_system_id = %s AND (  (financial_year_start <= %s AND %s <= financial_year_end AND financial_year_status = 1)  OR (audit_year_start <= %s AND %s <= audit_year_end AND audit_year_status = 1)) LIMIT 1,"[146, '2026-09-08', '2026-09-08', '2026-09-08', '2026-09-08']",0,[],613.14
2026-09-08T14:45:00.018771,find_party_candidates(Handy Fix LLC),"SELECT p_code, p_type, company_name, person_name, Phone, Email, p_account FROM acc_party WHERE status = 1 AND system_id = %s AND p_type = %s AND (LOWER(TRIM(company_name))=LOWER(TRIM(%s)) OR LOWER(TRIM(person_name))=LOWER(TRIM(%s)))","(146, 'P', 'Handy Fix LLC', 'Handy Fix LLC')",1,"[{'p_code': 2010100001, 'p_type': 'P', 'company_name': 'Handy Fix LLC', 'person_name': 'Handy Fix LLC', 'Phone': None, 'Email': None, 'p_account': None}]",313.74
2026-09-08T14:45:00.320479,find_party_candidates(Handy Fix LLC),"SELECT p_code, p_type, company_name, person_name, Phone, Email, p_account FROM acc_party WHERE status = 1 AND system_id = %s AND p_type = %s AND (company_name LIKE %s OR person_name LIKE %s) LIMIT %s","(146, 'P', 'Handy Fix LLC%', 'Handy Fix LLC%', 200)",2,"[{'p_code': 2010100001, 'p_type': 'P', 'company_name': 'Handy Fix LLC', 'person_name': 'Handy Fix LLC', 'Phone': None, 'Email': None, 'p_account': None}, {'p_code': 2010100003, 'p_type': 'P', 'company_name': 'Handy Fix LLC Ops@handyfix.com', 'person_name': 'Handy Fix LLC Ops@handyfix.com', 'Phone': None, 'Email': None, 'p_account': None}]",299.71
2026-09-08T14:45:00.628454,find_party_candidates(Handy Fix LLC),"SELECT p_code, p_type, company_name, person_name, Phone, Email, p_account FROM acc_party WHERE status = 1 AND system_id = %s AND p_type = %s AND (company_name LIKE %s OR person_name LIKE %s) LIMIT %s","(146, 'P', '%Handy Fix LLC%', '%Handy Fix LLC%', 200)",2,"[{'p_code': 2010100001, 'p_type': 'P', 'company_name': 'Handy Fix LLC', 'person_name': 'Handy Fix LLC', 'Phone': None, 'Email': None, 'p_account': None}, {'p_code': 2010100003, 'p_type': 'P', 'company_name': 'Handy Fix LLC Ops@handyfix.com', 'person_name': 'Handy Fix LLC Ops@handyfix.com', 'Phone': None, 'Email': None, 'p_account': None}]",306.98
2026-09-08T14:45:00.923476,find_party_candidates(Handy Fix LLC),"SELECT p_code, p_type, company_name, person_name, Phone, Email, p_account FROM acc_party WHERE status = 1 AND system_id = %s AND p_type = %s AND (company_name LIKE %s OR person_name LIKE %s) LIMIT %s","(146, 'P', '%Handy%', '%Handy%', 200)",2,"[{'p_code': 2010100001, 'p_type': 'P', 'company_name': 'Handy Fix LLC', 'person_name': 'Handy Fix LLC', 'Phone': None, 'Email': None, 'p_account': None}, {'p_code': 2010100003, 'p_type': 'P', 'company_name': 'Handy Fix LLC Ops@handyfix.com', 'person_name': 'Handy Fix LLC Ops@handyfix.com', 'Phone': None, 'Email': None, 'p_account': None}]",293.02
2026-09-08T14:46:10.464279,within_open_year,SELECT 1 FROM business_year WHERE by_system_id = %s AND (  (financial_year_start <= %s AND %s <= financial_year_end AND financial_year_status = 1)  OR (audit_year_start <= %s AND %s <= audit_year_end AND audit_year_status = 1)) LIMIT 1,"[146, '2026-09-08', '2026-09-08', '2026-09-08', '2026-09-08']",0,[],587.85
2026-09-08T14:46:11.019328,find_party_candidates(3S From Bank of Amercia 9523),"SELECT p_code, p_type, company_name, person_name, Phone, Email, p_account FROM acc_party WHERE status = 1 AND system_id = %s AND p_type = %s AND (LOWER(TRIM(company_name))=LOWER(TRIM(%s)) OR LOWER(TRIM(person_name))=LOWER(TRIM(%s)))","(146, 'P', '3S From Bank of Amercia 9523', '3S From Bank of Amercia 9523')",0,[],247.27
2026-09-08T14:46:11.227658,find_party_candidates(3S From Bank of Amercia 9523),"SELECT p_code, p_type, company_name, person_name, Phone, Email, p_account FROM acc_party WHERE status = 1 AND system_id = %s AND p_type = %s AND (company_name LIKE %s OR person_name LIKE %s) LIMIT %s","(146, 'P', '3S From Bank of Amercia 9523%', '3S From Bank of Amercia 9523%', 200)",0,[],206.44
2026-09-08T14:46:11.436270,find_party_candidates(3S From Bank of Amercia 9523),"SELECT p_code, p_type, company_name, person_name, Phone, Email, p_account FROM acc_party WHERE status = 1 AND system_id = %s AND p_type = %s AND (company_name LIKE %s OR person_name LIKE %s) LIMIT %s","(146, 'P', '%3S From Bank of Amercia 9523%', '%3S From Bank of Amercia 9523%', 200)",0,[],207.96
2026-09-08T14:46:12.000702,find_party_candidates(3S From Bank of Amercia 9523),"SELECT p_code, p_type, company_name, person_name, Phone, Email, p_account FROM acc_party WHERE status = 1 AND system_id = %s AND (LOWER(TRIM(company_name))=LOWER(TRIM(%s)) OR LOWER(TRIM(person_name))=LOWER(TRIM(%s)))","(146, '3S From Bank of Amercia 9523', '3S From Bank of Amercia 9523')",0,[],308.28
2026-09-08T14:46:12.310182,find_party_candidates(3S From Bank of Amercia 9523),"SELECT p_code, p_type, company_name, person_name, Phone, Email, p_account FROM acc_party WHERE status = 1 AND system_id = %s AND (company_name LIKE %s OR person_name LIKE %s) LIMIT %s","(146, '3S From Bank of Amercia 9523%', '3S From Bank of Amercia 9523%', 200)",0,[],305.89
2026-09-08T14:46:12.614343,find_party_candidates(3S From Bank of Amercia 9523),"SELECT p_code, p_type, company_name, person_name, Phone, Email, p_account FROM acc_party WHERE status = 1 AND system_id = %s AND (company_name LIKE %s OR person_name LIKE %s) LIMIT %s","(146, '%3S From Bank of Amercia 9523%', '%3S From Bank of Amercia 9523%', 200)",0,[],303.16
2026-09-08T14:46:38.729111,within_open_year,SELECT 1 FROM business_year WHERE by_system_id = %s AND (  (financial_year_start <= %s AND %s <= financial_year_end AND financial_year_status = 1)  OR (audit_year_start <= %s AND %s <= audit_year_end AND audit_year_status = 1)) LIMIT 1,"[146, '2026-09-08', '2026-09-08', '2026-09-08', '2026-09-08']",0,[],483.78
2026-09-08T14:46:39.161859,find_party_candidates(3S),"SELECT p_code, p_type, company_name, person_name, Phone, Email, p_account FROM acc_party WHERE status = 1 AND system_id = %s AND p_type = %s AND (LOWER(TRIM(company_name))=LOWER(TRIM(%s)) OR LOWER(TRIM(person_name))=LOWER(TRIM(%s)))","(146, 'P', '3S', '3S')",0,[],203.10
2026-09-08T14:46:39.372318,find_party_candidates(3S),"SELECT p_code, p_type, company_name, person_name, Phone, Email, p_account FROM acc_party WHERE status = 1 AND system_id = %s AND p_type = %s AND (company_name LIKE %s OR person_name LIKE %s) LIMIT %s","(146, 'P', '3S%', '3S%', 200)",0,[],208.44
2026-09-08T14:46:39.647818,find_party_candidates(3S),"SELECT p_code, p_type, company_name, person_name, Phone, Email, p_account FROM acc_party WHERE status = 1 AND system_id = %s AND p_type = %s AND (company_name LIKE %s OR person_name LIKE %s) LIMIT %s","(146, 'P', '%3S%', '%3S%', 200)",0,[],274.50
2026-09-08T14:46:40.159327,find_party_candidates(3S),"SELECT p_code, p_type, company_name, person_name, Phone, Email, p_account FROM acc_party WHERE status = 1 AND system_id = %s AND (LOWER(TRIM(company_name))=LOWER(TRIM(%s)) OR LOWER(TRIM(person_name))=LOWER(TRIM(%s)))","(146, '3S', '3S')",1,"[{'p_code': 2010300629, 'p_type': 'C', 'company_name': '3S', 'person_name': 'Ali', 'Phone': None, 'Email': None, 'p_account': None}]",203.71
2026-09-08T14:46:40.468615,find_party_candidates(3S),"SELECT p_code, p_type, company_name, person_name, Phone, Email, p_account FROM acc_party WHERE status = 1 AND system_id = %s AND (company_name LIKE %s OR person_name LIKE %s) LIMIT %s","(146, '3S%', '3S%', 200)",2,"[{'p_code': 2010300629, 'p_type': 'C', 'company_name': '3S', 'person_name': 'Ali', 'Phone': None, 'Email': None, 'p_account': None}, {'p_code': 2010300639, 'p_type': 'C', 'company_name': '3s(ali)', 'person_name': '3s(ali)', 'Phone': None, 'Email': None, 'p_account': None}]",307.72
2026-09-08T14:46:40.776109,find_party_candidates(3S),"SELECT p_code, p_type, company_name, person_name, Phone, Email, p_account FROM acc_party WHERE status = 1 AND system_id = %s AND (company_name LIKE %s OR person_name LIKE %s) LIMIT %s","(146, '%3S%', '%3S%', 200)",2,"[{'p_code': 2010300629, 'p_type': 'C', 'company_name': '3S', 'person_name': 'Ali', 'Phone': None, 'Email': None, 'p_account': None}, {'p_code': 2010300639, 'p_type': 'C', 'company_name': '3s(ali)', 'person_name': '3s(ali)', 'Phone': None, 'Email': None, 'p_account': None}]",306.49
2026-09-08T18:33:41.984501,get_chart,"SELECT trans_acc_id, trans_acc_desc, subsi_acc_id, subsi_acc_desc, trans_system_id     FROM (SELECT @system_id := %s p) parm, v_trans_accounts_m2     WHERE trans_acc_display = 1     ORDER BY SUBSTRING(trans_acc_id, 1, 1),              SUBSTRING(trans_acc_id, 1, 5),              acc_main_sort, sub_sort, acc_sort, trans_acc_id",[146],221,"[{'trans_acc_id': '1000100010001', 'trans_acc_desc': 'Bank of the west', 'subsi_acc_id': 100010001, 'subsi_acc_desc': 'Banks', 'trans_system_id': 146}, {'trans_acc_id': '1000100010002', 'trans_acc_desc': 'Bank of the Ozarks', 'subsi_acc_id': 100010001, 'subsi_acc_desc': 'Banks', 'trans_system_id': 146}, {'trans_acc_id': '1000100010003', 'trans_acc_desc': 'Bancorp South Bank', 'subsi_acc_id': 100010001, 'subsi_acc_desc': 'Banks', 'trans_system_id': 146}, {'trans_acc_id': '1000100010004', 'trans_a...",467.69
2026-09-08T18:33:47.557463,get_chart,"SELECT trans_acc_id, trans_acc_desc, subsi_acc_id, subsi_acc_desc, trans_system_id     FROM (SELECT @system_id := %s p) parm, v_trans_accounts_m2     WHERE trans_acc_display = 1     ORDER BY SUBSTRING(trans_acc_id, 1, 1),              SUBSTRING(trans_acc_id, 1, 5),              acc_main_sort, sub_sort, acc_sort, trans_acc_id",[146],221,"[{'trans_acc_id': '1000100010001', 'trans_acc_desc': 'Bank of the west', 'subsi_acc_id': 100010001, 'subsi_acc_desc': 'Banks', 'trans_system_id': 146}, {'trans_acc_id': '1000100010002', 'trans_acc_desc': 'Bank of the Ozarks', 'subsi_acc_id': 100010001, 'subsi_acc_desc': 'Banks', 'trans_system_id': 146}, {'trans_acc_id': '1000100010003', 'trans_acc_desc': 'Bancorp South Bank', 'subsi_acc_id': 100010001, 'subsi_acc_desc': 'Banks', 'trans_system_id': 146}, {'trans_acc_id': '1000100010004', 'trans_a...",620.50
2026-09-08T18:33:57.396645,list_parties,"SELECT p_code, p_type, company_name, person_name, Email, Phone,        p_account, status FROM acc_party WHERE system_id = %s AND status = 1 ORDER BY p_type, company_name LIMIT %s","[146, 500]",123,"[{'p_code': 2010300629, 'p_type': 'C', 'company_name': '3S', 'person_name': 'Ali', 'Email': None, 'Phone': None, 'p_account': None, 'status': 1}, {'p_code': 2010300639, 'p_type': 'C', 'company_name': '3s(ali)', 'person_name': '3s(ali)', 'Email': None, 'Phone': None, 'p_account': None, 'status': 1}, {'p_code': 2010300642, 'p_type': 'C', 'company_name': 'Acme CORP', 'person_name': 'Acme CORP', 'Email': None, 'Phone': '555-0143', 'p_account': None, 'status': 1}, {'p_code': 2010300637, 'p_type': 'C'...",1141.02
2026-09-08T18:34:01.684794,list_parties,"SELECT p_code, p_type, company_name, person_name, Email, Phone,        p_account, status FROM acc_party WHERE system_id = %s AND status = 1 ORDER BY p_type, company_name LIMIT %s","[146, 500]",123,"[{'p_code': 2010300629, 'p_type': 'C', 'company_name': '3S', 'person_name': 'Ali', 'Email': None, 'Phone': None, 'p_account': None, 'status': 1}, {'p_code': 2010300639, 'p_type': 'C', 'company_name': '3s(ali)', 'person_name': '3s(ali)', 'Email': None, 'Phone': None, 'p_account': None, 'status': 1}, {'p_code': 2010300642, 'p_type': 'C', 'company_name': 'Acme CORP', 'person_name': 'Acme CORP', 'Email': None, 'Phone': '555-0143', 'p_account': None, 'status': 1}, {'p_code': 2010300637, 'p_type': 'C'...",1238.74
2026-09-08T18:36:20.961168,get_chart,"SELECT trans_acc_id, trans_acc_desc, subsi_acc_id, subsi_acc_desc, trans_system_id     FROM (SELECT @system_id := %s p) parm, v_trans_accounts_m2     WHERE trans_acc_display = 1     ORDER BY SUBSTRING(trans_acc_id, 1, 1),              SUBSTRING(trans_acc_id, 1, 5),              acc_main_sort, sub_sort, acc_sort, trans_acc_id",[146],221,"[{'trans_acc_id': '1000100010001', 'trans_acc_desc': 'Bank of the west', 'subsi_acc_id': 100010001, 'subsi_acc_desc': 'Banks', 'trans_system_id': 146}, {'trans_acc_id': '1000100010002', 'trans_acc_desc': 'Bank of the Ozarks', 'subsi_acc_id': 100010001, 'subsi_acc_desc': 'Banks', 'trans_system_id': 146}, {'trans_acc_id': '1000100010003', 'trans_acc_desc': 'Bancorp South Bank', 'subsi_acc_id': 100010001, 'subsi_acc_desc': 'Banks', 'trans_system_id': 146}, {'trans_acc_id': '1000100010004', 'trans_a...",407.61
2026-09-08T18:36:26.095597,get_chart,"SELECT trans_acc_id, trans_acc_desc, subsi_acc_id, subsi_acc_desc, trans_system_id     FROM (SELECT @system_id := %s p) parm, v_trans_accounts_m2     WHERE trans_acc_display = 1     ORDER BY SUBSTRING(trans_acc_id, 1, 1),              SUBSTRING(trans_acc_id, 1, 5),              acc_main_sort, sub_sort, acc_sort, trans_acc_id",[146],221,"[{'trans_acc_id': '1000100010001', 'trans_acc_desc': 'Bank of the west', 'subsi_acc_id': 100010001, 'subsi_acc_desc': 'Banks', 'trans_system_id': 146}, {'trans_acc_id': '1000100010002', 'trans_acc_desc': 'Bank of the Ozarks', 'subsi_acc_id': 100010001, 'subsi_acc_desc': 'Banks', 'trans_system_id': 146}, {'trans_acc_id': '1000100010003', 'trans_acc_desc': 'Bancorp South Bank', 'subsi_acc_id': 100010001, 'subsi_acc_desc': 'Banks', 'trans_system_id': 146}, {'trans_acc_id': '1000100010004', 'trans_a...",422.49
2026-09-08T18:36:34.361887,list_parties,"SELECT p_code, p_type, company_name, person_name, Email, Phone,        p_account, status FROM acc_party WHERE system_id = %s AND status = 1 ORDER BY p_type, company_name LIMIT %s","[146, 500]",123,"[{'p_code': 2010300629, 'p_type': 'C', 'company_name': '3S', 'person_name': 'Ali', 'Email': None, 'Phone': None, 'p_account': None, 'status': 1}, {'p_code': 2010300639, 'p_type': 'C', 'company_name': '3s(ali)', 'person_name': '3s(ali)', 'Email': None, 'Phone': None, 'p_account': None, 'status': 1}, {'p_code': 2010300642, 'p_type': 'C', 'company_name': 'Acme CORP', 'person_name': 'Acme CORP', 'Email': None, 'Phone': '555-0143', 'p_account': None, 'status': 1}, {'p_code': 2010300637, 'p_type': 'C'...",829.85
2026-09-08T18:36:37.425823,list_parties,"SELECT p_code, p_type, company_name, person_name, Email, Phone,        p_account, status FROM acc_party WHERE system_id = %s AND status = 1 ORDER BY p_type, company_name LIMIT %s","[146, 500]",123,"[{'p_code': 2010300629, 'p_type': 'C', 'company_name': '3S', 'person_name': 'Ali', 'Email': None, 'Phone': None, 'p_account': None, 'status': 1}, {'p_code': 2010300639, 'p_type': 'C', 'company_name': '3s(ali)', 'person_name': '3s(ali)', 'Email': None, 'Phone': None, 'p_account': None, 'status': 1}, {'p_code': 2010300642, 'p_type': 'C', 'company_name': 'Acme CORP', 'person_name': 'Acme CORP', 'Email': None, 'Phone': '555-0143', 'p_account': None, 'status': 1}, {'p_code': 2010300637, 'p_type': 'C'...",850.48
2026-09-08T18:37:06.581351,within_open_year,SELECT 1 FROM business_year WHERE by_system_id = %s AND (  (financial_year_start <= %s AND %s <= financial_year_end AND financial_year_status = 1)  OR (audit_year_start <= %s AND %s <= audit_year_end AND audit_year_status = 1)) LIMIT 1,"[146, '2026-09-08', '2026-09-08', '2026-09-08', '2026-09-08']",0,[],819.11
2026-09-08T18:37:06.990783,find_party_candidates(Handy Fix LLC),"SELECT p_code, p_type, company_name, person_name, Phone, Email, p_account FROM acc_party WHERE status = 1 AND system_id = %s AND p_type = %s AND (LOWER(TRIM(company_name))=LOWER(TRIM(%s)) OR LOWER(TRIM(person_name))=LOWER(TRIM(%s)))","(146, 'P', 'Handy Fix LLC', 'Handy Fix LLC')",1,"[{'p_code': 2010100001, 'p_type': 'P', 'company_name': 'Handy Fix LLC', 'person_name': 'Handy Fix LLC', 'Phone': None, 'Email': None, 'p_account': None}]",203.14
2026-09-08T18:37:07.195291,find_party_candidates(Handy Fix LLC),"SELECT p_code, p_type, company_name, person_name, Phone, Email, p_account FROM acc_party WHERE status = 1 AND system_id = %s AND p_type = %s AND (company_name LIKE %s OR person_name LIKE %s) LIMIT %s","(146, 'P', 'Handy Fix LLC%', 'Handy Fix LLC%', 200)",2,"[{'p_code': 2010100001, 'p_type': 'P', 'company_name': 'Handy Fix LLC', 'person_name': 'Handy Fix LLC', 'Phone': None, 'Email': None, 'p_account': None}, {'p_code': 2010100003, 'p_type': 'P', 'company_name': 'Handy Fix LLC Ops@handyfix.com', 'person_name': 'Handy Fix LLC Ops@handyfix.com', 'Phone': None, 'Email': None, 'p_account': None}]",204.51
2026-09-08T18:37:07.400320,find_party_candidates(Handy Fix LLC),"SELECT p_code, p_type, company_name, person_name, Phone, Email, p_account FROM acc_party WHERE status = 1 AND system_id = %s AND p_type = %s AND (company_name LIKE %s OR person_name LIKE %s) LIMIT %s","(146, 'P', '%Handy Fix LLC%', '%Handy Fix LLC%', 200)",2,"[{'p_code': 2010100001, 'p_type': 'P', 'company_name': 'Handy Fix LLC', 'person_name': 'Handy Fix LLC', 'Phone': None, 'Email': None, 'p_account': None}, {'p_code': 2010100003, 'p_type': 'P', 'company_name': 'Handy Fix LLC Ops@handyfix.com', 'person_name': 'Handy Fix LLC Ops@handyfix.com', 'Phone': None, 'Email': None, 'p_account': None}]",205.03
2026-09-08T18:37:07.605171,find_party_candidates(Handy Fix LLC),"SELECT p_code, p_type, company_name, person_name, Phone, Email, p_account FROM acc_party WHERE status = 1 AND system_id = %s AND p_type = %s AND (company_name LIKE %s OR person_name LIKE %s) LIMIT %s","(146, 'P', '%Handy%', '%Handy%', 200)",2,"[{'p_code': 2010100001, 'p_type': 'P', 'company_name': 'Handy Fix LLC', 'person_name': 'Handy Fix LLC', 'Phone': None, 'Email': None, 'p_account': None}, {'p_code': 2010100003, 'p_type': 'P', 'company_name': 'Handy Fix LLC Ops@handyfix.com', 'person_name': 'Handy Fix LLC Ops@handyfix.com', 'Phone': None, 'Email': None, 'p_account': None}]",203.90
2026-09-08T18:37:23.378315,within_open_year,SELECT 1 FROM business_year WHERE by_system_id = %s AND (  (financial_year_start <= %s AND %s <= financial_year_end AND financial_year_status = 1)  OR (audit_year_start <= %s AND %s <= audit_year_end AND audit_year_status = 1)) LIMIT 1,"[146, '2026-09-08', '2026-09-08', '2026-09-08', '2026-09-08']",0,[],398.08
2026-09-08T18:37:23.798137,find_party_candidates(Handy Fix LLC),"SELECT p_code, p_type, company_name, person_name, Phone, Email, p_account FROM acc_party WHERE status = 1 AND system_id = %s AND p_type = %s AND (LOWER(TRIM(company_name))=LOWER(TRIM(%s)) OR LOWER(TRIM(person_name))=LOWER(TRIM(%s)))","(146, 'P', 'Handy Fix LLC', 'Handy Fix LLC')",1,"[{'p_code': 2010100001, 'p_type': 'P', 'company_name': 'Handy Fix LLC', 'person_name': 'Handy Fix LLC', 'Phone': None, 'Email': None, 'p_account': None}]",220.69
2026-09-08T18:37:24.003868,find_party_candidates(Handy Fix LLC),"SELECT p_code, p_type, company_name, person_name, Phone, Email, p_account FROM acc_party WHERE status = 1 AND system_id = %s AND p_type = %s AND (company_name LIKE %s OR person_name LIKE %s) LIMIT %s","(146, 'P', 'Handy Fix LLC%', 'Handy Fix LLC%', 200)",2,"[{'p_code': 2010100001, 'p_type': 'P', 'company_name': 'Handy Fix LLC', 'person_name': 'Handy Fix LLC', 'Phone': None, 'Email': None, 'p_account': None}, {'p_code': 2010100003, 'p_type': 'P', 'company_name': 'Handy Fix LLC Ops@handyfix.com', 'person_name': 'Handy Fix LLC Ops@handyfix.com', 'Phone': None, 'Email': None, 'p_account': None}]",204.73
2026-09-08T18:37:24.210174,find_party_candidates(Handy Fix LLC),"SELECT p_code, p_type, company_name, person_name, Phone, Email, p_account FROM acc_party WHERE status = 1 AND system_id = %s AND p_type = %s AND (company_name LIKE %s OR person_name LIKE %s) LIMIT %s","(146, 'P', '%Handy Fix LLC%', '%Handy Fix LLC%', 200)",2,"[{'p_code': 2010100001, 'p_type': 'P', 'company_name': 'Handy Fix LLC', 'person_name': 'Handy Fix LLC', 'Phone': None, 'Email': None, 'p_account': None}, {'p_code': 2010100003, 'p_type': 'P', 'company_name': 'Handy Fix LLC Ops@handyfix.com', 'person_name': 'Handy Fix LLC Ops@handyfix.com', 'Phone': None, 'Email': None, 'p_account': None}]",205.31
2026-09-08T18:37:24.414030,find_party_candidates(Handy Fix LLC),"SELECT p_code, p_type, company_name, person_name, Phone, Email, p_account FROM acc_party WHERE status = 1 AND system_id = %s AND p_type = %s AND (company_name LIKE %s OR person_name LIKE %s) LIMIT %s","(146, 'P', '%Handy%', '%Handy%', 200)",2,"[{'p_code': 2010100001, 'p_type': 'P', 'company_name': 'Handy Fix LLC', 'person_name': 'Handy Fix LLC', 'Phone': None, 'Email': None, 'p_account': None}, {'p_code': 2010100003, 'p_type': 'P', 'company_name': 'Handy Fix LLC Ops@handyfix.com', 'person_name': 'Handy Fix LLC Ops@handyfix.com', 'Phone': None, 'Email': None, 'p_account': None}]",203.86
2026-09-08T18:39:02.440691,within_open_year,SELECT 1 FROM business_year WHERE by_system_id = %s AND (  (financial_year_start <= %s AND %s <= financial_year_end AND financial_year_status = 1)  OR (audit_year_start <= %s AND %s <= audit_year_end AND audit_year_status = 1)) LIMIT 1,"[146, '2026-09-08', '2026-09-08', '2026-09-08', '2026-09-08']",0,[],414.21
2026-09-08T18:39:02.965730,find_party_candidates(Handy Fix LLC),"SELECT p_code, p_type, company_name, person_name, Phone, Email, p_account FROM acc_party WHERE status = 1 AND system_id = %s AND p_type = %s AND (LOWER(TRIM(company_name))=LOWER(TRIM(%s)) OR LOWER(TRIM(person_name))=LOWER(TRIM(%s)))","(146, 'P', 'Handy Fix LLC', 'Handy Fix LLC')",1,"[{'p_code': 2010100001, 'p_type': 'P', 'company_name': 'Handy Fix LLC', 'person_name': 'Handy Fix LLC', 'Phone': None, 'Email': None, 'p_account': None}]",327.56
2026-09-08T18:39:03.195851,find_party_candidates(Handy Fix LLC),"SELECT p_code, p_type, company_name, person_name, Phone, Email, p_account FROM acc_party WHERE status = 1 AND system_id = %s AND p_type = %s AND (company_name LIKE %s OR person_name LIKE %s) LIMIT %s","(146, 'P', 'Handy Fix LLC%', 'Handy Fix LLC%', 200)",2,"[{'p_code': 2010100001, 'p_type': 'P', 'company_name': 'Handy Fix LLC', 'person_name': 'Handy Fix LLC', 'Phone': None, 'Email': None, 'p_account': None}, {'p_code': 2010100003, 'p_type': 'P', 'company_name': 'Handy Fix LLC Ops@handyfix.com', 'person_name': 'Handy Fix LLC Ops@handyfix.com', 'Phone': None, 'Email': None, 'p_account': None}]",228.11
2026-09-08T18:39:03.415234,find_party_candidates(Handy Fix LLC),"SELECT p_code, p_type, company_name, person_name, Phone, Email, p_account FROM acc_party WHERE status = 1 AND system_id = %s AND p_type = %s AND (company_name LIKE %s OR person_name LIKE %s) LIMIT %s","(146, 'P', '%Handy Fix LLC%', '%Handy Fix LLC%', 200)",2,"[{'p_code': 2010100001, 'p_type': 'P', 'company_name': 'Handy Fix LLC', 'person_name': 'Handy Fix LLC', 'Phone': None, 'Email': None, 'p_account': None}, {'p_code': 2010100003, 'p_type': 'P', 'company_name': 'Handy Fix LLC Ops@handyfix.com', 'person_name': 'Handy Fix LLC Ops@handyfix.com', 'Phone': None, 'Email': None, 'p_account': None}]",218.72
2026-09-08T18:39:03.626508,find_party_candidates(Handy Fix LLC),"SELECT p_code, p_type, company_name, person_name, Phone, Email, p_account FROM acc_party WHERE status = 1 AND system_id = %s AND p_type = %s AND (company_name LIKE %s OR person_name LIKE %s) LIMIT %s","(146, 'P', '%Handy%', '%Handy%', 200)",2,"[{'p_code': 2010100001, 'p_type': 'P', 'company_name': 'Handy Fix LLC', 'person_name': 'Handy Fix LLC', 'Phone': None, 'Email': None, 'p_account': None}, {'p_code': 2010100003, 'p_type': 'P', 'company_name': 'Handy Fix LLC Ops@handyfix.com', 'person_name': 'Handy Fix LLC Ops@handyfix.com', 'Phone': None, 'Email': None, 'p_account': None}]",210.94
2026-09-08T18:39:23.008425,within_open_year,SELECT 1 FROM business_year WHERE by_system_id = %s AND (  (financial_year_start <= %s AND %s <= financial_year_end AND financial_year_status = 1)  OR (audit_year_start <= %s AND %s <= audit_year_end AND audit_year_status = 1)) LIMIT 1,"[146, '2026-09-08', '2026-09-08', '2026-09-08', '2026-09-08']",0,[],396.24
2026-09-08T18:39:23.422516,commit_voucher.party,"SELECT p_code, p_type, company_name, person_name FROM acc_party WHERE p_code = %s AND system_id = %s LIMIT 1","['2010100001', 146]",1,"[{'p_code': 2010100001, 'p_type': 'P', 'company_name': 'Handy Fix LLC', 'person_name': 'Handy Fix LLC'}]",413.08
2026-09-08T19:19:51.724684,fetch_voucher.master,"SELECT at_id, at_date, at_doc_type, at_desc, at_remarks, at_memo,        at_m_amount, at_party_code, at_bank, at_bank_acc, at_cheque_no,        at_cheque_date, at_status, at_cr_user, at_cr_date, at_up_user, at_up_date FROM acc_trans_m WHERE at_id = %s AND system_id = %s","['261203000167', 146]",1,"[{'at_id': 261203000167, 'at_date': datetime.datetime(2026, 6, 7, 0, 0), 'at_doc_type': '01', 'at_desc': 'Receipt Voucher', 'at_remarks': 'Healthcare Services', 'at_memo': 'Healthcare Services', 'at_m_amount': Decimal('8750.00'), 'at_party_code': '2010300642', 'at_bank': 'Meezan 1234', 'at_bank_acc': '100045000', 'at_cheque_no': None, 'at_cheque_date': None, 'at_status': '1', 'at_cr_user': '86', 'at_cr_date': datetime.datetime(2026, 9, 7, 21, 19, 6), 'at_up_user': '86', 'at_up_date': datetime.da...",770.89
2026-09-08T19:19:52.109925,fetch_voucher.legs,"SELECT at_sno, at_acc_code, at_dc_type, at_amount, at_remarks, atd_date, atd_party FROM acc_trans_d WHERE at_id = %s AND at_system_id = %s ORDER BY at_sno","['261203000167', 146]",2,"[{'at_sno': 1, 'at_acc_code': 100045000, 'at_dc_type': 'D', 'at_amount': Decimal('8750.00'), 'at_remarks': 'Healthcare Services', 'atd_date': datetime.date(2026, 6, 7), 'atd_party': '2010300642'}, {'at_sno': 2, 'at_acc_code': 35002, 'at_dc_type': 'C', 'at_amount': Decimal('-8750.00'), 'at_remarks': 'Healthcare Services', 'atd_date': datetime.date(2026, 6, 7), 'atd_party': '2010300642'}]",385.24
2026-09-08T19:19:52.518732,fetch_voucher.reconciled,SELECT COUNT(*) AS n FROM acc_trans_reconcile WHERE at_id = %s AND at_system_id = %s AND at_acc_reconcile = 1,"['261203000167', 146]",1,[{'n': 0}],406.81
2026-09-08T19:19:52.906042,fetch_voucher.party,"SELECT p_code, p_type, company_name, person_name FROM acc_party WHERE p_code = %s AND system_id = %s LIMIT 1","['2010300642', 146]",1,"[{'p_code': 2010300642, 'p_type': 'C', 'company_name': 'Acme CORP', 'person_name': 'Acme CORP'}]",387.31
2026-09-08T19:19:53.711445,get_chart,"SELECT trans_acc_id, trans_acc_desc, subsi_acc_id, subsi_acc_desc, trans_system_id     FROM (SELECT @system_id := %s p) parm, v_trans_accounts_m2     WHERE trans_acc_display = 1     ORDER BY SUBSTRING(trans_acc_id, 1, 1),              SUBSTRING(trans_acc_id, 1, 5),              acc_main_sort, sub_sort, acc_sort, trans_acc_id",[146],221,"[{'trans_acc_id': '1000100010001', 'trans_acc_desc': 'Bank of the west', 'subsi_acc_id': 100010001, 'subsi_acc_desc': 'Banks', 'trans_system_id': 146}, {'trans_acc_id': '1000100010002', 'trans_acc_desc': 'Bank of the Ozarks', 'subsi_acc_id': 100010001, 'subsi_acc_desc': 'Banks', 'trans_system_id': 146}, {'trans_acc_id': '1000100010003', 'trans_acc_desc': 'Bancorp South Bank', 'subsi_acc_id': 100010001, 'subsi_acc_desc': 'Banks', 'trans_system_id': 146}, {'trans_acc_id': '1000100010004', 'trans_a...",420.19
2026-09-08T19:20:15.834787,fetch_voucher.master,"SELECT at_id, at_date, at_doc_type, at_desc, at_remarks, at_memo,        at_m_amount, at_party_code, at_bank, at_bank_acc, at_cheque_no,        at_cheque_date, at_status, at_cr_user, at_cr_date, at_up_user, at_up_date FROM acc_trans_m WHERE at_id = %s AND system_id = %s","['261203000167', 146]",1,"[{'at_id': 261203000167, 'at_date': datetime.datetime(2026, 6, 7, 0, 0), 'at_doc_type': '01', 'at_desc': 'Receipt Voucher', 'at_remarks': 'Healthcare Services', 'at_memo': 'Healthcare Services', 'at_m_amount': Decimal('8750.00'), 'at_party_code': '2010300642', 'at_bank': 'Meezan 1234', 'at_bank_acc': '100045000', 'at_cheque_no': None, 'at_cheque_date': None, 'at_status': '1', 'at_cr_user': '86', 'at_cr_date': datetime.datetime(2026, 9, 7, 21, 19, 6), 'at_up_user': '86', 'at_up_date': datetime.da...",384.73
2026-09-08T19:20:16.218130,fetch_voucher.legs,"SELECT at_sno, at_acc_code, at_dc_type, at_amount, at_remarks, atd_date, atd_party FROM acc_trans_d WHERE at_id = %s AND at_system_id = %s ORDER BY at_sno","['261203000167', 146]",2,"[{'at_sno': 1, 'at_acc_code': 100045000, 'at_dc_type': 'D', 'at_amount': Decimal('8750.00'), 'at_remarks': 'Healthcare Services', 'atd_date': datetime.date(2026, 6, 7), 'atd_party': '2010300642'}, {'at_sno': 2, 'at_acc_code': 35002, 'at_dc_type': 'C', 'at_amount': Decimal('-8750.00'), 'at_remarks': 'Healthcare Services', 'atd_date': datetime.date(2026, 6, 7), 'atd_party': '2010300642'}]",383.34
2026-09-08T19:20:16.601640,fetch_voucher.reconciled,SELECT COUNT(*) AS n FROM acc_trans_reconcile WHERE at_id = %s AND at_system_id = %s AND at_acc_reconcile = 1,"['261203000167', 146]",1,[{'n': 0}],382.50
2026-09-08T19:20:16.990219,fetch_voucher.party,"SELECT p_code, p_type, company_name, person_name FROM acc_party WHERE p_code = %s AND system_id = %s LIMIT 1","['2010300642', 146]",1,"[{'p_code': 2010300642, 'p_type': 'C', 'company_name': 'Acme CORP', 'person_name': 'Acme CORP'}]",387.65
2026-09-08T19:21:04.295390,get_records,"SELECT at_id, at_doc_type, at_desc, at_remarks, at_m_amount, at_date FROM acc_trans_m WHERE at_doc_type IN (%s,%s) AND system_id = %s AND at_status >= 1 ORDER BY at_id DESC LIMIT %s","['01', '02', 146, 10]",10,"[{'at_id': 261203000167, 'at_doc_type': '01', 'at_desc': 'Receipt Voucher', 'at_remarks': 'Healthcare Services', 'at_m_amount': Decimal('8750.00'), 'at_date': datetime.datetime(2026, 6, 7, 0, 0)}, {'at_id': 261203000166, 'at_doc_type': '01', 'at_desc': 'Receipt Voucher', 'at_remarks': 'Repair and Maintenance', 'at_m_amount': Decimal('550.00'), 'at_date': datetime.datetime(2026, 9, 4, 0, 0)}, {'at_id': 261203000165, 'at_doc_type': '01', 'at_desc': 'Receipt Voucher', 'at_remarks': 'Healthcare Serv...",384.50
2026-09-08T19:21:26.760493,get_records,"SELECT at_id, at_doc_type, at_desc, at_remarks, at_m_amount, at_date FROM acc_trans_m WHERE at_doc_type IN (%s,%s) AND system_id = %s AND at_status >= 1 ORDER BY at_id DESC LIMIT %s","['01', '02', 146, 10]",10,"[{'at_id': 261203000167, 'at_doc_type': '01', 'at_desc': 'Receipt Voucher', 'at_remarks': 'Healthcare Services', 'at_m_amount': Decimal('8750.00'), 'at_date': datetime.datetime(2026, 6, 7, 0, 0)}, {'at_id': 261203000166, 'at_doc_type': '01', 'at_desc': 'Receipt Voucher', 'at_remarks': 'Repair and Maintenance', 'at_m_amount': Decimal('550.00'), 'at_date': datetime.datetime(2026, 9, 4, 0, 0)}, {'at_id': 261203000165, 'at_doc_type': '01', 'at_desc': 'Receipt Voucher', 'at_remarks': 'Healthcare Serv...",482.96
2026-09-08T20:03:30.520494,get_records,"SELECT at_id, at_doc_type, at_desc, at_remarks, at_m_amount, at_date FROM acc_trans_m WHERE at_doc_type IN (%s,%s) AND system_id = %s AND at_status >= 1 ORDER BY at_id DESC LIMIT %s","['01', '02', 146, 10]",10,"[{'at_id': 261203000167, 'at_doc_type': '01', 'at_desc': 'Receipt Voucher', 'at_remarks': 'Healthcare Services', 'at_m_amount': Decimal('8750.00'), 'at_date': datetime.datetime(2026, 6, 7, 0, 0)}, {'at_id': 261203000166, 'at_doc_type': '01', 'at_desc': 'Receipt Voucher', 'at_remarks': 'Repair and Maintenance', 'at_m_amount': Decimal('550.00'), 'at_date': datetime.datetime(2026, 9, 4, 0, 0)}, {'at_id': 261203000165, 'at_doc_type': '01', 'at_desc': 'Receipt Voucher', 'at_remarks': 'Healthcare Serv...",1024.48
2026-09-08T20:03:48.351263,get_chart,"SELECT trans_acc_id, trans_acc_desc, subsi_acc_id, subsi_acc_desc, trans_system_id     FROM (SELECT @system_id := %s p) parm, v_trans_accounts_m2     WHERE trans_acc_display = 1     ORDER BY SUBSTRING(trans_acc_id, 1, 1),              SUBSTRING(trans_acc_id, 1, 5),              acc_main_sort, sub_sort, acc_sort, trans_acc_id",[146],221,"[{'trans_acc_id': '1000100010001', 'trans_acc_desc': 'Bank of the west', 'subsi_acc_id': 100010001, 'subsi_acc_desc': 'Banks', 'trans_system_id': 146}, {'trans_acc_id': '1000100010002', 'trans_acc_desc': 'Bank of the Ozarks', 'subsi_acc_id': 100010001, 'subsi_acc_desc': 'Banks', 'trans_system_id': 146}, {'trans_acc_id': '1000100010003', 'trans_acc_desc': 'Bancorp South Bank', 'subsi_acc_id': 100010001, 'subsi_acc_desc': 'Banks', 'trans_system_id': 146}, {'trans_acc_id': '1000100010004', 'trans_a...",427.43
2026-09-08T20:22:55.083746,get_records,"SELECT at_id, at_doc_type, at_desc, at_remarks, at_m_amount, at_date FROM acc_trans_m WHERE at_doc_type IN (%s,%s) AND system_id = %s AND at_status >= 1 ORDER BY at_id DESC LIMIT %s","['01', '02', 146, 10]",10,"[{'at_id': 261203000167, 'at_doc_type': '01', 'at_desc': 'Receipt Voucher', 'at_remarks': 'Healthcare Services', 'at_m_amount': Decimal('8750.00'), 'at_date': datetime.datetime(2026, 6, 7, 0, 0)}, {'at_id': 261203000166, 'at_doc_type': '01', 'at_desc': 'Receipt Voucher', 'at_remarks': 'Repair and Maintenance', 'at_m_amount': Decimal('550.00'), 'at_date': datetime.datetime(2026, 9, 4, 0, 0)}, {'at_id': 261203000165, 'at_doc_type': '01', 'at_desc': 'Receipt Voucher', 'at_remarks': 'Healthcare Serv...",791.96
2026-09-08T20:27:39.330972,list_vouchers,"SELECT m.at_id, m.at_doc_type, m.at_date, m.at_m_amount, m.at_status,        m.at_remarks, m.at_cheque_no, m.at_party_code,        COALESCE(p.company_name, p.person_name) AS party_name,        (SELECT COUNT(*) FROM acc_trans_reconcile r          WHERE r.at_id = m.at_id AND r.at_system_id = m.system_id            AND r.at_acc_reconcile = 1) AS reconciled FROM acc_trans_m m LEFT JOIN acc_party p ON p.p_code = m.at_party_code AND p.system_id = m.system_id WHERE m.system_id = %s AND m.at_doc_type IN (%s, %s) AND DATE(m.at_date) = %s ORDER BY m.at_id DESC LIMIT %s","[146, '01', '02', '2026-07-07', 200]",0,[],455.29
2026-09-08T20:27:51.844353,list_vouchers,"SELECT m.at_id, m.at_doc_type, m.at_date, m.at_m_amount, m.at_status,        m.at_remarks, m.at_cheque_no, m.at_party_code,        COALESCE(p.company_name, p.person_name) AS party_name,        (SELECT COUNT(*) FROM acc_trans_reconcile r          WHERE r.at_id = m.at_id AND r.at_system_id = m.system_id            AND r.at_acc_reconcile = 1) AS reconciled FROM acc_trans_m m LEFT JOIN acc_party p ON p.p_code = m.at_party_code AND p.system_id = m.system_id WHERE m.system_id = %s AND m.at_doc_type IN (%s, %s) AND DATE(m.at_date) = %s ORDER BY m.at_id DESC LIMIT %s","[146, '01', '02', '2026-07-06', 200]",0,[],461.01
2026-09-08T20:28:02.815605,list_vouchers,"SELECT m.at_id, m.at_doc_type, m.at_date, m.at_m_amount, m.at_status,        m.at_remarks, m.at_cheque_no, m.at_party_code,        COALESCE(p.company_name, p.person_name) AS party_name,        (SELECT COUNT(*) FROM acc_trans_reconcile r          WHERE r.at_id = m.at_id AND r.at_system_id = m.system_id            AND r.at_acc_reconcile = 1) AS reconciled FROM acc_trans_m m LEFT JOIN acc_party p ON p.p_code = m.at_party_code AND p.system_id = m.system_id WHERE m.system_id = %s AND m.at_doc_type IN (%s, %s) AND DATE(m.at_date) = %s ORDER BY m.at_id DESC LIMIT %s","[146, '01', '02', '2026-06-07', 200]",7,"[{'at_id': 261203000167, 'at_doc_type': '01', 'at_date': datetime.datetime(2026, 6, 7, 0, 0), 'at_m_amount': Decimal('8750.00'), 'at_status': '1', 'at_remarks': 'Healthcare Services', 'at_cheque_no': None, 'at_party_code': '2010300642', 'party_name': 'Acme CORP', 'reconciled': 0}, {'at_id': 261203000161, 'at_doc_type': '01', 'at_date': datetime.datetime(2026, 6, 7, 0, 0), 'at_m_amount': Decimal('8750.00'), 'at_status': '1', 'at_remarks': 'Healthcare Services', 'at_cheque_no': None, 'at_party_cod...",460.68
2026-09-08T21:50:35.865971,within_open_year,SELECT 1 FROM business_year WHERE by_system_id = %s AND (  (financial_year_start <= %s AND %s <= financial_year_end AND financial_year_status = 1)  OR (audit_year_start <= %s AND %s <= audit_year_end AND audit_year_status = 1)) LIMIT 1,"[146, '2026-09-08', '2026-09-08', '2026-09-08', '2026-09-08']",0,[],798.97
2026-09-08T21:50:36.277790,find_party_candidates(Handy Fix LLC),"SELECT p_code, p_type, company_name, person_name, Phone, Email, p_account FROM acc_party WHERE status = 1 AND system_id = %s AND p_type = %s AND (LOWER(TRIM(company_name))=LOWER(TRIM(%s)) OR LOWER(TRIM(person_name))=LOWER(TRIM(%s)))","(146, 'P', 'Handy Fix LLC', 'Handy Fix LLC')",1,"[{'p_code': 2010100001, 'p_type': 'P', 'company_name': 'Handy Fix LLC', 'person_name': 'Handy Fix LLC', 'Phone': None, 'Email': None, 'p_account': None}]",206.78
2026-09-08T21:50:36.481058,find_party_candidates(Handy Fix LLC),"SELECT p_code, p_type, company_name, person_name, Phone, Email, p_account FROM acc_party WHERE status = 1 AND system_id = %s AND p_type = %s AND (company_name LIKE %s OR person_name LIKE %s) LIMIT %s","(146, 'P', 'Handy Fix LLC%', 'Handy Fix LLC%', 200)",2,"[{'p_code': 2010100001, 'p_type': 'P', 'company_name': 'Handy Fix LLC', 'person_name': 'Handy Fix LLC', 'Phone': None, 'Email': None, 'p_account': None}, {'p_code': 2010100003, 'p_type': 'P', 'company_name': 'Handy Fix LLC Ops@handyfix.com', 'person_name': 'Handy Fix LLC Ops@handyfix.com', 'Phone': None, 'Email': None, 'p_account': None}]",203.27
2026-09-08T21:50:36.686041,find_party_candidates(Handy Fix LLC),"SELECT p_code, p_type, company_name, person_name, Phone, Email, p_account FROM acc_party WHERE status = 1 AND system_id = %s AND p_type = %s AND (company_name LIKE %s OR person_name LIKE %s) LIMIT %s","(146, 'P', '%Handy Fix LLC%', '%Handy Fix LLC%', 200)",2,"[{'p_code': 2010100001, 'p_type': 'P', 'company_name': 'Handy Fix LLC', 'person_name': 'Handy Fix LLC', 'Phone': None, 'Email': None, 'p_account': None}, {'p_code': 2010100003, 'p_type': 'P', 'company_name': 'Handy Fix LLC Ops@handyfix.com', 'person_name': 'Handy Fix LLC Ops@handyfix.com', 'Phone': None, 'Email': None, 'p_account': None}]",203.98
2026-09-08T21:50:36.890754,find_party_candidates(Handy Fix LLC),"SELECT p_code, p_type, company_name, person_name, Phone, Email, p_account FROM acc_party WHERE status = 1 AND system_id = %s AND p_type = %s AND (company_name LIKE %s OR person_name LIKE %s) LIMIT %s","(146, 'P', '%Handy%', '%Handy%', 200)",2,"[{'p_code': 2010100001, 'p_type': 'P', 'company_name': 'Handy Fix LLC', 'person_name': 'Handy Fix LLC', 'Phone': None, 'Email': None, 'p_account': None}, {'p_code': 2010100003, 'p_type': 'P', 'company_name': 'Handy Fix LLC Ops@handyfix.com', 'person_name': 'Handy Fix LLC Ops@handyfix.com', 'Phone': None, 'Email': None, 'p_account': None}]",204.71
2026-09-08T21:50:37.706730,get_chart,"SELECT trans_acc_id, trans_acc_desc, subsi_acc_id, subsi_acc_desc, trans_system_id     FROM (SELECT @system_id := %s p) parm, v_trans_accounts_m2     WHERE trans_acc_display = 1     ORDER BY SUBSTRING(trans_acc_id, 1, 1),              SUBSTRING(trans_acc_id, 1, 5),              acc_main_sort, sub_sort, acc_sort, trans_acc_id",[146],221,"[{'trans_acc_id': '1000100010001', 'trans_acc_desc': 'Bank of the west', 'subsi_acc_id': 100010001, 'subsi_acc_desc': 'Banks', 'trans_system_id': 146}, {'trans_acc_id': '1000100010002', 'trans_acc_desc': 'Bank of the Ozarks', 'subsi_acc_id': 100010001, 'subsi_acc_desc': 'Banks', 'trans_system_id': 146}, {'trans_acc_id': '1000100010003', 'trans_acc_desc': 'Bancorp South Bank', 'subsi_acc_id': 100010001, 'subsi_acc_desc': 'Banks', 'trans_system_id': 146}, {'trans_acc_id': '1000100010004', 'trans_a...",420.72
2026-09-08T21:51:26.912626,list_vouchers,"SELECT m.at_id, m.at_doc_type, m.at_date, m.at_m_amount, m.at_status,        m.at_remarks, m.at_cheque_no, m.at_party_code,        COALESCE(p.company_name, p.person_name) AS party_name,        (SELECT COUNT(*) FROM acc_trans_reconcile r          WHERE r.at_id = m.at_id AND r.at_system_id = m.system_id            AND r.at_acc_reconcile = 1) AS reconciled FROM acc_trans_m m LEFT JOIN acc_party p ON p.p_code = m.at_party_code AND p.system_id = m.system_id WHERE m.system_id = %s AND m.at_doc_type IN (%s, %s) AND DATE(m.at_date) = %s ORDER BY m.at_id DESC LIMIT %s","[146, '01', '02', '2026-06-07', 200]",7,"[{'at_id': 261203000167, 'at_doc_type': '01', 'at_date': datetime.datetime(2026, 6, 7, 0, 0), 'at_m_amount': Decimal('8750.00'), 'at_status': '1', 'at_remarks': 'Healthcare Services', 'at_cheque_no': None, 'at_party_code': '2010300642', 'party_name': 'Acme CORP', 'reconciled': 0}, {'at_id': 261203000161, 'at_doc_type': '01', 'at_date': datetime.datetime(2026, 6, 7, 0, 0), 'at_m_amount': Decimal('8750.00'), 'at_status': '1', 'at_remarks': 'Healthcare Services', 'at_cheque_no': None, 'at_party_cod...",474.58
2026-09-08T21:51:39.646192,list_vouchers,"SELECT m.at_id, m.at_doc_type, m.at_date, m.at_m_amount, m.at_status,        m.at_remarks, m.at_cheque_no, m.at_party_code,        COALESCE(p.company_name, p.person_name) AS party_name,        (SELECT COUNT(*) FROM acc_trans_reconcile r          WHERE r.at_id = m.at_id AND r.at_system_id = m.system_id            AND r.at_acc_reconcile = 1) AS reconciled FROM acc_trans_m m LEFT JOIN acc_party p ON p.p_code = m.at_party_code AND p.system_id = m.system_id WHERE m.system_id = %s AND m.at_doc_type IN (%s, %s) AND DATE(m.at_date) = %s ORDER BY m.at_id DESC LIMIT %s","[146, '01', '02', '2026-06-06', 200]",1,"[{'at_id': 261203000069, 'at_doc_type': '01', 'at_date': datetime.datetime(2026, 6, 6, 0, 0), 'at_m_amount': Decimal('1312.00'), 'at_status': '1', 'at_remarks': None, 'at_cheque_no': None, 'at_party_code': '2010300631', 'party_name': 'JOHN SMITH', 'reconciled': 0}]",456.64
2026-09-08T21:51:55.959016,get_records,"SELECT at_id, at_doc_type, at_desc, at_remarks, at_m_amount, at_date FROM acc_trans_m WHERE at_doc_type IN (%s,%s) AND system_id = %s AND at_status >= 1 ORDER BY at_id DESC LIMIT %s","['01', '02', 146, 10]",10,"[{'at_id': 261203000167, 'at_doc_type': '01', 'at_desc': 'Receipt Voucher', 'at_remarks': 'Healthcare Services', 'at_m_amount': Decimal('8750.00'), 'at_date': datetime.datetime(2026, 6, 7, 0, 0)}, {'at_id': 261203000166, 'at_doc_type': '01', 'at_desc': 'Receipt Voucher', 'at_remarks': 'Repair and Maintenance', 'at_m_amount': Decimal('550.00'), 'at_date': datetime.datetime(2026, 9, 4, 0, 0)}, {'at_id': 261203000165, 'at_doc_type': '01', 'at_desc': 'Receipt Voucher', 'at_remarks': 'Healthcare Serv...",398.21
2026-09-08T22:15:16.091489,get_chart,"SELECT trans_acc_id, trans_acc_desc, subsi_acc_id, subsi_acc_desc, trans_system_id     FROM (SELECT @system_id := %s p) parm, v_trans_accounts_m2     WHERE trans_acc_display = 1     ORDER BY SUBSTRING(trans_acc_id, 1, 1),              SUBSTRING(trans_acc_id, 1, 5),              acc_main_sort, sub_sort, acc_sort, trans_acc_id",[146],221,"[{'trans_acc_id': '1000100010001', 'trans_acc_desc': 'Bank of the west', 'subsi_acc_id': 100010001, 'subsi_acc_desc': 'Banks', 'trans_system_id': 146}, {'trans_acc_id': '1000100010002', 'trans_acc_desc': 'Bank of the Ozarks', 'subsi_acc_id': 100010001, 'subsi_acc_desc': 'Banks', 'trans_system_id': 146}, {'trans_acc_id': '1000100010003', 'trans_acc_desc': 'Bancorp South Bank', 'subsi_acc_id': 100010001, 'subsi_acc_desc': 'Banks', 'trans_system_id': 146}, {'trans_acc_id': '1000100010004', 'trans_a...",491.51
2026-09-08T22:15:23.940130,get_chart,"SELECT trans_acc_id, trans_acc_desc, subsi_acc_id, subsi_acc_desc, trans_system_id     FROM (SELECT @system_id := %s p) parm, v_trans_accounts_m2     WHERE trans_acc_display = 1     ORDER BY SUBSTRING(trans_acc_id, 1, 1),              SUBSTRING(trans_acc_id, 1, 5),              acc_main_sort, sub_sort, acc_sort, trans_acc_id",[146],221,"[{'trans_acc_id': '1000100010001', 'trans_acc_desc': 'Bank of the west', 'subsi_acc_id': 100010001, 'subsi_acc_desc': 'Banks', 'trans_system_id': 146}, {'trans_acc_id': '1000100010002', 'trans_acc_desc': 'Bank of the Ozarks', 'subsi_acc_id': 100010001, 'subsi_acc_desc': 'Banks', 'trans_system_id': 146}, {'trans_acc_id': '1000100010003', 'trans_acc_desc': 'Bancorp South Bank', 'subsi_acc_id': 100010001, 'subsi_acc_desc': 'Banks', 'trans_system_id': 146}, {'trans_acc_id': '1000100010004', 'trans_a...",774.49
2026-09-08T22:15:33.745098,find_party_candidates(ABC Trading LLC),"SELECT p_code, p_type, company_name, person_name, Phone, Email, p_account FROM acc_party WHERE status = 1 AND system_id = %s AND p_type = %s AND (LOWER(TRIM(company_name))=LOWER(TRIM(%s)) OR LOWER(TRIM(person_name))=LOWER(TRIM(%s)))","(146, 'C', 'ABC Trading LLC', 'ABC Trading LLC')",0,[],1326.06
2026-09-08T22:15:33.948871,find_party_candidates(ABC Trading LLC),"SELECT p_code, p_type, company_name, person_name, Phone, Email, p_account FROM acc_party WHERE status = 1 AND system_id = %s AND p_type = %s AND (company_name LIKE %s OR person_name LIKE %s) LIMIT %s","(146, 'C', 'ABC Trading LLC%', 'ABC Trading LLC%', 50)",0,[],202.77
2026-09-08T22:15:34.149173,find_party_candidates(ABC Trading LLC),"SELECT p_code, p_type, company_name, person_name, Phone, Email, p_account FROM acc_party WHERE status = 1 AND system_id = %s AND p_type = %s AND (company_name LIKE %s OR person_name LIKE %s) LIMIT %s","(146, 'C', '%ABC Trading LLC%', '%ABC Trading LLC%', 50)",0,[],199.31
2026-09-08T22:15:34.350176,find_party_candidates(ABC Trading LLC),"SELECT p_code, p_type, company_name, person_name, Phone, Email, p_account FROM acc_party WHERE status = 1 AND system_id = %s AND p_type = %s AND (company_name LIKE %s OR person_name LIKE %s) LIMIT %s","(146, 'C', '%ABC%', '%ABC%', 50)",0,[],199.00
2026-09-08T22:15:48.935332,list_parties,"SELECT p_code, p_type, company_name, person_name, Email, Phone,        p_account, status FROM acc_party WHERE system_id = %s AND status = 1 ORDER BY p_type, company_name LIMIT %s","[146, 500]",123,"[{'p_code': 2010300629, 'p_type': 'C', 'company_name': '3S', 'person_name': 'Ali', 'Email': None, 'Phone': None, 'p_account': None, 'status': 1}, {'p_code': 2010300639, 'p_type': 'C', 'company_name': '3s(ali)', 'person_name': '3s(ali)', 'Email': None, 'Phone': None, 'p_account': None, 'status': 1}, {'p_code': 2010300642, 'p_type': 'C', 'company_name': 'Acme CORP', 'person_name': 'Acme CORP', 'Email': None, 'Phone': '555-0143', 'p_account': None, 'status': 1}, {'p_code': 2010300637, 'p_type': 'C'...",1006.80
2026-09-08T22:15:54.219629,list_parties,"SELECT p_code, p_type, company_name, person_name, Email, Phone,        p_account, status FROM acc_party WHERE system_id = %s AND status = 1 ORDER BY p_type, company_name LIMIT %s","[146, 500]",123,"[{'p_code': 2010300629, 'p_type': 'C', 'company_name': '3S', 'person_name': 'Ali', 'Email': None, 'Phone': None, 'p_account': None, 'status': 1}, {'p_code': 2010300639, 'p_type': 'C', 'company_name': '3s(ali)', 'person_name': '3s(ali)', 'Email': None, 'Phone': None, 'p_account': None, 'status': 1}, {'p_code': 2010300642, 'p_type': 'C', 'company_name': 'Acme CORP', 'person_name': 'Acme CORP', 'Email': None, 'Phone': '555-0143', 'p_account': None, 'status': 1}, {'p_code': 2010300637, 'p_type': 'C'...",921.16
2026-09-08T22:15:55.171021,find_party_candidates(ABC Trading LLC),"SELECT p_code, p_type, company_name, person_name, Phone, Email, p_account FROM acc_party WHERE status = 1 AND system_id = %s AND p_type = %s AND (LOWER(TRIM(company_name))=LOWER(TRIM(%s)) OR LOWER(TRIM(person_name))=LOWER(TRIM(%s)))","(146, 'C', 'ABC Trading LLC', 'ABC Trading LLC')",0,[],235.12
2026-09-08T22:15:55.386852,find_party_candidates(ABC Trading LLC),"SELECT p_code, p_type, company_name, person_name, Phone, Email, p_account FROM acc_party WHERE status = 1 AND system_id = %s AND p_type = %s AND (company_name LIKE %s OR person_name LIKE %s) LIMIT %s","(146, 'C', 'ABC Trading LLC%', 'ABC Trading LLC%', 50)",0,[],213.65
2026-09-08T22:15:55.608613,find_party_candidates(ABC Trading LLC),"SELECT p_code, p_type, company_name, person_name, Phone, Email, p_account FROM acc_party WHERE status = 1 AND system_id = %s AND p_type = %s AND (company_name LIKE %s OR person_name LIKE %s) LIMIT %s","(146, 'C', '%ABC Trading LLC%', '%ABC Trading LLC%', 50)",0,[],220.21
2026-09-08T22:15:55.824433,find_party_candidates(ABC Trading LLC),"SELECT p_code, p_type, company_name, person_name, Phone, Email, p_account FROM acc_party WHERE status = 1 AND system_id = %s AND p_type = %s AND (company_name LIKE %s OR person_name LIKE %s) LIMIT %s","(146, 'C', '%ABC%', '%ABC%', 50)",0,[],211.81
2026-09-08T22:16:10.252984,within_open_year,SELECT 1 FROM business_year WHERE by_system_id = %s AND (  (financial_year_start <= %s AND %s <= financial_year_end AND financial_year_status = 1)  OR (audit_year_start <= %s AND %s <= audit_year_end AND audit_year_status = 1)) LIMIT 1,"[146, '2026-09-08', '2026-09-08', '2026-09-08', '2026-09-08']",0,[],437.61
2026-09-08T22:16:10.706474,find_party_candidates(ABC Supplies),"SELECT p_code, p_type, company_name, person_name, Phone, Email, p_account FROM acc_party WHERE status = 1 AND system_id = %s AND p_type = %s AND (LOWER(TRIM(company_name))=LOWER(TRIM(%s)) OR LOWER(TRIM(person_name))=LOWER(TRIM(%s)))","(146, 'P', 'ABC Supplies', 'ABC Supplies')",0,[],242.14
2026-09-08T22:16:10.921475,find_party_candidates(ABC Supplies),"SELECT p_code, p_type, company_name, person_name, Phone, Email, p_account FROM acc_party WHERE status = 1 AND system_id = %s AND p_type = %s AND (company_name LIKE %s OR person_name LIKE %s) LIMIT %s","(146, 'P', 'ABC Supplies%', 'ABC Supplies%', 200)",0,[],213.00
2026-09-08T22:16:11.499156,find_party_candidates(ABC Supplies),"SELECT p_code, p_type, company_name, person_name, Phone, Email, p_account FROM acc_party WHERE status = 1 AND system_id = %s AND p_type = %s AND (company_name LIKE %s OR person_name LIKE %s) LIMIT %s","(146, 'P', '%ABC Supplies%', '%ABC Supplies%', 200)",0,[],576.85
2026-09-08T22:16:11.842702,find_party_candidates(ABC Supplies),"SELECT p_code, p_type, company_name, person_name, Phone, Email, p_account FROM acc_party WHERE status = 1 AND system_id = %s AND p_type = %s AND (company_name LIKE %s OR person_name LIKE %s) LIMIT %s","(146, 'P', '%ABC%', '%ABC%', 200)",0,[],342.54
2026-09-08T22:16:12.291492,find_party_candidates(ABC Supplies),"SELECT p_code, p_type, company_name, person_name, Phone, Email, p_account FROM acc_party WHERE status = 1 AND system_id = %s AND (LOWER(TRIM(company_name))=LOWER(TRIM(%s)) OR LOWER(TRIM(person_name))=LOWER(TRIM(%s)))","(146, 'ABC Supplies', 'ABC Supplies')",0,[],209.00
2026-09-08T22:16:12.501628,find_party_candidates(ABC Supplies),"SELECT p_code, p_type, company_name, person_name, Phone, Email, p_account FROM acc_party WHERE status = 1 AND system_id = %s AND (company_name LIKE %s OR person_name LIKE %s) LIMIT %s","(146, 'ABC Supplies%', 'ABC Supplies%', 200)",0,[],208.13
2026-09-08T22:16:12.790168,find_party_candidates(ABC Supplies),"SELECT p_code, p_type, company_name, person_name, Phone, Email, p_account FROM acc_party WHERE status = 1 AND system_id = %s AND (company_name LIKE %s OR person_name LIKE %s) LIMIT %s","(146, '%ABC Supplies%', '%ABC Supplies%', 200)",0,[],287.54
2026-09-08T22:16:13.092874,find_party_candidates(ABC Supplies),"SELECT p_code, p_type, company_name, person_name, Phone, Email, p_account FROM acc_party WHERE status = 1 AND system_id = %s AND (company_name LIKE %s OR person_name LIKE %s) LIMIT %s","(146, '%ABC%', '%ABC%', 200)",1,"[{'p_code': 2010300647, 'p_type': 'C', 'company_name': 'ABC Trading LLC', 'person_name': 'ABC Trading LLC', 'Phone': '555-123-4567', 'Email': 'billing@abctrading.com', 'p_account': None}]",300.71
2026-09-08T22:16:52.727048,within_open_year,SELECT 1 FROM business_year WHERE by_system_id = %s AND (  (financial_year_start <= %s AND %s <= financial_year_end AND financial_year_status = 1)  OR (audit_year_start <= %s AND %s <= audit_year_end AND audit_year_status = 1)) LIMIT 1,"[146, '2026-09-08', '2026-09-08', '2026-09-08', '2026-09-08']",0,[],1232.24
2026-09-08T22:16:53.184047,find_party_candidates(John Smith),"SELECT p_code, p_type, company_name, person_name, Phone, Email, p_account FROM acc_party WHERE status = 1 AND system_id = %s AND p_type = %s AND (LOWER(TRIM(company_name))=LOWER(TRIM(%s)) OR LOWER(TRIM(person_name))=LOWER(TRIM(%s)))","(146, 'P', 'John Smith', 'John Smith')",0,[],202.00
2026-09-08T22:16:53.405664,find_party_candidates(John Smith),"SELECT p_code, p_type, company_name, person_name, Phone, Email, p_account FROM acc_party WHERE status = 1 AND system_id = %s AND p_type = %s AND (company_name LIKE %s OR person_name LIKE %s) LIMIT %s","(146, 'P', 'John Smith%', 'John Smith%', 200)",0,[],219.62
2026-09-08T22:16:53.619302,find_party_candidates(John Smith),"SELECT p_code, p_type, company_name, person_name, Phone, Email, p_account FROM acc_party WHERE status = 1 AND system_id = %s AND p_type = %s AND (company_name LIKE %s OR person_name LIKE %s) LIMIT %s","(146, 'P', '%John Smith%', '%John Smith%', 200)",0,[],212.63
2026-09-08T22:16:53.833874,find_party_candidates(John Smith),"SELECT p_code, p_type, company_name, person_name, Phone, Email, p_account FROM acc_party WHERE status = 1 AND system_id = %s AND p_type = %s AND (company_name LIKE %s OR person_name LIKE %s) LIMIT %s","(146, 'P', '%John%', '%John%', 200)",0,[],214.05
2026-09-08T22:16:54.252234,find_party_candidates(John Smith),"SELECT p_code, p_type, company_name, person_name, Phone, Email, p_account FROM acc_party WHERE status = 1 AND system_id = %s AND (LOWER(TRIM(company_name))=LOWER(TRIM(%s)) OR LOWER(TRIM(person_name))=LOWER(TRIM(%s)))","(146, 'John Smith', 'John Smith')",1,"[{'p_code': 2010300631, 'p_type': 'C', 'company_name': 'JOHN SMITH', 'person_name': 'JOHN SMITH', 'Phone': None, 'Email': None, 'p_account': None}]",224.01
2026-09-08T22:16:54.489851,find_party_candidates(John Smith),"SELECT p_code, p_type, company_name, person_name, Phone, Email, p_account FROM acc_party WHERE status = 1 AND system_id = %s AND (company_name LIKE %s OR person_name LIKE %s) LIMIT %s","(146, 'John Smith%', 'John Smith%', 200)",1,"[{'p_code': 2010300631, 'p_type': 'C', 'company_name': 'JOHN SMITH', 'person_name': 'JOHN SMITH', 'Phone': None, 'Email': None, 'p_account': None}]",237.62
2026-09-08T22:16:54.732254,find_party_candidates(John Smith),"SELECT p_code, p_type, company_name, person_name, Phone, Email, p_account FROM acc_party WHERE status = 1 AND system_id = %s AND (company_name LIKE %s OR person_name LIKE %s) LIMIT %s","(146, '%John Smith%', '%John Smith%', 200)",2,"[{'p_code': 2010300631, 'p_type': 'C', 'company_name': 'JOHN SMITH', 'person_name': 'JOHN SMITH', 'Phone': None, 'Email': None, 'p_account': None}, {'p_code': 2010300632, 'p_type': 'C', 'company_name': 'Bank of the west — JOHN SMITH', 'person_name': 'Bank of the west — JOHN SMITH', 'Phone': None, 'Email': None, 'p_account': None}]",241.41
2026-09-08T22:16:54.936526,find_party_candidates(John Smith),"SELECT p_code, p_type, company_name, person_name, Phone, Email, p_account FROM acc_party WHERE status = 1 AND system_id = %s AND (company_name LIKE %s OR person_name LIKE %s) LIMIT %s","(146, '%John%', '%John%', 200)",2,"[{'p_code': 2010300631, 'p_type': 'C', 'company_name': 'JOHN SMITH', 'person_name': 'JOHN SMITH', 'Phone': None, 'Email': None, 'p_account': None}, {'p_code': 2010300632, 'p_type': 'C', 'company_name': 'Bank of the west — JOHN SMITH', 'person_name': 'Bank of the west — JOHN SMITH', 'Phone': None, 'Email': None, 'p_account': None}]",203.26
2026-09-08T22:24:44.600597,within_open_year,SELECT 1 FROM business_year WHERE by_system_id = %s AND (  (financial_year_start <= %s AND %s <= financial_year_end AND financial_year_status = 1)  OR (audit_year_start <= %s AND %s <= audit_year_end AND audit_year_status = 1)) LIMIT 1,"[146, '2026-09-08', '2026-09-08', '2026-09-08', '2026-09-08']",0,[],800.15
2026-09-08T22:24:45.011260,find_party_candidates(ABC Trading),"SELECT p_code, p_type, company_name, person_name, Phone, Email, p_account FROM acc_party WHERE status = 1 AND system_id = %s AND p_type = %s AND (LOWER(TRIM(company_name))=LOWER(TRIM(%s)) OR LOWER(TRIM(person_name))=LOWER(TRIM(%s)))","(146, 'C', 'ABC Trading', 'ABC Trading')",0,[],211.65
2026-09-08T22:24:45.217255,find_party_candidates(ABC Trading),"SELECT p_code, p_type, company_name, person_name, Phone, Email, p_account FROM acc_party WHERE status = 1 AND system_id = %s AND p_type = %s AND (company_name LIKE %s OR person_name LIKE %s) LIMIT %s","(146, 'C', 'ABC Trading%', 'ABC Trading%', 200)",1,"[{'p_code': 2010300647, 'p_type': 'C', 'company_name': 'ABC Trading LLC', 'person_name': 'ABC Trading LLC', 'Phone': '555-123-4567', 'Email': 'billing@abctrading.com', 'p_account': None}]",206.00
2026-09-08T22:24:45.427254,find_party_candidates(ABC Trading),"SELECT p_code, p_type, company_name, person_name, Phone, Email, p_account FROM acc_party WHERE status = 1 AND system_id = %s AND p_type = %s AND (company_name LIKE %s OR person_name LIKE %s) LIMIT %s","(146, 'C', '%ABC Trading%', '%ABC Trading%', 200)",1,"[{'p_code': 2010300647, 'p_type': 'C', 'company_name': 'ABC Trading LLC', 'person_name': 'ABC Trading LLC', 'Phone': '555-123-4567', 'Email': 'billing@abctrading.com', 'p_account': None}]",208.00
2026-09-08T22:24:45.640257,find_party_candidates(ABC Trading),"SELECT p_code, p_type, company_name, person_name, Phone, Email, p_account FROM acc_party WHERE status = 1 AND system_id = %s AND p_type = %s AND (company_name LIKE %s OR person_name LIKE %s) LIMIT %s","(146, 'C', '%ABC%', '%ABC%', 200)",1,"[{'p_code': 2010300647, 'p_type': 'C', 'company_name': 'ABC Trading LLC', 'person_name': 'ABC Trading LLC', 'Phone': '555-123-4567', 'Email': 'billing@abctrading.com', 'p_account': None}]",212.37
2026-09-08T22:24:46.487898,get_chart,"SELECT trans_acc_id, trans_acc_desc, subsi_acc_id, subsi_acc_desc, trans_system_id     FROM (SELECT @system_id := %s p) parm, v_trans_accounts_m2     WHERE trans_acc_display = 1     ORDER BY SUBSTRING(trans_acc_id, 1, 1),              SUBSTRING(trans_acc_id, 1, 5),              acc_main_sort, sub_sort, acc_sort, trans_acc_id",[146],221,"[{'trans_acc_id': '1000100010001', 'trans_acc_desc': 'Bank of the west', 'subsi_acc_id': 100010001, 'subsi_acc_desc': 'Banks', 'trans_system_id': 146}, {'trans_acc_id': '1000100010002', 'trans_acc_desc': 'Bank of the Ozarks', 'subsi_acc_id': 100010001, 'subsi_acc_desc': 'Banks', 'trans_system_id': 146}, {'trans_acc_id': '1000100010003', 'trans_acc_desc': 'Bancorp South Bank', 'subsi_acc_id': 100010001, 'subsi_acc_desc': 'Banks', 'trans_system_id': 146}, {'trans_acc_id': '1000100010004', 'trans_a...",444.11
2026-09-08T22:39:36.251817,get_chart,"SELECT trans_acc_id, trans_acc_desc, subsi_acc_id, subsi_acc_desc, trans_system_id     FROM (SELECT @system_id := %s p) parm, v_trans_accounts_m2     WHERE trans_acc_display = 1     ORDER BY SUBSTRING(trans_acc_id, 1, 1),              SUBSTRING(trans_acc_id, 1, 5),              acc_main_sort, sub_sort, acc_sort, trans_acc_id",[146],221,"[{'trans_acc_id': '1000100010001', 'trans_acc_desc': 'Bank of the west', 'subsi_acc_id': 100010001, 'subsi_acc_desc': 'Banks', 'trans_system_id': 146}, {'trans_acc_id': '1000100010002', 'trans_acc_desc': 'Bank of the Ozarks', 'subsi_acc_id': 100010001, 'subsi_acc_desc': 'Banks', 'trans_system_id': 146}, {'trans_acc_id': '1000100010003', 'trans_acc_desc': 'Bancorp South Bank', 'subsi_acc_id': 100010001, 'subsi_acc_desc': 'Banks', 'trans_system_id': 146}, {'trans_acc_id': '1000100010004', 'trans_a...",530.71
2026-09-08T22:39:47.204115,get_chart,"SELECT trans_acc_id, trans_acc_desc, subsi_acc_id, subsi_acc_desc, trans_system_id     FROM (SELECT @system_id := %s p) parm, v_trans_accounts_m2     WHERE trans_acc_display = 1     ORDER BY SUBSTRING(trans_acc_id, 1, 1),              SUBSTRING(trans_acc_id, 1, 5),              acc_main_sort, sub_sort, acc_sort, trans_acc_id",[146],221,"[{'trans_acc_id': '1000100010001', 'trans_acc_desc': 'Bank of the west', 'subsi_acc_id': 100010001, 'subsi_acc_desc': 'Banks', 'trans_system_id': 146}, {'trans_acc_id': '1000100010002', 'trans_acc_desc': 'Bank of the Ozarks', 'subsi_acc_id': 100010001, 'subsi_acc_desc': 'Banks', 'trans_system_id': 146}, {'trans_acc_id': '1000100010003', 'trans_acc_desc': 'Bancorp South Bank', 'subsi_acc_id': 100010001, 'subsi_acc_desc': 'Banks', 'trans_system_id': 146}, {'trans_acc_id': '1000100010004', 'trans_a...",525.64
2026-09-08T22:40:10.014095,list_parties,"SELECT p_code, p_type, company_name, person_name, Email, Phone,        p_account, status FROM acc_party WHERE system_id = %s AND status = 1 ORDER BY p_type, company_name LIMIT %s","[146, 500]",124,"[{'p_code': 2010300629, 'p_type': 'C', 'company_name': '3S', 'person_name': 'Ali', 'Email': None, 'Phone': None, 'p_account': None, 'status': 1}, {'p_code': 2010300639, 'p_type': 'C', 'company_name': '3s(ali)', 'person_name': '3s(ali)', 'Email': None, 'Phone': None, 'p_account': None, 'status': 1}, {'p_code': 2010300647, 'p_type': 'C', 'company_name': 'ABC Trading LLC', 'person_name': 'ABC Trading LLC', 'Email': 'billing@abctrading.com', 'Phone': '555-123-4567', 'p_account': None, 'status': 1}, ...",853.40
2026-09-08T22:40:16.978837,list_parties,"SELECT p_code, p_type, company_name, person_name, Email, Phone,        p_account, status FROM acc_party WHERE system_id = %s AND status = 1 ORDER BY p_type, company_name LIMIT %s","[146, 500]",124,"[{'p_code': 2010300629, 'p_type': 'C', 'company_name': '3S', 'person_name': 'Ali', 'Email': None, 'Phone': None, 'p_account': None, 'status': 1}, {'p_code': 2010300639, 'p_type': 'C', 'company_name': '3s(ali)', 'person_name': '3s(ali)', 'Email': None, 'Phone': None, 'p_account': None, 'status': 1}, {'p_code': 2010300647, 'p_type': 'C', 'company_name': 'ABC Trading LLC', 'person_name': 'ABC Trading LLC', 'Email': 'billing@abctrading.com', 'Phone': '555-123-4567', 'p_account': None, 'status': 1}, ...",1151.69
2026-09-08T22:46:12.402965,get_chart,"SELECT trans_acc_id, trans_acc_desc, subsi_acc_id, subsi_acc_desc, trans_system_id     FROM (SELECT @system_id := %s p) parm, v_trans_accounts_m2     WHERE trans_acc_display = 1     ORDER BY SUBSTRING(trans_acc_id, 1, 1),              SUBSTRING(trans_acc_id, 1, 5),              acc_main_sort, sub_sort, acc_sort, trans_acc_id",[146],221,"[{'trans_acc_id': '1000100010001', 'trans_acc_desc': 'Bank of the west', 'subsi_acc_id': 100010001, 'subsi_acc_desc': 'Banks', 'trans_system_id': 146}, {'trans_acc_id': '1000100010002', 'trans_acc_desc': 'Bank of the Ozarks', 'subsi_acc_id': 100010001, 'subsi_acc_desc': 'Banks', 'trans_system_id': 146}, {'trans_acc_id': '1000100010003', 'trans_acc_desc': 'Bancorp South Bank', 'subsi_acc_id': 100010001, 'subsi_acc_desc': 'Banks', 'trans_system_id': 146}, {'trans_acc_id': '1000100010004', 'trans_a...",395.93
2026-09-08T22:46:16.297216,get_chart,"SELECT trans_acc_id, trans_acc_desc, subsi_acc_id, subsi_acc_desc, trans_system_id     FROM (SELECT @system_id := %s p) parm, v_trans_accounts_m2     WHERE trans_acc_display = 1     ORDER BY SUBSTRING(trans_acc_id, 1, 1),              SUBSTRING(trans_acc_id, 1, 5),              acc_main_sort, sub_sort, acc_sort, trans_acc_id",[146],221,"[{'trans_acc_id': '1000100010001', 'trans_acc_desc': 'Bank of the west', 'subsi_acc_id': 100010001, 'subsi_acc_desc': 'Banks', 'trans_system_id': 146}, {'trans_acc_id': '1000100010002', 'trans_acc_desc': 'Bank of the Ozarks', 'subsi_acc_id': 100010001, 'subsi_acc_desc': 'Banks', 'trans_system_id': 146}, {'trans_acc_id': '1000100010003', 'trans_acc_desc': 'Bancorp South Bank', 'subsi_acc_id': 100010001, 'subsi_acc_desc': 'Banks', 'trans_system_id': 146}, {'trans_acc_id': '1000100010004', 'trans_a...",444.97
2026-09-08T22:46:23.248559,find_party_candidates(ABC Trading LLC),"SELECT p_code, p_type, company_name, person_name, Phone, Email, p_account FROM acc_party WHERE status = 1 AND system_id = %s AND p_type = %s AND (LOWER(TRIM(company_name))=LOWER(TRIM(%s)) OR LOWER(TRIM(person_name))=LOWER(TRIM(%s)))","(146, 'C', 'ABC Trading LLC', 'ABC Trading LLC')",1,"[{'p_code': 2010300647, 'p_type': 'C', 'company_name': 'ABC Trading LLC', 'person_name': 'ABC Trading LLC', 'Phone': '555-123-4567', 'Email': 'billing@abctrading.com', 'p_account': None}]",571.57
2026-09-08T22:46:23.444678,find_party_candidates(ABC Trading LLC),"SELECT p_code, p_type, company_name, person_name, Phone, Email, p_account FROM acc_party WHERE status = 1 AND system_id = %s AND p_type = %s AND (company_name LIKE %s OR person_name LIKE %s) LIMIT %s","(146, 'C', 'ABC Trading LLC%', 'ABC Trading LLC%', 50)",1,"[{'p_code': 2010300647, 'p_type': 'C', 'company_name': 'ABC Trading LLC', 'person_name': 'ABC Trading LLC', 'Phone': '555-123-4567', 'Email': 'billing@abctrading.com', 'p_account': None}]",196.12
2026-09-08T22:46:23.639769,find_party_candidates(ABC Trading LLC),"SELECT p_code, p_type, company_name, person_name, Phone, Email, p_account FROM acc_party WHERE status = 1 AND system_id = %s AND p_type = %s AND (company_name LIKE %s OR person_name LIKE %s) LIMIT %s","(146, 'C', '%ABC Trading LLC%', '%ABC Trading LLC%', 50)",1,"[{'p_code': 2010300647, 'p_type': 'C', 'company_name': 'ABC Trading LLC', 'person_name': 'ABC Trading LLC', 'Phone': '555-123-4567', 'Email': 'billing@abctrading.com', 'p_account': None}]",194.09
2026-09-08T22:46:23.833679,find_party_candidates(ABC Trading LLC),"SELECT p_code, p_type, company_name, person_name, Phone, Email, p_account FROM acc_party WHERE status = 1 AND system_id = %s AND p_type = %s AND (company_name LIKE %s OR person_name LIKE %s) LIMIT %s","(146, 'C', '%ABC%', '%ABC%', 50)",1,"[{'p_code': 2010300647, 'p_type': 'C', 'company_name': 'ABC Trading LLC', 'person_name': 'ABC Trading LLC', 'Phone': '555-123-4567', 'Email': 'billing@abctrading.com', 'p_account': None}]",193.37
2026-09-08T22:46:27.132960,list_parties,"SELECT p_code, p_type, company_name, person_name, Email, Phone,        p_account, status FROM acc_party WHERE system_id = %s AND status = 1 ORDER BY p_type, company_name LIMIT %s","[146, 500]",124,"[{'p_code': 2010300629, 'p_type': 'C', 'company_name': '3S', 'person_name': 'Ali', 'Email': None, 'Phone': None, 'p_account': None, 'status': 1}, {'p_code': 2010300639, 'p_type': 'C', 'company_name': '3s(ali)', 'person_name': '3s(ali)', 'Email': None, 'Phone': None, 'p_account': None, 'status': 1}, {'p_code': 2010300647, 'p_type': 'C', 'company_name': 'ABC Trading LLC', 'person_name': 'ABC Trading LLC', 'Email': 'billing@abctrading.com', 'Phone': '555-123-4567', 'p_account': None, 'status': 1}, ...",861.41
2026-09-08T22:46:30.034066,list_parties,"SELECT p_code, p_type, company_name, person_name, Email, Phone,        p_account, status FROM acc_party WHERE system_id = %s AND status = 1 ORDER BY p_type, company_name LIMIT %s","[146, 500]",124,"[{'p_code': 2010300629, 'p_type': 'C', 'company_name': '3S', 'person_name': 'Ali', 'Email': None, 'Phone': None, 'p_account': None, 'status': 1}, {'p_code': 2010300639, 'p_type': 'C', 'company_name': '3s(ali)', 'person_name': '3s(ali)', 'Email': None, 'Phone': None, 'p_account': None, 'status': 1}, {'p_code': 2010300647, 'p_type': 'C', 'company_name': 'ABC Trading LLC', 'person_name': 'ABC Trading LLC', 'Email': 'billing@abctrading.com', 'Phone': '555-123-4567', 'p_account': None, 'status': 1}, ...",814.69
2026-09-08T22:48:10.798801,get_chart,"SELECT trans_acc_id, trans_acc_desc, subsi_acc_id, subsi_acc_desc, trans_system_id     FROM (SELECT @system_id := %s p) parm, v_trans_accounts_m2     WHERE trans_acc_display = 1     ORDER BY SUBSTRING(trans_acc_id, 1, 1),              SUBSTRING(trans_acc_id, 1, 5),              acc_main_sort, sub_sort, acc_sort, trans_acc_id",[146],221,"[{'trans_acc_id': '1000100010001', 'trans_acc_desc': 'Bank of the west', 'subsi_acc_id': 100010001, 'subsi_acc_desc': 'Banks', 'trans_system_id': 146}, {'trans_acc_id': '1000100010002', 'trans_acc_desc': 'Bank of the Ozarks', 'subsi_acc_id': 100010001, 'subsi_acc_desc': 'Banks', 'trans_system_id': 146}, {'trans_acc_id': '1000100010003', 'trans_acc_desc': 'Bancorp South Bank', 'subsi_acc_id': 100010001, 'subsi_acc_desc': 'Banks', 'trans_system_id': 146}, {'trans_acc_id': '1000100010004', 'trans_a...",397.73
2026-09-08T22:48:14.731716,get_chart,"SELECT trans_acc_id, trans_acc_desc, subsi_acc_id, subsi_acc_desc, trans_system_id     FROM (SELECT @system_id := %s p) parm, v_trans_accounts_m2     WHERE trans_acc_display = 1     ORDER BY SUBSTRING(trans_acc_id, 1, 1),              SUBSTRING(trans_acc_id, 1, 5),              acc_main_sort, sub_sort, acc_sort, trans_acc_id",[146],221,"[{'trans_acc_id': '1000100010001', 'trans_acc_desc': 'Bank of the west', 'subsi_acc_id': 100010001, 'subsi_acc_desc': 'Banks', 'trans_system_id': 146}, {'trans_acc_id': '1000100010002', 'trans_acc_desc': 'Bank of the Ozarks', 'subsi_acc_id': 100010001, 'subsi_acc_desc': 'Banks', 'trans_system_id': 146}, {'trans_acc_id': '1000100010003', 'trans_acc_desc': 'Bancorp South Bank', 'subsi_acc_id': 100010001, 'subsi_acc_desc': 'Banks', 'trans_system_id': 146}, {'trans_acc_id': '1000100010004', 'trans_a...",453.14
2026-09-08T22:48:19.738073,find_party_candidates(ABC Trading LLC),"SELECT p_code, p_type, company_name, person_name, Phone, Email, p_account FROM acc_party WHERE status = 1 AND system_id = %s AND p_type = %s AND (LOWER(TRIM(company_name))=LOWER(TRIM(%s)) OR LOWER(TRIM(person_name))=LOWER(TRIM(%s)))","(146, 'C', 'ABC Trading LLC', 'ABC Trading LLC')",1,"[{'p_code': 2010300647, 'p_type': 'C', 'company_name': 'ABC Trading LLC', 'person_name': 'ABC Trading LLC', 'Phone': '555-123-4567', 'Email': 'billing@abctrading.com', 'p_account': None}]",586.71
2026-09-08T22:48:19.937116,find_party_candidates(ABC Trading LLC),"SELECT p_code, p_type, company_name, person_name, Phone, Email, p_account FROM acc_party WHERE status = 1 AND system_id = %s AND p_type = %s AND (company_name LIKE %s OR person_name LIKE %s) LIMIT %s","(146, 'C', 'ABC Trading LLC%', 'ABC Trading LLC%', 50)",1,"[{'p_code': 2010300647, 'p_type': 'C', 'company_name': 'ABC Trading LLC', 'person_name': 'ABC Trading LLC', 'Phone': '555-123-4567', 'Email': 'billing@abctrading.com', 'p_account': None}]",198.04
2026-09-08T22:48:20.135414,find_party_candidates(ABC Trading LLC),"SELECT p_code, p_type, company_name, person_name, Phone, Email, p_account FROM acc_party WHERE status = 1 AND system_id = %s AND p_type = %s AND (company_name LIKE %s OR person_name LIKE %s) LIMIT %s","(146, 'C', '%ABC Trading LLC%', '%ABC Trading LLC%', 50)",1,"[{'p_code': 2010300647, 'p_type': 'C', 'company_name': 'ABC Trading LLC', 'person_name': 'ABC Trading LLC', 'Phone': '555-123-4567', 'Email': 'billing@abctrading.com', 'p_account': None}]",197.75
2026-09-08T22:48:20.345312,find_party_candidates(ABC Trading LLC),"SELECT p_code, p_type, company_name, person_name, Phone, Email, p_account FROM acc_party WHERE status = 1 AND system_id = %s AND p_type = %s AND (company_name LIKE %s OR person_name LIKE %s) LIMIT %s","(146, 'C', '%ABC%', '%ABC%', 50)",1,"[{'p_code': 2010300647, 'p_type': 'C', 'company_name': 'ABC Trading LLC', 'person_name': 'ABC Trading LLC', 'Phone': '555-123-4567', 'Email': 'billing@abctrading.com', 'p_account': None}]",209.90
2026-09-08T22:48:25.040986,list_parties,"SELECT p_code, p_type, company_name, person_name, Email, Phone,        p_account, status FROM acc_party WHERE system_id = %s AND status = 1 ORDER BY p_type, company_name LIMIT %s","[146, 500]",124,"[{'p_code': 2010300629, 'p_type': 'C', 'company_name': '3S', 'person_name': 'Ali', 'Email': None, 'Phone': None, 'p_account': None, 'status': 1}, {'p_code': 2010300639, 'p_type': 'C', 'company_name': '3s(ali)', 'person_name': '3s(ali)', 'Email': None, 'Phone': None, 'p_account': None, 'status': 1}, {'p_code': 2010300647, 'p_type': 'C', 'company_name': 'ABC Trading LLC', 'person_name': 'ABC Trading LLC', 'Email': 'billing@abctrading.com', 'Phone': '555-123-4567', 'p_account': None, 'status': 1}, ...",768.51
2026-09-08T22:48:27.870267,list_parties,"SELECT p_code, p_type, company_name, person_name, Email, Phone,        p_account, status FROM acc_party WHERE system_id = %s AND status = 1 ORDER BY p_type, company_name LIMIT %s","[146, 500]",124,"[{'p_code': 2010300629, 'p_type': 'C', 'company_name': '3S', 'person_name': 'Ali', 'Email': None, 'Phone': None, 'p_account': None, 'status': 1}, {'p_code': 2010300639, 'p_type': 'C', 'company_name': '3s(ali)', 'person_name': '3s(ali)', 'Email': None, 'Phone': None, 'p_account': None, 'status': 1}, {'p_code': 2010300647, 'p_type': 'C', 'company_name': 'ABC Trading LLC', 'person_name': 'ABC Trading LLC', 'Email': 'billing@abctrading.com', 'Phone': '555-123-4567', 'p_account': None, 'status': 1}, ...",803.12
2026-09-08T22:48:32.240787,within_open_year,SELECT 1 FROM business_year WHERE by_system_id = %s AND (  (financial_year_start <= %s AND %s <= financial_year_end AND financial_year_status = 1)  OR (audit_year_start <= %s AND %s <= audit_year_end AND audit_year_status = 1)) LIMIT 1,"[146, '2026-09-08', '2026-09-08', '2026-09-08', '2026-09-08']",0,[],421.57
2026-09-08T22:48:32.634438,find_party_candidates(Handy Fix LLC),"SELECT p_code, p_type, company_name, person_name, Phone, Email, p_account FROM acc_party WHERE status = 1 AND system_id = %s AND p_type = %s AND (LOWER(TRIM(company_name))=LOWER(TRIM(%s)) OR LOWER(TRIM(person_name))=LOWER(TRIM(%s)))","(146, 'P', 'Handy Fix LLC', 'Handy Fix LLC')",1,"[{'p_code': 2010100001, 'p_type': 'P', 'company_name': 'Handy Fix LLC', 'person_name': 'Handy Fix LLC', 'Phone': None, 'Email': None, 'p_account': None}]",200.84
2026-09-08T22:48:32.833726,find_party_candidates(Handy Fix LLC),"SELECT p_code, p_type, company_name, person_name, Phone, Email, p_account FROM acc_party WHERE status = 1 AND system_id = %s AND p_type = %s AND (company_name LIKE %s OR person_name LIKE %s) LIMIT %s","(146, 'P', 'Handy Fix LLC%', 'Handy Fix LLC%', 200)",2,"[{'p_code': 2010100001, 'p_type': 'P', 'company_name': 'Handy Fix LLC', 'person_name': 'Handy Fix LLC', 'Phone': None, 'Email': None, 'p_account': None}, {'p_code': 2010100003, 'p_type': 'P', 'company_name': 'Handy Fix LLC Ops@handyfix.com', 'person_name': 'Handy Fix LLC Ops@handyfix.com', 'Phone': None, 'Email': None, 'p_account': None}]",198.12
2026-09-08T22:48:33.032680,find_party_candidates(Handy Fix LLC),"SELECT p_code, p_type, company_name, person_name, Phone, Email, p_account FROM acc_party WHERE status = 1 AND system_id = %s AND p_type = %s AND (company_name LIKE %s OR person_name LIKE %s) LIMIT %s","(146, 'P', '%Handy Fix LLC%', '%Handy Fix LLC%', 200)",2,"[{'p_code': 2010100001, 'p_type': 'P', 'company_name': 'Handy Fix LLC', 'person_name': 'Handy Fix LLC', 'Phone': None, 'Email': None, 'p_account': None}, {'p_code': 2010100003, 'p_type': 'P', 'company_name': 'Handy Fix LLC Ops@handyfix.com', 'person_name': 'Handy Fix LLC Ops@handyfix.com', 'Phone': None, 'Email': None, 'p_account': None}]",197.89
2026-09-08T22:48:33.256693,find_party_candidates(Handy Fix LLC),"SELECT p_code, p_type, company_name, person_name, Phone, Email, p_account FROM acc_party WHERE status = 1 AND system_id = %s AND p_type = %s AND (company_name LIKE %s OR person_name LIKE %s) LIMIT %s","(146, 'P', '%Handy%', '%Handy%', 200)",2,"[{'p_code': 2010100001, 'p_type': 'P', 'company_name': 'Handy Fix LLC', 'person_name': 'Handy Fix LLC', 'Phone': None, 'Email': None, 'p_account': None}, {'p_code': 2010100003, 'p_type': 'P', 'company_name': 'Handy Fix LLC Ops@handyfix.com', 'person_name': 'Handy Fix LLC Ops@handyfix.com', 'Phone': None, 'Email': None, 'p_account': None}]",222.99
2026-09-08T22:49:56.892402,within_open_year,SELECT 1 FROM business_year WHERE by_system_id = %s AND (  (financial_year_start <= %s AND %s <= financial_year_end AND financial_year_status = 1)  OR (audit_year_start <= %s AND %s <= audit_year_end AND audit_year_status = 1)) LIMIT 1,"[146, '2026-09-08', '2026-09-08', '2026-09-08', '2026-09-08']",0,[],386.47
2026-09-08T22:49:57.280055,commit_voucher.party,"SELECT p_code, p_type, company_name, person_name FROM acc_party WHERE p_code = %s AND system_id = %s LIMIT 1","['2010100001', 146]",1,"[{'p_code': 2010100001, 'p_type': 'P', 'company_name': 'Handy Fix LLC', 'person_name': 'Handy Fix LLC'}]",386.31
2026-09-08T22:50:05.737298,within_open_year,SELECT 1 FROM business_year WHERE by_system_id = %s AND (  (financial_year_start <= %s AND %s <= financial_year_end AND financial_year_status = 1)  OR (audit_year_start <= %s AND %s <= audit_year_end AND audit_year_status = 1)) LIMIT 1,"[146, '2026-09-08', '2026-09-08', '2026-09-08', '2026-09-08']",0,[],464.95
2026-09-08T22:50:06.331206,commit_voucher.party,"SELECT p_code, p_type, company_name, person_name FROM acc_party WHERE p_code = %s AND system_id = %s LIMIT 1","['2010100001', 146]",1,"[{'p_code': 2010100001, 'p_type': 'P', 'company_name': 'Handy Fix LLC', 'person_name': 'Handy Fix LLC'}]",592.40
2026-09-08T22:50:42.471163,within_open_year,SELECT 1 FROM business_year WHERE by_system_id = %s AND (  (financial_year_start <= %s AND %s <= financial_year_end AND financial_year_status = 1)  OR (audit_year_start <= %s AND %s <= audit_year_end AND audit_year_status = 1)) LIMIT 1,"[146, '2026-09-08', '2026-09-08', '2026-09-08', '2026-09-08']",0,[],526.84
2026-09-08T22:50:42.869098,find_party_candidates(3S),"SELECT p_code, p_type, company_name, person_name, Phone, Email, p_account FROM acc_party WHERE status = 1 AND system_id = %s AND p_type = %s AND (LOWER(TRIM(company_name))=LOWER(TRIM(%s)) OR LOWER(TRIM(person_name))=LOWER(TRIM(%s)))","(146, 'P', '3S', '3S')",0,[],204.53
2026-09-08T22:50:43.069264,find_party_candidates(3S),"SELECT p_code, p_type, company_name, person_name, Phone, Email, p_account FROM acc_party WHERE status = 1 AND system_id = %s AND p_type = %s AND (company_name LIKE %s OR person_name LIKE %s) LIMIT %s","(146, 'P', '3S%', '3S%', 200)",0,[],199.17
2026-09-08T22:50:43.273528,find_party_candidates(3S),"SELECT p_code, p_type, company_name, person_name, Phone, Email, p_account FROM acc_party WHERE status = 1 AND system_id = %s AND p_type = %s AND (company_name LIKE %s OR person_name LIKE %s) LIMIT %s","(146, 'P', '%3S%', '%3S%', 200)",0,[],203.62
2026-09-08T22:50:43.668300,find_party_candidates(3S),"SELECT p_code, p_type, company_name, person_name, Phone, Email, p_account FROM acc_party WHERE status = 1 AND system_id = %s AND (LOWER(TRIM(company_name))=LOWER(TRIM(%s)) OR LOWER(TRIM(person_name))=LOWER(TRIM(%s)))","(146, '3S', '3S')",1,"[{'p_code': 2010300629, 'p_type': 'C', 'company_name': '3S', 'person_name': 'Ali', 'Phone': None, 'Email': None, 'p_account': None}]",200.72
2026-09-08T22:50:43.867528,find_party_candidates(3S),"SELECT p_code, p_type, company_name, person_name, Phone, Email, p_account FROM acc_party WHERE status = 1 AND system_id = %s AND (company_name LIKE %s OR person_name LIKE %s) LIMIT %s","(146, '3S%', '3S%', 200)",2,"[{'p_code': 2010300629, 'p_type': 'C', 'company_name': '3S', 'person_name': 'Ali', 'Phone': None, 'Email': None, 'p_account': None}, {'p_code': 2010300639, 'p_type': 'C', 'company_name': '3s(ali)', 'person_name': '3s(ali)', 'Phone': None, 'Email': None, 'p_account': None}]",198.23
2026-09-08T22:50:44.100654,find_party_candidates(3S),"SELECT p_code, p_type, company_name, person_name, Phone, Email, p_account FROM acc_party WHERE status = 1 AND system_id = %s AND (company_name LIKE %s OR person_name LIKE %s) LIMIT %s","(146, '%3S%', '%3S%', 200)",2,"[{'p_code': 2010300629, 'p_type': 'C', 'company_name': '3S', 'person_name': 'Ali', 'Phone': None, 'Email': None, 'p_account': None}, {'p_code': 2010300639, 'p_type': 'C', 'company_name': '3s(ali)', 'person_name': '3s(ali)', 'Phone': None, 'Email': None, 'p_account': None}]",231.64
2026-09-08T22:51:15.834456,within_open_year,SELECT 1 FROM business_year WHERE by_system_id = %s AND (  (financial_year_start <= %s AND %s <= financial_year_end AND financial_year_status = 1)  OR (audit_year_start <= %s AND %s <= audit_year_end AND audit_year_status = 1)) LIMIT 1,"[146, '2026-09-08', '2026-09-08', '2026-09-08', '2026-09-08']",0,[],387.11
2026-09-08T22:51:16.256164,find_party_candidates(3S),"SELECT p_code, p_type, company_name, person_name, Phone, Email, p_account FROM acc_party WHERE status = 1 AND system_id = %s AND p_type = %s AND (LOWER(TRIM(company_name))=LOWER(TRIM(%s)) OR LOWER(TRIM(person_name))=LOWER(TRIM(%s)))","(146, 'P', '3S', '3S')",0,[],228.56
2026-09-08T22:51:16.457160,find_party_candidates(3S),"SELECT p_code, p_type, company_name, person_name, Phone, Email, p_account FROM acc_party WHERE status = 1 AND system_id = %s AND p_type = %s AND (company_name LIKE %s OR person_name LIKE %s) LIMIT %s","(146, 'P', '3S%', '3S%', 200)",0,[],201.00
2026-09-08T22:51:16.657115,find_party_candidates(3S),"SELECT p_code, p_type, company_name, person_name, Phone, Email, p_account FROM acc_party WHERE status = 1 AND system_id = %s AND p_type = %s AND (company_name LIKE %s OR person_name LIKE %s) LIMIT %s","(146, 'P', '%3S%', '%3S%', 200)",0,[],198.34
2026-09-08T22:51:17.053750,find_party_candidates(3S),"SELECT p_code, p_type, company_name, person_name, Phone, Email, p_account FROM acc_party WHERE status = 1 AND system_id = %s AND (LOWER(TRIM(company_name))=LOWER(TRIM(%s)) OR LOWER(TRIM(person_name))=LOWER(TRIM(%s)))","(146, '3S', '3S')",1,"[{'p_code': 2010300629, 'p_type': 'C', 'company_name': '3S', 'person_name': 'Ali', 'Phone': None, 'Email': None, 'p_account': None}]",201.19
2026-09-08T22:51:17.261131,find_party_candidates(3S),"SELECT p_code, p_type, company_name, person_name, Phone, Email, p_account FROM acc_party WHERE status = 1 AND system_id = %s AND (company_name LIKE %s OR person_name LIKE %s) LIMIT %s","(146, '3S%', '3S%', 200)",2,"[{'p_code': 2010300629, 'p_type': 'C', 'company_name': '3S', 'person_name': 'Ali', 'Phone': None, 'Email': None, 'p_account': None}, {'p_code': 2010300639, 'p_type': 'C', 'company_name': '3s(ali)', 'person_name': '3s(ali)', 'Phone': None, 'Email': None, 'p_account': None}]",206.08
2026-09-08T22:51:17.466057,find_party_candidates(3S),"SELECT p_code, p_type, company_name, person_name, Phone, Email, p_account FROM acc_party WHERE status = 1 AND system_id = %s AND (company_name LIKE %s OR person_name LIKE %s) LIMIT %s","(146, '%3S%', '%3S%', 200)",2,"[{'p_code': 2010300629, 'p_type': 'C', 'company_name': '3S', 'person_name': 'Ali', 'Phone': None, 'Email': None, 'p_account': None}, {'p_code': 2010300639, 'p_type': 'C', 'company_name': '3s(ali)', 'person_name': '3s(ali)', 'Phone': None, 'Email': None, 'p_account': None}]",203.43
2026-09-08T22:51:44.136566,within_open_year,SELECT 1 FROM business_year WHERE by_system_id = %s AND (  (financial_year_start <= %s AND %s <= financial_year_end AND financial_year_status = 1)  OR (audit_year_start <= %s AND %s <= audit_year_end AND audit_year_status = 1)) LIMIT 1,"[146, '2026-09-08', '2026-09-08', '2026-09-08', '2026-09-08']",0,[],388.87
2026-09-08T22:51:44.524113,commit_voucher.party,"SELECT p_code, p_type, company_name, person_name FROM acc_party WHERE p_code = %s AND system_id = %s LIMIT 1","['2010300629', 146]",1,"[{'p_code': 2010300629, 'p_type': 'C', 'company_name': '3S', 'person_name': 'Ali'}]",387.55
2026-09-08T22:52:05.662239,within_open_year,SELECT 1 FROM business_year WHERE by_system_id = %s AND (  (financial_year_start <= %s AND %s <= financial_year_end AND financial_year_status = 1)  OR (audit_year_start <= %s AND %s <= audit_year_end AND audit_year_status = 1)) LIMIT 1,"[146, '2026-09-08', '2026-09-08', '2026-09-08', '2026-09-08']",0,[],391.69
2026-09-08T22:52:06.054557,commit_voucher.party,"SELECT p_code, p_type, company_name, person_name FROM acc_party WHERE p_code = %s AND system_id = %s LIMIT 1","['2010300647', 146]",1,"[{'p_code': 2010300647, 'p_type': 'C', 'company_name': 'ABC Trading LLC', 'person_name': 'ABC Trading LLC'}]",391.56
2026-09-08T22:52:25.410902,within_open_year,SELECT 1 FROM business_year WHERE by_system_id = %s AND (  (financial_year_start <= %s AND %s <= financial_year_end AND financial_year_status = 1)  OR (audit_year_start <= %s AND %s <= audit_year_end AND audit_year_status = 1)) LIMIT 1,"[146, '2026-09-08', '2026-09-08', '2026-09-08', '2026-09-08']",0,[],388.99
2026-09-08T22:52:25.923371,commit_voucher.party,"SELECT p_code, p_type, company_name, person_name FROM acc_party WHERE p_code = %s AND system_id = %s LIMIT 1","['2010300647', 146]",1,"[{'p_code': 2010300647, 'p_type': 'C', 'company_name': 'ABC Trading LLC', 'person_name': 'ABC Trading LLC'}]",511.61
2026-09-08T22:52:28.179153,insert_voucher(261203000168),INSERT CRV,"[261203000168, '2010300647', '100045001', '3000100010005', 450.0]",1,['COMMIT OK'],1674.57
2026-09-08T22:55:35.590277,within_open_year,SELECT 1 FROM business_year WHERE by_system_id = %s AND (  (financial_year_start <= %s AND %s <= financial_year_end AND financial_year_status = 1)  OR (audit_year_start <= %s AND %s <= audit_year_end AND audit_year_status = 1)) LIMIT 1,"[146, '2026-09-08', '2026-09-08', '2026-09-08', '2026-09-08']",0,[],389.83
2026-09-08T22:55:35.983089,find_party_candidates(3S),"SELECT p_code, p_type, company_name, person_name, Phone, Email, p_account FROM acc_party WHERE status = 1 AND system_id = %s AND p_type = %s AND (LOWER(TRIM(company_name))=LOWER(TRIM(%s)) OR LOWER(TRIM(person_name))=LOWER(TRIM(%s)))","(146, 'P', '3S', '3S')",0,[],197.87
2026-09-08T22:55:36.186958,find_party_candidates(3S),"SELECT p_code, p_type, company_name, person_name, Phone, Email, p_account FROM acc_party WHERE status = 1 AND system_id = %s AND p_type = %s AND (company_name LIKE %s OR person_name LIKE %s) LIMIT %s","(146, 'P', '3S%', '3S%', 200)",0,[],203.87
2026-09-08T22:55:36.385844,find_party_candidates(3S),"SELECT p_code, p_type, company_name, person_name, Phone, Email, p_account FROM acc_party WHERE status = 1 AND system_id = %s AND p_type = %s AND (company_name LIKE %s OR person_name LIKE %s) LIMIT %s","(146, 'P', '%3S%', '%3S%', 200)",0,[],198.89
2026-09-08T22:55:36.779485,find_party_candidates(3S),"SELECT p_code, p_type, company_name, person_name, Phone, Email, p_account FROM acc_party WHERE status = 1 AND system_id = %s AND (LOWER(TRIM(company_name))=LOWER(TRIM(%s)) OR LOWER(TRIM(person_name))=LOWER(TRIM(%s)))","(146, '3S', '3S')",1,"[{'p_code': 2010300629, 'p_type': 'C', 'company_name': '3S', 'person_name': 'Ali', 'Phone': None, 'Email': None, 'p_account': None}]",200.24
2026-09-08T22:55:36.978109,find_party_candidates(3S),"SELECT p_code, p_type, company_name, person_name, Phone, Email, p_account FROM acc_party WHERE status = 1 AND system_id = %s AND (company_name LIKE %s OR person_name LIKE %s) LIMIT %s","(146, '3S%', '3S%', 200)",2,"[{'p_code': 2010300629, 'p_type': 'C', 'company_name': '3S', 'person_name': 'Ali', 'Phone': None, 'Email': None, 'p_account': None}, {'p_code': 2010300639, 'p_type': 'C', 'company_name': '3s(ali)', 'person_name': '3s(ali)', 'Phone': None, 'Email': None, 'p_account': None}]",197.67
2026-09-08T22:55:37.176203,find_party_candidates(3S),"SELECT p_code, p_type, company_name, person_name, Phone, Email, p_account FROM acc_party WHERE status = 1 AND system_id = %s AND (company_name LIKE %s OR person_name LIKE %s) LIMIT %s","(146, '%3S%', '%3S%', 200)",2,"[{'p_code': 2010300629, 'p_type': 'C', 'company_name': '3S', 'person_name': 'Ali', 'Phone': None, 'Email': None, 'p_account': None}, {'p_code': 2010300639, 'p_type': 'C', 'company_name': '3s(ali)', 'person_name': '3s(ali)', 'Phone': None, 'Email': None, 'p_account': None}]",198.09
2026-09-08T22:55:37.972425,get_chart,"SELECT trans_acc_id, trans_acc_desc, subsi_acc_id, subsi_acc_desc, trans_system_id     FROM (SELECT @system_id := %s p) parm, v_trans_accounts_m2     WHERE trans_acc_display = 1     ORDER BY SUBSTRING(trans_acc_id, 1, 1),              SUBSTRING(trans_acc_id, 1, 5),              acc_main_sort, sub_sort, acc_sort, trans_acc_id",[146],221,"[{'trans_acc_id': '1000100010001', 'trans_acc_desc': 'Bank of the west', 'subsi_acc_id': 100010001, 'subsi_acc_desc': 'Banks', 'trans_system_id': 146}, {'trans_acc_id': '1000100010002', 'trans_acc_desc': 'Bank of the Ozarks', 'subsi_acc_id': 100010001, 'subsi_acc_desc': 'Banks', 'trans_system_id': 146}, {'trans_acc_id': '1000100010003', 'trans_acc_desc': 'Bancorp South Bank', 'subsi_acc_id': 100010001, 'subsi_acc_desc': 'Banks', 'trans_system_id': 146}, {'trans_acc_id': '1000100010004', 'trans_a...",408.34
2026-09-08T23:11:06.673442,get_chart,"SELECT trans_acc_id, trans_acc_desc, subsi_acc_id, subsi_acc_desc, trans_system_id     FROM (SELECT @system_id := %s p) parm, v_trans_accounts_m2     WHERE trans_acc_display = 1     ORDER BY SUBSTRING(trans_acc_id, 1, 1),              SUBSTRING(trans_acc_id, 1, 5),              acc_main_sort, sub_sort, acc_sort, trans_acc_id",[146],221,"[{'trans_acc_id': '1000100010001', 'trans_acc_desc': 'Bank of the west', 'subsi_acc_id': 100010001, 'subsi_acc_desc': 'Banks', 'trans_system_id': 146}, {'trans_acc_id': '1000100010002', 'trans_acc_desc': 'Bank of the Ozarks', 'subsi_acc_id': 100010001, 'subsi_acc_desc': 'Banks', 'trans_system_id': 146}, {'trans_acc_id': '1000100010003', 'trans_acc_desc': 'Bancorp South Bank', 'subsi_acc_id': 100010001, 'subsi_acc_desc': 'Banks', 'trans_system_id': 146}, {'trans_acc_id': '1000100010004', 'trans_a...",402.52
2026-09-08T23:11:46.006878,tenants_using,SELECT COUNT(DISTINCT `acc_sub_system_id`) AS n FROM `account_sub_user` WHERE `acc_sub_id` = %s,['100045000'],1,[{'n': 1}],387.06
2026-09-08T23:16:29.919938,get_chart,"SELECT trans_acc_id, trans_acc_desc, subsi_acc_id, subsi_acc_desc, trans_system_id     FROM (SELECT @system_id := %s p) parm, v_trans_accounts_m2     WHERE trans_acc_display = 1     ORDER BY SUBSTRING(trans_acc_id, 1, 1),              SUBSTRING(trans_acc_id, 1, 5),              acc_main_sort, sub_sort, acc_sort, trans_acc_id",[146],221,"[{'trans_acc_id': '1000100010001', 'trans_acc_desc': 'Bank of the west', 'subsi_acc_id': 100010001, 'subsi_acc_desc': 'Banks', 'trans_system_id': 146}, {'trans_acc_id': '1000100010002', 'trans_acc_desc': 'Bank of the Ozarks', 'subsi_acc_id': 100010001, 'subsi_acc_desc': 'Banks', 'trans_system_id': 146}, {'trans_acc_id': '1000100010003', 'trans_acc_desc': 'Bancorp South Bank', 'subsi_acc_id': 100010001, 'subsi_acc_desc': 'Banks', 'trans_system_id': 146}, {'trans_acc_id': '1000100010004', 'trans_a...",406.04
2026-09-08T23:16:32.685442,tenants_using,SELECT COUNT(DISTINCT `acc_sub_system_id`) AS n FROM `account_sub_user` WHERE `acc_sub_id` = %s,['100045000'],1,[{'n': 1}],768.13
2026-09-08T23:16:36.544341,get_chart,"SELECT trans_acc_id, trans_acc_desc, subsi_acc_id, subsi_acc_desc, trans_system_id     FROM (SELECT @system_id := %s p) parm, v_trans_accounts_m2     WHERE trans_acc_display = 1     ORDER BY SUBSTRING(trans_acc_id, 1, 1),              SUBSTRING(trans_acc_id, 1, 5),              acc_main_sort, sub_sort, acc_sort, trans_acc_id",[146],221,"[{'trans_acc_id': '1000100010001', 'trans_acc_desc': 'Bank of the west', 'subsi_acc_id': 100010001, 'subsi_acc_desc': 'Banks', 'trans_system_id': 146}, {'trans_acc_id': '1000100010002', 'trans_acc_desc': 'Bank of the Ozarks', 'subsi_acc_id': 100010001, 'subsi_acc_desc': 'Banks', 'trans_system_id': 146}, {'trans_acc_id': '1000100010003', 'trans_acc_desc': 'Bancorp South Bank', 'subsi_acc_id': 100010001, 'subsi_acc_desc': 'Banks', 'trans_system_id': 146}, {'trans_acc_id': '1000100010004', 'trans_a...",446.58
2026-09-08T23:16:43.583981,list_parties,"SELECT p_code, p_type, company_name, person_name, Email, Phone,        p_account, status FROM acc_party WHERE system_id = %s AND status = 1 ORDER BY p_type, company_name LIMIT %s","[146, 500]",124,"[{'p_code': 2010300629, 'p_type': 'C', 'company_name': '3S', 'person_name': 'Ali', 'Email': None, 'Phone': None, 'p_account': None, 'status': 1}, {'p_code': 2010300639, 'p_type': 'C', 'company_name': '3s(ali)', 'person_name': '3s(ali)', 'Email': None, 'Phone': None, 'p_account': None, 'status': 1}, {'p_code': 2010300647, 'p_type': 'C', 'company_name': 'ABC Trading LLC', 'person_name': 'ABC Trading LLC', 'Email': 'billing@abctrading.com', 'Phone': '555-123-4567', 'p_account': None, 'status': 1}, ...",852.30
2026-09-08T23:16:46.304009,list_parties,"SELECT p_code, p_type, company_name, person_name, Email, Phone,        p_account, status FROM acc_party WHERE system_id = %s AND status = 1 ORDER BY p_type, company_name LIMIT %s","[146, 500]",124,"[{'p_code': 2010300629, 'p_type': 'C', 'company_name': '3S', 'person_name': 'Ali', 'Email': None, 'Phone': None, 'p_account': None, 'status': 1}, {'p_code': 2010300639, 'p_type': 'C', 'company_name': '3s(ali)', 'person_name': '3s(ali)', 'Email': None, 'Phone': None, 'p_account': None, 'status': 1}, {'p_code': 2010300647, 'p_type': 'C', 'company_name': 'ABC Trading LLC', 'person_name': 'ABC Trading LLC', 'Email': 'billing@abctrading.com', 'Phone': '555-123-4567', 'p_account': None, 'status': 1}, ...",758.99
2026-09-08T23:26:09.725015,list_vouchers,"SELECT m.at_id, m.at_doc_type, m.at_date, m.at_m_amount, m.at_status,        m.at_remarks, m.at_cheque_no, m.at_party_code,        COALESCE(p.company_name, p.person_name) AS party_name,        (SELECT COUNT(*) FROM acc_trans_reconcile r          WHERE r.at_id = m.at_id AND r.at_system_id = m.system_id            AND r.at_acc_reconcile = 1) AS reconciled FROM acc_trans_m m LEFT JOIN acc_party p ON p.p_code = m.at_party_code AND p.system_id = m.system_id WHERE m.system_id = %s AND m.at_doc_type IN (%s, %s) AND DATE(m.at_date) = %s ORDER BY m.at_id DESC LIMIT %s","[146, '01', '02', '2026-06-07', 200]",7,"[{'at_id': 261203000167, 'at_doc_type': '01', 'at_date': datetime.datetime(2026, 6, 7, 0, 0), 'at_m_amount': Decimal('8750.00'), 'at_status': '1', 'at_remarks': 'Healthcare Services', 'at_cheque_no': None, 'at_party_code': '2010300642', 'party_name': 'Acme CORP', 'reconciled': 0}, {'at_id': 261203000161, 'at_doc_type': '01', 'at_date': datetime.datetime(2026, 6, 7, 0, 0), 'at_m_amount': Decimal('8750.00'), 'at_status': '1', 'at_remarks': 'Healthcare Services', 'at_cheque_no': None, 'at_party_cod...",823.24
2026-09-08T23:41:08.152023,get_chart,"SELECT trans_acc_id, trans_acc_desc, subsi_acc_id, subsi_acc_desc, trans_system_id     FROM (SELECT @system_id := %s p) parm, v_trans_accounts_m2     WHERE trans_acc_display = 1     ORDER BY SUBSTRING(trans_acc_id, 1, 1),              SUBSTRING(trans_acc_id, 1, 5),              acc_main_sort, sub_sort, acc_sort, trans_acc_id",[146],221,"[{'trans_acc_id': '1000100010001', 'trans_acc_desc': 'Bank of the west', 'subsi_acc_id': 100010001, 'subsi_acc_desc': 'Banks', 'trans_system_id': 146}, {'trans_acc_id': '1000100010002', 'trans_acc_desc': 'Bank of the Ozarks', 'subsi_acc_id': 100010001, 'subsi_acc_desc': 'Banks', 'trans_system_id': 146}, {'trans_acc_id': '1000100010003', 'trans_acc_desc': 'Bancorp South Bank', 'subsi_acc_id': 100010001, 'subsi_acc_desc': 'Banks', 'trans_system_id': 146}, {'trans_acc_id': '1000100010004', 'trans_a...",626.39
2026-09-08T23:41:14.855710,get_chart,"SELECT trans_acc_id, trans_acc_desc, subsi_acc_id, subsi_acc_desc, trans_system_id     FROM (SELECT @system_id := %s p) parm, v_trans_accounts_m2     WHERE trans_acc_display = 1     ORDER BY SUBSTRING(trans_acc_id, 1, 1),              SUBSTRING(trans_acc_id, 1, 5),              acc_main_sort, sub_sort, acc_sort, trans_acc_id",[146],221,"[{'trans_acc_id': '1000100010001', 'trans_acc_desc': 'Bank of the west', 'subsi_acc_id': 100010001, 'subsi_acc_desc': 'Banks', 'trans_system_id': 146}, {'trans_acc_id': '1000100010002', 'trans_acc_desc': 'Bank of the Ozarks', 'subsi_acc_id': 100010001, 'subsi_acc_desc': 'Banks', 'trans_system_id': 146}, {'trans_acc_id': '1000100010003', 'trans_acc_desc': 'Bancorp South Bank', 'subsi_acc_id': 100010001, 'subsi_acc_desc': 'Banks', 'trans_system_id': 146}, {'trans_acc_id': '1000100010004', 'trans_a...",472.99
2026-09-08T23:41:29.206407,list_parties,"SELECT p_code, p_type, company_name, person_name, Email, Phone,        p_account, status FROM acc_party WHERE system_id = %s AND status = 1 ORDER BY p_type, company_name LIMIT %s","[146, 500]",124,"[{'p_code': 2010300629, 'p_type': 'C', 'company_name': '3S', 'person_name': 'Ali', 'Email': None, 'Phone': None, 'p_account': None, 'status': 1}, {'p_code': 2010300639, 'p_type': 'C', 'company_name': '3s(ali)', 'person_name': '3s(ali)', 'Email': None, 'Phone': None, 'p_account': None, 'status': 1}, {'p_code': 2010300647, 'p_type': 'C', 'company_name': 'ABC Trading LLC', 'person_name': 'ABC Trading LLC', 'Email': 'billing@abctrading.com', 'Phone': '555-123-4567', 'p_account': None, 'status': 1}, ...",858.20
2026-09-08T23:41:36.991678,list_parties,"SELECT p_code, p_type, company_name, person_name, Email, Phone,        p_account, status FROM acc_party WHERE system_id = %s AND status = 1 ORDER BY p_type, company_name LIMIT %s","[146, 500]",124,"[{'p_code': 2010300629, 'p_type': 'C', 'company_name': '3S', 'person_name': 'Ali', 'Email': None, 'Phone': None, 'p_account': None, 'status': 1}, {'p_code': 2010300639, 'p_type': 'C', 'company_name': '3s(ali)', 'person_name': '3s(ali)', 'Email': None, 'Phone': None, 'p_account': None, 'status': 1}, {'p_code': 2010300647, 'p_type': 'C', 'company_name': 'ABC Trading LLC', 'person_name': 'ABC Trading LLC', 'Email': 'billing@abctrading.com', 'Phone': '555-123-4567', 'p_account': None, 'status': 1}, ...",1624.67
2026-09-08T23:41:43.340915,get_chart,"SELECT trans_acc_id, trans_acc_desc, subsi_acc_id, subsi_acc_desc, trans_system_id     FROM (SELECT @system_id := %s p) parm, v_trans_accounts_m2     WHERE trans_acc_display = 1     ORDER BY SUBSTRING(trans_acc_id, 1, 1),              SUBSTRING(trans_acc_id, 1, 5),              acc_main_sort, sub_sort, acc_sort, trans_acc_id",[146],221,"[{'trans_acc_id': '1000100010001', 'trans_acc_desc': 'Bank of the west', 'subsi_acc_id': 100010001, 'subsi_acc_desc': 'Banks', 'trans_system_id': 146}, {'trans_acc_id': '1000100010002', 'trans_acc_desc': 'Bank of the Ozarks', 'subsi_acc_id': 100010001, 'subsi_acc_desc': 'Banks', 'trans_system_id': 146}, {'trans_acc_id': '1000100010003', 'trans_acc_desc': 'Bancorp South Bank', 'subsi_acc_id': 100010001, 'subsi_acc_desc': 'Banks', 'trans_system_id': 146}, {'trans_acc_id': '1000100010004', 'trans_a...",447.37
2026-09-08T23:41:49.664215,get_chart,"SELECT trans_acc_id, trans_acc_desc, subsi_acc_id, subsi_acc_desc, trans_system_id     FROM (SELECT @system_id := %s p) parm, v_trans_accounts_m2     WHERE trans_acc_display = 1     ORDER BY SUBSTRING(trans_acc_id, 1, 1),              SUBSTRING(trans_acc_id, 1, 5),              acc_main_sort, sub_sort, acc_sort, trans_acc_id",[146],221,"[{'trans_acc_id': '1000100010001', 'trans_acc_desc': 'Bank of the west', 'subsi_acc_id': 100010001, 'subsi_acc_desc': 'Banks', 'trans_system_id': 146}, {'trans_acc_id': '1000100010002', 'trans_acc_desc': 'Bank of the Ozarks', 'subsi_acc_id': 100010001, 'subsi_acc_desc': 'Banks', 'trans_system_id': 146}, {'trans_acc_id': '1000100010003', 'trans_acc_desc': 'Bancorp South Bank', 'subsi_acc_id': 100010001, 'subsi_acc_desc': 'Banks', 'trans_system_id': 146}, {'trans_acc_id': '1000100010004', 'trans_a...",462.12
2026-09-08T23:42:07.202571,list_parties,"SELECT p_code, p_type, company_name, person_name, Email, Phone,        p_account, status FROM acc_party WHERE system_id = %s AND status = 1 ORDER BY p_type, company_name LIMIT %s","[146, 500]",124,"[{'p_code': 2010300629, 'p_type': 'C', 'company_name': '3S', 'person_name': 'Ali', 'Email': None, 'Phone': None, 'p_account': None, 'status': 1}, {'p_code': 2010300639, 'p_type': 'C', 'company_name': '3s(ali)', 'person_name': '3s(ali)', 'Email': None, 'Phone': None, 'p_account': None, 'status': 1}, {'p_code': 2010300647, 'p_type': 'C', 'company_name': 'ABC Trading LLC', 'person_name': 'ABC Trading LLC', 'Email': 'billing@abctrading.com', 'Phone': '555-123-4567', 'p_account': None, 'status': 1}, ...",835.88
2026-09-08T23:42:17.838400,list_parties,"SELECT p_code, p_type, company_name, person_name, Email, Phone,        p_account, status FROM acc_party WHERE system_id = %s AND status = 1 ORDER BY p_type, company_name LIMIT %s","[146, 500]",124,"[{'p_code': 2010300629, 'p_type': 'C', 'company_name': '3S', 'person_name': 'Ali', 'Email': None, 'Phone': None, 'p_account': None, 'status': 1}, {'p_code': 2010300639, 'p_type': 'C', 'company_name': '3s(ali)', 'person_name': '3s(ali)', 'Email': None, 'Phone': None, 'p_account': None, 'status': 1}, {'p_code': 2010300647, 'p_type': 'C', 'company_name': 'ABC Trading LLC', 'person_name': 'ABC Trading LLC', 'Email': 'billing@abctrading.com', 'Phone': '555-123-4567', 'p_account': None, 'status': 1}, ...",950.73
2026-09-08T23:42:27.752483,get_chart,"SELECT trans_acc_id, trans_acc_desc, subsi_acc_id, subsi_acc_desc, trans_system_id     FROM (SELECT @system_id := %s p) parm, v_trans_accounts_m2     WHERE trans_acc_display = 1     ORDER BY SUBSTRING(trans_acc_id, 1, 1),              SUBSTRING(trans_acc_id, 1, 5),              acc_main_sort, sub_sort, acc_sort, trans_acc_id",[146],221,"[{'trans_acc_id': '1000100010001', 'trans_acc_desc': 'Bank of the west', 'subsi_acc_id': 100010001, 'subsi_acc_desc': 'Banks', 'trans_system_id': 146}, {'trans_acc_id': '1000100010002', 'trans_acc_desc': 'Bank of the Ozarks', 'subsi_acc_id': 100010001, 'subsi_acc_desc': 'Banks', 'trans_system_id': 146}, {'trans_acc_id': '1000100010003', 'trans_acc_desc': 'Bancorp South Bank', 'subsi_acc_id': 100010001, 'subsi_acc_desc': 'Banks', 'trans_system_id': 146}, {'trans_acc_id': '1000100010004', 'trans_a...",446.00
2026-09-08T23:42:32.744191,get_chart,"SELECT trans_acc_id, trans_acc_desc, subsi_acc_id, subsi_acc_desc, trans_system_id     FROM (SELECT @system_id := %s p) parm, v_trans_accounts_m2     WHERE trans_acc_display = 1     ORDER BY SUBSTRING(trans_acc_id, 1, 1),              SUBSTRING(trans_acc_id, 1, 5),              acc_main_sort, sub_sort, acc_sort, trans_acc_id",[146],221,"[{'trans_acc_id': '1000100010001', 'trans_acc_desc': 'Bank of the west', 'subsi_acc_id': 100010001, 'subsi_acc_desc': 'Banks', 'trans_system_id': 146}, {'trans_acc_id': '1000100010002', 'trans_acc_desc': 'Bank of the Ozarks', 'subsi_acc_id': 100010001, 'subsi_acc_desc': 'Banks', 'trans_system_id': 146}, {'trans_acc_id': '1000100010003', 'trans_acc_desc': 'Bancorp South Bank', 'subsi_acc_id': 100010001, 'subsi_acc_desc': 'Banks', 'trans_system_id': 146}, {'trans_acc_id': '1000100010004', 'trans_a...",477.57
2026-09-08T23:42:53.643260,list_parties,"SELECT p_code, p_type, company_name, person_name, Email, Phone,        p_account, status FROM acc_party WHERE system_id = %s AND status = 1 ORDER BY p_type, company_name LIMIT %s","[146, 500]",124,"[{'p_code': 2010300629, 'p_type': 'C', 'company_name': '3S', 'person_name': 'Ali', 'Email': None, 'Phone': None, 'p_account': None, 'status': 1}, {'p_code': 2010300639, 'p_type': 'C', 'company_name': '3s(ali)', 'person_name': '3s(ali)', 'Email': None, 'Phone': None, 'p_account': None, 'status': 1}, {'p_code': 2010300647, 'p_type': 'C', 'company_name': 'ABC Trading LLC', 'person_name': 'ABC Trading LLC', 'Email': 'billing@abctrading.com', 'Phone': '555-123-4567', 'p_account': None, 'status': 1}, ...",825.86
2026-09-08T23:42:58.892151,list_parties,"SELECT p_code, p_type, company_name, person_name, Email, Phone,        p_account, status FROM acc_party WHERE system_id = %s AND status = 1 ORDER BY p_type, company_name LIMIT %s","[146, 500]",124,"[{'p_code': 2010300629, 'p_type': 'C', 'company_name': '3S', 'person_name': 'Ali', 'Email': None, 'Phone': None, 'p_account': None, 'status': 1}, {'p_code': 2010300639, 'p_type': 'C', 'company_name': '3s(ali)', 'person_name': '3s(ali)', 'Email': None, 'Phone': None, 'p_account': None, 'status': 1}, {'p_code': 2010300647, 'p_type': 'C', 'company_name': 'ABC Trading LLC', 'person_name': 'ABC Trading LLC', 'Email': 'billing@abctrading.com', 'Phone': '555-123-4567', 'p_account': None, 'status': 1}, ...",811.83
2026-09-08T23:43:47.897543,get_chart,"SELECT trans_acc_id, trans_acc_desc, subsi_acc_id, subsi_acc_desc, trans_system_id     FROM (SELECT @system_id := %s p) parm, v_trans_accounts_m2     WHERE trans_acc_display = 1     ORDER BY SUBSTRING(trans_acc_id, 1, 1),              SUBSTRING(trans_acc_id, 1, 5),              acc_main_sort, sub_sort, acc_sort, trans_acc_id",[146],221,"[{'trans_acc_id': '1000100010001', 'trans_acc_desc': 'Bank of the west', 'subsi_acc_id': 100010001, 'subsi_acc_desc': 'Banks', 'trans_system_id': 146}, {'trans_acc_id': '1000100010002', 'trans_acc_desc': 'Bank of the Ozarks', 'subsi_acc_id': 100010001, 'subsi_acc_desc': 'Banks', 'trans_system_id': 146}, {'trans_acc_id': '1000100010003', 'trans_acc_desc': 'Bancorp South Bank', 'subsi_acc_id': 100010001, 'subsi_acc_desc': 'Banks', 'trans_system_id': 146}, {'trans_acc_id': '1000100010004', 'trans_a...",474.38
2026-09-08T23:43:56.419353,get_chart,"SELECT trans_acc_id, trans_acc_desc, subsi_acc_id, subsi_acc_desc, trans_system_id     FROM (SELECT @system_id := %s p) parm, v_trans_accounts_m2     WHERE trans_acc_display = 1     ORDER BY SUBSTRING(trans_acc_id, 1, 1),              SUBSTRING(trans_acc_id, 1, 5),              acc_main_sort, sub_sort, acc_sort, trans_acc_id",[146],221,"[{'trans_acc_id': '1000100010001', 'trans_acc_desc': 'Bank of the west', 'subsi_acc_id': 100010001, 'subsi_acc_desc': 'Banks', 'trans_system_id': 146}, {'trans_acc_id': '1000100010002', 'trans_acc_desc': 'Bank of the Ozarks', 'subsi_acc_id': 100010001, 'subsi_acc_desc': 'Banks', 'trans_system_id': 146}, {'trans_acc_id': '1000100010003', 'trans_acc_desc': 'Bancorp South Bank', 'subsi_acc_id': 100010001, 'subsi_acc_desc': 'Banks', 'trans_system_id': 146}, {'trans_acc_id': '1000100010004', 'trans_a...",455.00
2026-09-08T23:44:41.381567,get_chart,"SELECT trans_acc_id, trans_acc_desc, subsi_acc_id, subsi_acc_desc, trans_system_id     FROM (SELECT @system_id := %s p) parm, v_trans_accounts_m2     WHERE trans_acc_display = 1     ORDER BY SUBSTRING(trans_acc_id, 1, 1),              SUBSTRING(trans_acc_id, 1, 5),              acc_main_sort, sub_sort, acc_sort, trans_acc_id",[146],221,"[{'trans_acc_id': '1000100010001', 'trans_acc_desc': 'Bank of the west', 'subsi_acc_id': 100010001, 'subsi_acc_desc': 'Banks', 'trans_system_id': 146}, {'trans_acc_id': '1000100010002', 'trans_acc_desc': 'Bank of the Ozarks', 'subsi_acc_id': 100010001, 'subsi_acc_desc': 'Banks', 'trans_system_id': 146}, {'trans_acc_id': '1000100010003', 'trans_acc_desc': 'Bancorp South Bank', 'subsi_acc_id': 100010001, 'subsi_acc_desc': 'Banks', 'trans_system_id': 146}, {'trans_acc_id': '1000100010004', 'trans_a...",457.69
2026-09-08T23:44:46.393900,get_chart,"SELECT trans_acc_id, trans_acc_desc, subsi_acc_id, subsi_acc_desc, trans_system_id     FROM (SELECT @system_id := %s p) parm, v_trans_accounts_m2     WHERE trans_acc_display = 1     ORDER BY SUBSTRING(trans_acc_id, 1, 1),              SUBSTRING(trans_acc_id, 1, 5),              acc_main_sort, sub_sort, acc_sort, trans_acc_id",[146],221,"[{'trans_acc_id': '1000100010001', 'trans_acc_desc': 'Bank of the west', 'subsi_acc_id': 100010001, 'subsi_acc_desc': 'Banks', 'trans_system_id': 146}, {'trans_acc_id': '1000100010002', 'trans_acc_desc': 'Bank of the Ozarks', 'subsi_acc_id': 100010001, 'subsi_acc_desc': 'Banks', 'trans_system_id': 146}, {'trans_acc_id': '1000100010003', 'trans_acc_desc': 'Bancorp South Bank', 'subsi_acc_id': 100010001, 'subsi_acc_desc': 'Banks', 'trans_system_id': 146}, {'trans_acc_id': '1000100010004', 'trans_a...",457.93
2026-09-08T23:44:54.682737,list_parties,"SELECT p_code, p_type, company_name, person_name, Email, Phone,        p_account, status FROM acc_party WHERE system_id = %s AND status = 1 ORDER BY p_type, company_name LIMIT %s","[146, 500]",124,"[{'p_code': 2010300629, 'p_type': 'C', 'company_name': '3S', 'person_name': 'Ali', 'Email': None, 'Phone': None, 'p_account': None, 'status': 1}, {'p_code': 2010300639, 'p_type': 'C', 'company_name': '3s(ali)', 'person_name': '3s(ali)', 'Email': None, 'Phone': None, 'p_account': None, 'status': 1}, {'p_code': 2010300647, 'p_type': 'C', 'company_name': 'ABC Trading LLC', 'person_name': 'ABC Trading LLC', 'Email': 'billing@abctrading.com', 'Phone': '555-123-4567', 'p_account': None, 'status': 1}, ...",807.81
2026-09-08T23:44:57.635734,list_parties,"SELECT p_code, p_type, company_name, person_name, Email, Phone,        p_account, status FROM acc_party WHERE system_id = %s AND status = 1 ORDER BY p_type, company_name LIMIT %s","[146, 500]",124,"[{'p_code': 2010300629, 'p_type': 'C', 'company_name': '3S', 'person_name': 'Ali', 'Email': None, 'Phone': None, 'p_account': None, 'status': 1}, {'p_code': 2010300639, 'p_type': 'C', 'company_name': '3s(ali)', 'person_name': '3s(ali)', 'Email': None, 'Phone': None, 'p_account': None, 'status': 1}, {'p_code': 2010300647, 'p_type': 'C', 'company_name': 'ABC Trading LLC', 'person_name': 'ABC Trading LLC', 'Email': 'billing@abctrading.com', 'Phone': '555-123-4567', 'p_account': None, 'status': 1}, ...",789.17
2026-09-09T00:01:54.771616,get_chart,"SELECT trans_acc_id, trans_acc_desc, subsi_acc_id, subsi_acc_desc, trans_system_id     FROM (SELECT @system_id := %s p) parm, v_trans_accounts_m2     WHERE trans_acc_display = 1     ORDER BY SUBSTRING(trans_acc_id, 1, 1),              SUBSTRING(trans_acc_id, 1, 5),              acc_main_sort, sub_sort, acc_sort, trans_acc_id",[146],221,"[{'trans_acc_id': '1000100010001', 'trans_acc_desc': 'Bank of the west', 'subsi_acc_id': 100010001, 'subsi_acc_desc': 'Banks', 'trans_system_id': 146}, {'trans_acc_id': '1000100010002', 'trans_acc_desc': 'Bank of the Ozarks', 'subsi_acc_id': 100010001, 'subsi_acc_desc': 'Banks', 'trans_system_id': 146}, {'trans_acc_id': '1000100010003', 'trans_acc_desc': 'Bancorp South Bank', 'subsi_acc_id': 100010001, 'subsi_acc_desc': 'Banks', 'trans_system_id': 146}, {'trans_acc_id': '1000100010004', 'trans_a...",406.83
2026-09-09T00:01:58.356649,get_chart,"SELECT trans_acc_id, trans_acc_desc, subsi_acc_id, subsi_acc_desc, trans_system_id     FROM (SELECT @system_id := %s p) parm, v_trans_accounts_m2     WHERE trans_acc_display = 1     ORDER BY SUBSTRING(trans_acc_id, 1, 1),              SUBSTRING(trans_acc_id, 1, 5),              acc_main_sort, sub_sort, acc_sort, trans_acc_id",[146],221,"[{'trans_acc_id': '1000100010001', 'trans_acc_desc': 'Bank of the west', 'subsi_acc_id': 100010001, 'subsi_acc_desc': 'Banks', 'trans_system_id': 146}, {'trans_acc_id': '1000100010002', 'trans_acc_desc': 'Bank of the Ozarks', 'subsi_acc_id': 100010001, 'subsi_acc_desc': 'Banks', 'trans_system_id': 146}, {'trans_acc_id': '1000100010003', 'trans_acc_desc': 'Bancorp South Bank', 'subsi_acc_id': 100010001, 'subsi_acc_desc': 'Banks', 'trans_system_id': 146}, {'trans_acc_id': '1000100010004', 'trans_a...",406.75
2026-09-09T00:02:05.611714,list_parties,"SELECT p_code, p_type, company_name, person_name, Email, Phone,        p_account, status FROM acc_party WHERE system_id = %s AND status = 1 ORDER BY p_type, company_name LIMIT %s","[146, 500]",124,"[{'p_code': 2010300629, 'p_type': 'C', 'company_name': '3S', 'person_name': 'Ali', 'Email': None, 'Phone': None, 'p_account': None, 'status': 1}, {'p_code': 2010300639, 'p_type': 'C', 'company_name': '3s(ali)', 'person_name': '3s(ali)', 'Email': None, 'Phone': None, 'p_account': None, 'status': 1}, {'p_code': 2010300647, 'p_type': 'C', 'company_name': 'ABC Trading LLC', 'person_name': 'ABC Trading LLC', 'Email': 'billing@abctrading.com', 'Phone': '555-123-4567', 'p_account': None, 'status': 1}, ...",813.93
2026-09-09T00:02:08.683326,list_parties,"SELECT p_code, p_type, company_name, person_name, Email, Phone,        p_account, status FROM acc_party WHERE system_id = %s AND status = 1 ORDER BY p_type, company_name LIMIT %s","[146, 500]",124,"[{'p_code': 2010300629, 'p_type': 'C', 'company_name': '3S', 'person_name': 'Ali', 'Email': None, 'Phone': None, 'p_account': None, 'status': 1}, {'p_code': 2010300639, 'p_type': 'C', 'company_name': '3s(ali)', 'person_name': '3s(ali)', 'Email': None, 'Phone': None, 'p_account': None, 'status': 1}, {'p_code': 2010300647, 'p_type': 'C', 'company_name': 'ABC Trading LLC', 'person_name': 'ABC Trading LLC', 'Email': 'billing@abctrading.com', 'Phone': '555-123-4567', 'p_account': None, 'status': 1}, ...",847.36
2026-09-09T00:02:52.473143,get_chart,"SELECT trans_acc_id, trans_acc_desc, subsi_acc_id, subsi_acc_desc, trans_system_id     FROM (SELECT @system_id := %s p) parm, v_trans_accounts_m2     WHERE trans_acc_display = 1     ORDER BY SUBSTRING(trans_acc_id, 1, 1),              SUBSTRING(trans_acc_id, 1, 5),              acc_main_sort, sub_sort, acc_sort, trans_acc_id",[146],221,"[{'trans_acc_id': '1000100010001', 'trans_acc_desc': 'Bank of the west', 'subsi_acc_id': 100010001, 'subsi_acc_desc': 'Banks', 'trans_system_id': 146}, {'trans_acc_id': '1000100010002', 'trans_acc_desc': 'Bank of the Ozarks', 'subsi_acc_id': 100010001, 'subsi_acc_desc': 'Banks', 'trans_system_id': 146}, {'trans_acc_id': '1000100010003', 'trans_acc_desc': 'Bancorp South Bank', 'subsi_acc_id': 100010001, 'subsi_acc_desc': 'Banks', 'trans_system_id': 146}, {'trans_acc_id': '1000100010004', 'trans_a...",405.67
2026-09-09T00:02:56.061000,get_chart,"SELECT trans_acc_id, trans_acc_desc, subsi_acc_id, subsi_acc_desc, trans_system_id     FROM (SELECT @system_id := %s p) parm, v_trans_accounts_m2     WHERE trans_acc_display = 1     ORDER BY SUBSTRING(trans_acc_id, 1, 1),              SUBSTRING(trans_acc_id, 1, 5),              acc_main_sort, sub_sort, acc_sort, trans_acc_id",[146],221,"[{'trans_acc_id': '1000100010001', 'trans_acc_desc': 'Bank of the west', 'subsi_acc_id': 100010001, 'subsi_acc_desc': 'Banks', 'trans_system_id': 146}, {'trans_acc_id': '1000100010002', 'trans_acc_desc': 'Bank of the Ozarks', 'subsi_acc_id': 100010001, 'subsi_acc_desc': 'Banks', 'trans_system_id': 146}, {'trans_acc_id': '1000100010003', 'trans_acc_desc': 'Bancorp South Bank', 'subsi_acc_id': 100010001, 'subsi_acc_desc': 'Banks', 'trans_system_id': 146}, {'trans_acc_id': '1000100010004', 'trans_a...",409.51
2026-09-09T00:03:02.792077,list_parties,"SELECT p_code, p_type, company_name, person_name, Email, Phone,        p_account, status FROM acc_party WHERE system_id = %s AND status = 1 ORDER BY p_type, company_name LIMIT %s","[146, 500]",124,"[{'p_code': 2010300629, 'p_type': 'C', 'company_name': '3S', 'person_name': 'Ali', 'Email': None, 'Phone': None, 'p_account': None, 'status': 1}, {'p_code': 2010300639, 'p_type': 'C', 'company_name': '3s(ali)', 'person_name': '3s(ali)', 'Email': None, 'Phone': None, 'p_account': None, 'status': 1}, {'p_code': 2010300647, 'p_type': 'C', 'company_name': 'ABC Trading LLC', 'person_name': 'ABC Trading LLC', 'Email': 'billing@abctrading.com', 'Phone': '555-123-4567', 'p_account': None, 'status': 1}, ...",794.17
2026-09-09T00:03:05.573910,list_parties,"SELECT p_code, p_type, company_name, person_name, Email, Phone,        p_account, status FROM acc_party WHERE system_id = %s AND status = 1 ORDER BY p_type, company_name LIMIT %s","[146, 500]",124,"[{'p_code': 2010300629, 'p_type': 'C', 'company_name': '3S', 'person_name': 'Ali', 'Email': None, 'Phone': None, 'p_account': None, 'status': 1}, {'p_code': 2010300639, 'p_type': 'C', 'company_name': '3s(ali)', 'person_name': '3s(ali)', 'Email': None, 'Phone': None, 'p_account': None, 'status': 1}, {'p_code': 2010300647, 'p_type': 'C', 'company_name': 'ABC Trading LLC', 'person_name': 'ABC Trading LLC', 'Email': 'billing@abctrading.com', 'Phone': '555-123-4567', 'p_account': None, 'status': 1}, ...",797.72
2026-09-09T00:03:17.427844,fetch_voucher.master,"SELECT at_id, at_date, at_doc_type, at_desc, at_remarks, at_memo,        at_m_amount, at_party_code, at_bank, at_bank_acc, at_cheque_no,        at_cheque_date, at_status, at_cr_user, at_cr_date, at_up_user, at_up_date FROM acc_trans_m WHERE at_id = %s AND system_id = %s","['260902000001', 146]",0,[],765.90
2026-09-09T00:03:28.383496,get_records,"SELECT at_id, at_doc_type, at_desc, at_remarks, at_m_amount, at_date FROM acc_trans_m WHERE at_doc_type IN (%s,%s) AND system_id = %s AND at_status >= 1 ORDER BY at_id DESC LIMIT %s","['01', '02', 146, 10]",10,"[{'at_id': 261203000168, 'at_doc_type': '01', 'at_desc': 'Receipt Voucher', 'at_remarks': 'Healthcare services', 'at_m_amount': Decimal('450.00'), 'at_date': datetime.datetime(2026, 9, 8, 0, 0)}, {'at_id': 261203000167, 'at_doc_type': '01', 'at_desc': 'Receipt Voucher', 'at_remarks': 'Healthcare Services', 'at_m_amount': Decimal('8750.00'), 'at_date': datetime.datetime(2026, 6, 7, 0, 0)}, {'at_id': 261203000166, 'at_doc_type': '01', 'at_desc': 'Receipt Voucher', 'at_remarks': 'Repair and Mainten...",397.15
2026-09-09T00:03:35.112929,fetch_voucher.master,"SELECT at_id, at_date, at_doc_type, at_desc, at_remarks, at_memo,        at_m_amount, at_party_code, at_bank, at_bank_acc, at_cheque_no,        at_cheque_date, at_status, at_cr_user, at_cr_date, at_up_user, at_up_date FROM acc_trans_m WHERE at_id = %s AND system_id = %s","['261203000168', 146]",1,"[{'at_id': 261203000168, 'at_date': datetime.datetime(2026, 9, 8, 0, 0), 'at_doc_type': '01', 'at_desc': 'Receipt Voucher', 'at_remarks': 'Healthcare services', 'at_memo': 'Healthcare services', 'at_m_amount': Decimal('450.00'), 'at_party_code': '2010300647', 'at_bank': 'Bank of Amerc', 'at_bank_acc': '100045001', 'at_cheque_no': None, 'at_cheque_date': None, 'at_status': '1', 'at_cr_user': '86', 'at_cr_date': datetime.datetime(2026, 9, 8, 22, 52, 27), 'at_up_user': None, 'at_up_date': None}]",384.90
2026-09-09T00:03:35.503669,fetch_voucher.legs,"SELECT at_sno, at_acc_code, at_dc_type, at_amount, at_remarks, atd_date, atd_party FROM acc_trans_d WHERE at_id = %s AND at_system_id = %s ORDER BY at_sno","['261203000168', 146]",2,"[{'at_sno': 1, 'at_acc_code': 100045001, 'at_dc_type': 'D', 'at_amount': Decimal('450.00'), 'at_remarks': 'Healthcare services', 'atd_date': datetime.date(2026, 9, 8), 'atd_party': '2010300647'}, {'at_sno': 2, 'at_acc_code': 3000100010005, 'at_dc_type': 'C', 'at_amount': Decimal('-450.00'), 'at_remarks': 'Healthcare services', 'atd_date': datetime.date(2026, 9, 8), 'atd_party': '2010300647'}]",390.74
2026-09-09T00:03:35.889222,fetch_voucher.reconciled,SELECT COUNT(*) AS n FROM acc_trans_reconcile WHERE at_id = %s AND at_system_id = %s AND at_acc_reconcile = 1,"['261203000168', 146]",1,[{'n': 0}],385.55
2026-09-09T00:03:36.272915,fetch_voucher.party,"SELECT p_code, p_type, company_name, person_name FROM acc_party WHERE p_code = %s AND system_id = %s LIMIT 1","['2010300647', 146]",1,"[{'p_code': 2010300647, 'p_type': 'C', 'company_name': 'ABC Trading LLC', 'person_name': 'ABC Trading LLC'}]",383.69
2026-09-09T00:05:49.532687,fetch_voucher.master,"SELECT at_id, at_date, at_doc_type, at_desc, at_remarks, at_memo,        at_m_amount, at_party_code, at_bank, at_bank_acc, at_cheque_no,        at_cheque_date, at_status, at_cr_user, at_cr_date, at_up_user, at_up_date FROM acc_trans_m WHERE at_id = %s AND system_id = %s","['261203000168', 146]",1,"[{'at_id': 261203000168, 'at_date': datetime.datetime(2026, 9, 8, 0, 0), 'at_doc_type': '01', 'at_desc': 'Receipt Voucher', 'at_remarks': 'Healthcare services', 'at_memo': 'Healthcare services', 'at_m_amount': Decimal('450.00'), 'at_party_code': '2010300647', 'at_bank': 'Bank of Amerc', 'at_bank_acc': '100045001', 'at_cheque_no': None, 'at_cheque_date': None, 'at_status': '1', 'at_cr_user': '86', 'at_cr_date': datetime.datetime(2026, 9, 8, 22, 52, 27), 'at_up_user': None, 'at_up_date': None}]",386.77
2026-09-09T00:05:49.916904,fetch_voucher.legs,"SELECT at_sno, at_acc_code, at_dc_type, at_amount, at_remarks, atd_date, atd_party FROM acc_trans_d WHERE at_id = %s AND at_system_id = %s ORDER BY at_sno","['261203000168', 146]",2,"[{'at_sno': 1, 'at_acc_code': 100045001, 'at_dc_type': 'D', 'at_amount': Decimal('450.00'), 'at_remarks': 'Healthcare services', 'atd_date': datetime.date(2026, 9, 8), 'atd_party': '2010300647'}, {'at_sno': 2, 'at_acc_code': 3000100010005, 'at_dc_type': 'C', 'at_amount': Decimal('-450.00'), 'at_remarks': 'Healthcare services', 'atd_date': datetime.date(2026, 9, 8), 'atd_party': '2010300647'}]",384.22
2026-09-09T00:05:50.300109,fetch_voucher.reconciled,SELECT COUNT(*) AS n FROM acc_trans_reconcile WHERE at_id = %s AND at_system_id = %s AND at_acc_reconcile = 1,"['261203000168', 146]",1,[{'n': 0}],381.20
2026-09-09T00:05:50.683931,fetch_voucher.party,"SELECT p_code, p_type, company_name, person_name FROM acc_party WHERE p_code = %s AND system_id = %s LIMIT 1","['2010300647', 146]",1,"[{'p_code': 2010300647, 'p_type': 'C', 'company_name': 'ABC Trading LLC', 'person_name': 'ABC Trading LLC'}]",383.82
2026-09-09T00:06:26.164938,get_chart,"SELECT trans_acc_id, trans_acc_desc, subsi_acc_id, subsi_acc_desc, trans_system_id     FROM (SELECT @system_id := %s p) parm, v_trans_accounts_m2     WHERE trans_acc_display = 1     ORDER BY SUBSTRING(trans_acc_id, 1, 1),              SUBSTRING(trans_acc_id, 1, 5),              acc_main_sort, sub_sort, acc_sort, trans_acc_id",[146],221,"[{'trans_acc_id': '1000100010001', 'trans_acc_desc': 'Bank of the west', 'subsi_acc_id': 100010001, 'subsi_acc_desc': 'Banks', 'trans_system_id': 146}, {'trans_acc_id': '1000100010002', 'trans_acc_desc': 'Bank of the Ozarks', 'subsi_acc_id': 100010001, 'subsi_acc_desc': 'Banks', 'trans_system_id': 146}, {'trans_acc_id': '1000100010003', 'trans_acc_desc': 'Bancorp South Bank', 'subsi_acc_id': 100010001, 'subsi_acc_desc': 'Banks', 'trans_system_id': 146}, {'trans_acc_id': '1000100010004', 'trans_a...",393.48
2026-09-09T00:06:29.769280,get_chart,"SELECT trans_acc_id, trans_acc_desc, subsi_acc_id, subsi_acc_desc, trans_system_id     FROM (SELECT @system_id := %s p) parm, v_trans_accounts_m2     WHERE trans_acc_display = 1     ORDER BY SUBSTRING(trans_acc_id, 1, 1),              SUBSTRING(trans_acc_id, 1, 5),              acc_main_sort, sub_sort, acc_sort, trans_acc_id",[146],221,"[{'trans_acc_id': '1000100010001', 'trans_acc_desc': 'Bank of the west', 'subsi_acc_id': 100010001, 'subsi_acc_desc': 'Banks', 'trans_system_id': 146}, {'trans_acc_id': '1000100010002', 'trans_acc_desc': 'Bank of the Ozarks', 'subsi_acc_id': 100010001, 'subsi_acc_desc': 'Banks', 'trans_system_id': 146}, {'trans_acc_id': '1000100010003', 'trans_acc_desc': 'Bancorp South Bank', 'subsi_acc_id': 100010001, 'subsi_acc_desc': 'Banks', 'trans_system_id': 146}, {'trans_acc_id': '1000100010004', 'trans_a...",416.20
2026-09-09T00:06:36.852371,list_parties,"SELECT p_code, p_type, company_name, person_name, Email, Phone,        p_account, status FROM acc_party WHERE system_id = %s AND status = 1 ORDER BY p_type, company_name LIMIT %s","[146, 500]",124,"[{'p_code': 2010300629, 'p_type': 'C', 'company_name': '3S', 'person_name': 'Ali', 'Email': None, 'Phone': None, 'p_account': None, 'status': 1}, {'p_code': 2010300639, 'p_type': 'C', 'company_name': '3s(ali)', 'person_name': '3s(ali)', 'Email': None, 'Phone': None, 'p_account': None, 'status': 1}, {'p_code': 2010300647, 'p_type': 'C', 'company_name': 'ABC Trading LLC', 'person_name': 'ABC Trading LLC', 'Email': 'billing@abctrading.com', 'Phone': '555-123-4567', 'p_account': None, 'status': 1}, ...",848.51
2026-09-09T00:06:39.527933,list_parties,"SELECT p_code, p_type, company_name, person_name, Email, Phone,        p_account, status FROM acc_party WHERE system_id = %s AND status = 1 ORDER BY p_type, company_name LIMIT %s","[146, 500]",124,"[{'p_code': 2010300629, 'p_type': 'C', 'company_name': '3S', 'person_name': 'Ali', 'Email': None, 'Phone': None, 'p_account': None, 'status': 1}, {'p_code': 2010300639, 'p_type': 'C', 'company_name': '3s(ali)', 'person_name': '3s(ali)', 'Email': None, 'Phone': None, 'p_account': None, 'status': 1}, {'p_code': 2010300647, 'p_type': 'C', 'company_name': 'ABC Trading LLC', 'person_name': 'ABC Trading LLC', 'Email': 'billing@abctrading.com', 'Phone': '555-123-4567', 'p_account': None, 'status': 1}, ...",757.14
2026-09-09T00:08:52.964676,get_chart,"SELECT trans_acc_id, trans_acc_desc, subsi_acc_id, subsi_acc_desc, trans_system_id     FROM (SELECT @system_id := %s p) parm, v_trans_accounts_m2     WHERE trans_acc_display = 1     ORDER BY SUBSTRING(trans_acc_id, 1, 1),              SUBSTRING(trans_acc_id, 1, 5),              acc_main_sort, sub_sort, acc_sort, trans_acc_id",[146],221,"[{'trans_acc_id': '1000100010001', 'trans_acc_desc': 'Bank of the west', 'subsi_acc_id': 100010001, 'subsi_acc_desc': 'Banks', 'trans_system_id': 146}, {'trans_acc_id': '1000100010002', 'trans_acc_desc': 'Bank of the Ozarks', 'subsi_acc_id': 100010001, 'subsi_acc_desc': 'Banks', 'trans_system_id': 146}, {'trans_acc_id': '1000100010003', 'trans_acc_desc': 'Bancorp South Bank', 'subsi_acc_id': 100010001, 'subsi_acc_desc': 'Banks', 'trans_system_id': 146}, {'trans_acc_id': '1000100010004', 'trans_a...",418.08
2026-09-09T00:08:56.511717,get_chart,"SELECT trans_acc_id, trans_acc_desc, subsi_acc_id, subsi_acc_desc, trans_system_id     FROM (SELECT @system_id := %s p) parm, v_trans_accounts_m2     WHERE trans_acc_display = 1     ORDER BY SUBSTRING(trans_acc_id, 1, 1),              SUBSTRING(trans_acc_id, 1, 5),              acc_main_sort, sub_sort, acc_sort, trans_acc_id",[146],221,"[{'trans_acc_id': '1000100010001', 'trans_acc_desc': 'Bank of the west', 'subsi_acc_id': 100010001, 'subsi_acc_desc': 'Banks', 'trans_system_id': 146}, {'trans_acc_id': '1000100010002', 'trans_acc_desc': 'Bank of the Ozarks', 'subsi_acc_id': 100010001, 'subsi_acc_desc': 'Banks', 'trans_system_id': 146}, {'trans_acc_id': '1000100010003', 'trans_acc_desc': 'Bancorp South Bank', 'subsi_acc_id': 100010001, 'subsi_acc_desc': 'Banks', 'trans_system_id': 146}, {'trans_acc_id': '1000100010004', 'trans_a...",420.47
2026-09-09T00:09:03.877409,list_parties,"SELECT p_code, p_type, company_name, person_name, Email, Phone,        p_account, status FROM acc_party WHERE system_id = %s AND status = 1 ORDER BY p_type, company_name LIMIT %s","[146, 500]",124,"[{'p_code': 2010300629, 'p_type': 'C', 'company_name': '3S', 'person_name': 'Ali', 'Email': None, 'Phone': None, 'p_account': None, 'status': 1}, {'p_code': 2010300639, 'p_type': 'C', 'company_name': '3s(ali)', 'person_name': '3s(ali)', 'Email': None, 'Phone': None, 'p_account': None, 'status': 1}, {'p_code': 2010300647, 'p_type': 'C', 'company_name': 'ABC Trading LLC', 'person_name': 'ABC Trading LLC', 'Email': 'billing@abctrading.com', 'Phone': '555-123-4567', 'p_account': None, 'status': 1}, ...",883.77
2026-09-09T00:09:06.925893,list_parties,"SELECT p_code, p_type, company_name, person_name, Email, Phone,        p_account, status FROM acc_party WHERE system_id = %s AND status = 1 ORDER BY p_type, company_name LIMIT %s","[146, 500]",124,"[{'p_code': 2010300629, 'p_type': 'C', 'company_name': '3S', 'person_name': 'Ali', 'Email': None, 'Phone': None, 'p_account': None, 'status': 1}, {'p_code': 2010300639, 'p_type': 'C', 'company_name': '3s(ali)', 'person_name': '3s(ali)', 'Email': None, 'Phone': None, 'p_account': None, 'status': 1}, {'p_code': 2010300647, 'p_type': 'C', 'company_name': 'ABC Trading LLC', 'person_name': 'ABC Trading LLC', 'Email': 'billing@abctrading.com', 'Phone': '555-123-4567', 'p_account': None, 'status': 1}, ...",842.84
2026-09-09T00:09:27.453476,get_chart,"SELECT trans_acc_id, trans_acc_desc, subsi_acc_id, subsi_acc_desc, trans_system_id     FROM (SELECT @system_id := %s p) parm, v_trans_accounts_m2     WHERE trans_acc_display = 1     ORDER BY SUBSTRING(trans_acc_id, 1, 1),              SUBSTRING(trans_acc_id, 1, 5),              acc_main_sort, sub_sort, acc_sort, trans_acc_id",[146],221,"[{'trans_acc_id': '1000100010001', 'trans_acc_desc': 'Bank of the west', 'subsi_acc_id': 100010001, 'subsi_acc_desc': 'Banks', 'trans_system_id': 146}, {'trans_acc_id': '1000100010002', 'trans_acc_desc': 'Bank of the Ozarks', 'subsi_acc_id': 100010001, 'subsi_acc_desc': 'Banks', 'trans_system_id': 146}, {'trans_acc_id': '1000100010003', 'trans_acc_desc': 'Bancorp South Bank', 'subsi_acc_id': 100010001, 'subsi_acc_desc': 'Banks', 'trans_system_id': 146}, {'trans_acc_id': '1000100010004', 'trans_a...",435.92
2026-09-09T00:09:31.119060,get_chart,"SELECT trans_acc_id, trans_acc_desc, subsi_acc_id, subsi_acc_desc, trans_system_id     FROM (SELECT @system_id := %s p) parm, v_trans_accounts_m2     WHERE trans_acc_display = 1     ORDER BY SUBSTRING(trans_acc_id, 1, 1),              SUBSTRING(trans_acc_id, 1, 5),              acc_main_sort, sub_sort, acc_sort, trans_acc_id",[146],221,"[{'trans_acc_id': '1000100010001', 'trans_acc_desc': 'Bank of the west', 'subsi_acc_id': 100010001, 'subsi_acc_desc': 'Banks', 'trans_system_id': 146}, {'trans_acc_id': '1000100010002', 'trans_acc_desc': 'Bank of the Ozarks', 'subsi_acc_id': 100010001, 'subsi_acc_desc': 'Banks', 'trans_system_id': 146}, {'trans_acc_id': '1000100010003', 'trans_acc_desc': 'Bancorp South Bank', 'subsi_acc_id': 100010001, 'subsi_acc_desc': 'Banks', 'trans_system_id': 146}, {'trans_acc_id': '1000100010004', 'trans_a...",430.04
2026-09-09T00:09:34.824735,get_chart,"SELECT trans_acc_id, trans_acc_desc, subsi_acc_id, subsi_acc_desc, trans_system_id     FROM (SELECT @system_id := %s p) parm, v_trans_accounts_m2     WHERE trans_acc_display = 1     ORDER BY SUBSTRING(trans_acc_id, 1, 1),              SUBSTRING(trans_acc_id, 1, 5),              acc_main_sort, sub_sort, acc_sort, trans_acc_id",[146],221,"[{'trans_acc_id': '1000100010001', 'trans_acc_desc': 'Bank of the west', 'subsi_acc_id': 100010001, 'subsi_acc_desc': 'Banks', 'trans_system_id': 146}, {'trans_acc_id': '1000100010002', 'trans_acc_desc': 'Bank of the Ozarks', 'subsi_acc_id': 100010001, 'subsi_acc_desc': 'Banks', 'trans_system_id': 146}, {'trans_acc_id': '1000100010003', 'trans_acc_desc': 'Bancorp South Bank', 'subsi_acc_id': 100010001, 'subsi_acc_desc': 'Banks', 'trans_system_id': 146}, {'trans_acc_id': '1000100010004', 'trans_a...",427.90
2026-09-09T00:09:41.869405,list_parties,"SELECT p_code, p_type, company_name, person_name, Email, Phone,        p_account, status FROM acc_party WHERE system_id = %s AND status = 1 ORDER BY p_type, company_name LIMIT %s","[146, 500]",124,"[{'p_code': 2010300629, 'p_type': 'C', 'company_name': '3S', 'person_name': 'Ali', 'Email': None, 'Phone': None, 'p_account': None, 'status': 1}, {'p_code': 2010300639, 'p_type': 'C', 'company_name': '3s(ali)', 'person_name': '3s(ali)', 'Email': None, 'Phone': None, 'p_account': None, 'status': 1}, {'p_code': 2010300647, 'p_type': 'C', 'company_name': 'ABC Trading LLC', 'person_name': 'ABC Trading LLC', 'Email': 'billing@abctrading.com', 'Phone': '555-123-4567', 'p_account': None, 'status': 1}, ...",817.45
2026-09-09T00:09:44.585877,list_parties,"SELECT p_code, p_type, company_name, person_name, Email, Phone,        p_account, status FROM acc_party WHERE system_id = %s AND status = 1 ORDER BY p_type, company_name LIMIT %s","[146, 500]",124,"[{'p_code': 2010300629, 'p_type': 'C', 'company_name': '3S', 'person_name': 'Ali', 'Email': None, 'Phone': None, 'p_account': None, 'status': 1}, {'p_code': 2010300639, 'p_type': 'C', 'company_name': '3s(ali)', 'person_name': '3s(ali)', 'Email': None, 'Phone': None, 'p_account': None, 'status': 1}, {'p_code': 2010300647, 'p_type': 'C', 'company_name': 'ABC Trading LLC', 'person_name': 'ABC Trading LLC', 'Email': 'billing@abctrading.com', 'Phone': '555-123-4567', 'p_account': None, 'status': 1}, ...",806.82
2026-09-09T00:12:01.388436,get_chart,"SELECT trans_acc_id, trans_acc_desc, subsi_acc_id, subsi_acc_desc, trans_system_id     FROM (SELECT @system_id := %s p) parm, v_trans_accounts_m2     WHERE trans_acc_display = 1     ORDER BY SUBSTRING(trans_acc_id, 1, 1),              SUBSTRING(trans_acc_id, 1, 5),              acc_main_sort, sub_sort, acc_sort, trans_acc_id",[146],221,"[{'trans_acc_id': '1000100010001', 'trans_acc_desc': 'Bank of the west', 'subsi_acc_id': 100010001, 'subsi_acc_desc': 'Banks', 'trans_system_id': 146}, {'trans_acc_id': '1000100010002', 'trans_acc_desc': 'Bank of the Ozarks', 'subsi_acc_id': 100010001, 'subsi_acc_desc': 'Banks', 'trans_system_id': 146}, {'trans_acc_id': '1000100010003', 'trans_acc_desc': 'Bancorp South Bank', 'subsi_acc_id': 100010001, 'subsi_acc_desc': 'Banks', 'trans_system_id': 146}, {'trans_acc_id': '1000100010004', 'trans_a...",473.57
2026-09-09T00:12:05.599701,get_chart,"SELECT trans_acc_id, trans_acc_desc, subsi_acc_id, subsi_acc_desc, trans_system_id     FROM (SELECT @system_id := %s p) parm, v_trans_accounts_m2     WHERE trans_acc_display = 1     ORDER BY SUBSTRING(trans_acc_id, 1, 1),              SUBSTRING(trans_acc_id, 1, 5),              acc_main_sort, sub_sort, acc_sort, trans_acc_id",[146],221,"[{'trans_acc_id': '1000100010001', 'trans_acc_desc': 'Bank of the west', 'subsi_acc_id': 100010001, 'subsi_acc_desc': 'Banks', 'trans_system_id': 146}, {'trans_acc_id': '1000100010002', 'trans_acc_desc': 'Bank of the Ozarks', 'subsi_acc_id': 100010001, 'subsi_acc_desc': 'Banks', 'trans_system_id': 146}, {'trans_acc_id': '1000100010003', 'trans_acc_desc': 'Bancorp South Bank', 'subsi_acc_id': 100010001, 'subsi_acc_desc': 'Banks', 'trans_system_id': 146}, {'trans_acc_id': '1000100010004', 'trans_a...",514.77
2026-09-09T00:12:12.855657,list_parties,"SELECT p_code, p_type, company_name, person_name, Email, Phone,        p_account, status FROM acc_party WHERE system_id = %s AND status = 1 ORDER BY p_type, company_name LIMIT %s","[146, 500]",124,"[{'p_code': 2010300629, 'p_type': 'C', 'company_name': '3S', 'person_name': 'Ali', 'Email': None, 'Phone': None, 'p_account': None, 'status': 1}, {'p_code': 2010300639, 'p_type': 'C', 'company_name': '3s(ali)', 'person_name': '3s(ali)', 'Email': None, 'Phone': None, 'p_account': None, 'status': 1}, {'p_code': 2010300647, 'p_type': 'C', 'company_name': 'ABC Trading LLC', 'person_name': 'ABC Trading LLC', 'Email': 'billing@abctrading.com', 'Phone': '555-123-4567', 'p_account': None, 'status': 1}, ...",874.49
2026-09-09T00:12:15.623423,list_parties,"SELECT p_code, p_type, company_name, person_name, Email, Phone,        p_account, status FROM acc_party WHERE system_id = %s AND status = 1 ORDER BY p_type, company_name LIMIT %s","[146, 500]",124,"[{'p_code': 2010300629, 'p_type': 'C', 'company_name': '3S', 'person_name': 'Ali', 'Email': None, 'Phone': None, 'p_account': None, 'status': 1}, {'p_code': 2010300639, 'p_type': 'C', 'company_name': '3s(ali)', 'person_name': '3s(ali)', 'Email': None, 'Phone': None, 'p_account': None, 'status': 1}, {'p_code': 2010300647, 'p_type': 'C', 'company_name': 'ABC Trading LLC', 'person_name': 'ABC Trading LLC', 'Email': 'billing@abctrading.com', 'Phone': '555-123-4567', 'p_account': None, 'status': 1}, ...",811.83
2026-09-09T00:17:04.343121,get_chart,"SELECT trans_acc_id, trans_acc_desc, subsi_acc_id, subsi_acc_desc, trans_system_id     FROM (SELECT @system_id := %s p) parm, v_trans_accounts_m2     WHERE trans_acc_display = 1     ORDER BY SUBSTRING(trans_acc_id, 1, 1),              SUBSTRING(trans_acc_id, 1, 5),              acc_main_sort, sub_sort, acc_sort, trans_acc_id",[146],221,"[{'trans_acc_id': '1000100010001', 'trans_acc_desc': 'Bank of the west', 'subsi_acc_id': 100010001, 'subsi_acc_desc': 'Banks', 'trans_system_id': 146}, {'trans_acc_id': '1000100010002', 'trans_acc_desc': 'Bank of the Ozarks', 'subsi_acc_id': 100010001, 'subsi_acc_desc': 'Banks', 'trans_system_id': 146}, {'trans_acc_id': '1000100010003', 'trans_acc_desc': 'Bancorp South Bank', 'subsi_acc_id': 100010001, 'subsi_acc_desc': 'Banks', 'trans_system_id': 146}, {'trans_acc_id': '1000100010004', 'trans_a...",460.21
2026-09-09T00:17:07.955915,get_chart,"SELECT trans_acc_id, trans_acc_desc, subsi_acc_id, subsi_acc_desc, trans_system_id     FROM (SELECT @system_id := %s p) parm, v_trans_accounts_m2     WHERE trans_acc_display = 1     ORDER BY SUBSTRING(trans_acc_id, 1, 1),              SUBSTRING(trans_acc_id, 1, 5),              acc_main_sort, sub_sort, acc_sort, trans_acc_id",[146],221,"[{'trans_acc_id': '1000100010001', 'trans_acc_desc': 'Bank of the west', 'subsi_acc_id': 100010001, 'subsi_acc_desc': 'Banks', 'trans_system_id': 146}, {'trans_acc_id': '1000100010002', 'trans_acc_desc': 'Bank of the Ozarks', 'subsi_acc_id': 100010001, 'subsi_acc_desc': 'Banks', 'trans_system_id': 146}, {'trans_acc_id': '1000100010003', 'trans_acc_desc': 'Bancorp South Bank', 'subsi_acc_id': 100010001, 'subsi_acc_desc': 'Banks', 'trans_system_id': 146}, {'trans_acc_id': '1000100010004', 'trans_a...",425.82
2026-09-09T00:17:14.905769,list_parties,"SELECT p_code, p_type, company_name, person_name, Email, Phone,        p_account, status FROM acc_party WHERE system_id = %s AND status = 1 ORDER BY p_type, company_name LIMIT %s","[146, 500]",124,"[{'p_code': 2010300629, 'p_type': 'C', 'company_name': '3S', 'person_name': 'Ali', 'Email': None, 'Phone': None, 'p_account': None, 'status': 1}, {'p_code': 2010300639, 'p_type': 'C', 'company_name': '3s(ali)', 'person_name': '3s(ali)', 'Email': None, 'Phone': None, 'p_account': None, 'status': 1}, {'p_code': 2010300647, 'p_type': 'C', 'company_name': 'ABC Trading LLC', 'person_name': 'ABC Trading LLC', 'Email': 'billing@abctrading.com', 'Phone': '555-123-4567', 'p_account': None, 'status': 1}, ...",770.42
2026-09-09T00:17:17.789330,list_parties,"SELECT p_code, p_type, company_name, person_name, Email, Phone,        p_account, status FROM acc_party WHERE system_id = %s AND status = 1 ORDER BY p_type, company_name LIMIT %s","[146, 500]",124,"[{'p_code': 2010300629, 'p_type': 'C', 'company_name': '3S', 'person_name': 'Ali', 'Email': None, 'Phone': None, 'p_account': None, 'status': 1}, {'p_code': 2010300639, 'p_type': 'C', 'company_name': '3s(ali)', 'person_name': '3s(ali)', 'Email': None, 'Phone': None, 'p_account': None, 'status': 1}, {'p_code': 2010300647, 'p_type': 'C', 'company_name': 'ABC Trading LLC', 'person_name': 'ABC Trading LLC', 'Email': 'billing@abctrading.com', 'Phone': '555-123-4567', 'p_account': None, 'status': 1}, ...",793.74
2026-09-09T00:17:59.640157,within_open_year,SELECT 1 FROM business_year WHERE by_system_id = %s AND (  (financial_year_start <= %s AND %s <= financial_year_end AND financial_year_status = 1)  OR (audit_year_start <= %s AND %s <= audit_year_end AND audit_year_status = 1)) LIMIT 1,"[146, '2026-09-09', '2026-09-09', '2026-09-09', '2026-09-09']",0,[],824.28
2026-09-09T00:18:00.029583,find_party_candidates(John Smith),"SELECT p_code, p_type, company_name, person_name, Phone, Email, p_account FROM acc_party WHERE status = 1 AND system_id = %s AND p_type = %s AND (LOWER(TRIM(company_name))=LOWER(TRIM(%s)) OR LOWER(TRIM(person_name))=LOWER(TRIM(%s)))","(146, 'P', 'John Smith', 'John Smith')",0,[],198.11
2026-09-09T00:18:00.234265,find_party_candidates(John Smith),"SELECT p_code, p_type, company_name, person_name, Phone, Email, p_account FROM acc_party WHERE status = 1 AND system_id = %s AND p_type = %s AND (company_name LIKE %s OR person_name LIKE %s) LIMIT %s","(146, 'P', 'John Smith%', 'John Smith%', 200)",0,[],204.68
2026-09-09T00:18:00.431170,find_party_candidates(John Smith),"SELECT p_code, p_type, company_name, person_name, Phone, Email, p_account FROM acc_party WHERE status = 1 AND system_id = %s AND p_type = %s AND (company_name LIKE %s OR person_name LIKE %s) LIMIT %s","(146, 'P', '%John Smith%', '%John Smith%', 200)",0,[],195.90
2026-09-09T00:18:00.639319,find_party_candidates(John Smith),"SELECT p_code, p_type, company_name, person_name, Phone, Email, p_account FROM acc_party WHERE status = 1 AND system_id = %s AND p_type = %s AND (company_name LIKE %s OR person_name LIKE %s) LIMIT %s","(146, 'P', '%John%', '%John%', 200)",0,[],208.15
2026-09-09T00:18:01.029936,find_party_candidates(John Smith),"SELECT p_code, p_type, company_name, person_name, Phone, Email, p_account FROM acc_party WHERE status = 1 AND system_id = %s AND (LOWER(TRIM(company_name))=LOWER(TRIM(%s)) OR LOWER(TRIM(person_name))=LOWER(TRIM(%s)))","(146, 'John Smith', 'John Smith')",1,"[{'p_code': 2010300631, 'p_type': 'C', 'company_name': 'JOHN SMITH', 'person_name': 'JOHN SMITH', 'Phone': None, 'Email': None, 'p_account': None}]",199.02
2026-09-09T00:18:01.225896,find_party_candidates(John Smith),"SELECT p_code, p_type, company_name, person_name, Phone, Email, p_account FROM acc_party WHERE status = 1 AND system_id = %s AND (company_name LIKE %s OR person_name LIKE %s) LIMIT %s","(146, 'John Smith%', 'John Smith%', 200)",1,"[{'p_code': 2010300631, 'p_type': 'C', 'company_name': 'JOHN SMITH', 'person_name': 'JOHN SMITH', 'Phone': None, 'Email': None, 'p_account': None}]",195.96
2026-09-09T00:18:01.423468,find_party_candidates(John Smith),"SELECT p_code, p_type, company_name, person_name, Phone, Email, p_account FROM acc_party WHERE status = 1 AND system_id = %s AND (company_name LIKE %s OR person_name LIKE %s) LIMIT %s","(146, '%John Smith%', '%John Smith%', 200)",2,"[{'p_code': 2010300631, 'p_type': 'C', 'company_name': 'JOHN SMITH', 'person_name': 'JOHN SMITH', 'Phone': None, 'Email': None, 'p_account': None}, {'p_code': 2010300632, 'p_type': 'C', 'company_name': 'Bank of the west — JOHN SMITH', 'person_name': 'Bank of the west — JOHN SMITH', 'Phone': None, 'Email': None, 'p_account': None}]",197.57
2026-09-09T00:18:01.622055,find_party_candidates(John Smith),"SELECT p_code, p_type, company_name, person_name, Phone, Email, p_account FROM acc_party WHERE status = 1 AND system_id = %s AND (company_name LIKE %s OR person_name LIKE %s) LIMIT %s","(146, '%John%', '%John%', 200)",2,"[{'p_code': 2010300631, 'p_type': 'C', 'company_name': 'JOHN SMITH', 'person_name': 'JOHN SMITH', 'Phone': None, 'Email': None, 'p_account': None}, {'p_code': 2010300632, 'p_type': 'C', 'company_name': 'Bank of the west — JOHN SMITH', 'person_name': 'Bank of the west — JOHN SMITH', 'Phone': None, 'Email': None, 'p_account': None}]",198.59
2026-09-09T00:19:46.999754,get_chart,"SELECT trans_acc_id, trans_acc_desc, subsi_acc_id, subsi_acc_desc, trans_system_id     FROM (SELECT @system_id := %s p) parm, v_trans_accounts_m2     WHERE trans_acc_display = 1     ORDER BY SUBSTRING(trans_acc_id, 1, 1),              SUBSTRING(trans_acc_id, 1, 5),              acc_main_sort, sub_sort, acc_sort, trans_acc_id",[146],221,"[{'trans_acc_id': '1000100010001', 'trans_acc_desc': 'Bank of the west', 'subsi_acc_id': 100010001, 'subsi_acc_desc': 'Banks', 'trans_system_id': 146}, {'trans_acc_id': '1000100010002', 'trans_acc_desc': 'Bank of the Ozarks', 'subsi_acc_id': 100010001, 'subsi_acc_desc': 'Banks', 'trans_system_id': 146}, {'trans_acc_id': '1000100010003', 'trans_acc_desc': 'Bancorp South Bank', 'subsi_acc_id': 100010001, 'subsi_acc_desc': 'Banks', 'trans_system_id': 146}, {'trans_acc_id': '1000100010004', 'trans_a...",468.65
2026-09-09T00:19:50.721238,get_chart,"SELECT trans_acc_id, trans_acc_desc, subsi_acc_id, subsi_acc_desc, trans_system_id     FROM (SELECT @system_id := %s p) parm, v_trans_accounts_m2     WHERE trans_acc_display = 1     ORDER BY SUBSTRING(trans_acc_id, 1, 1),              SUBSTRING(trans_acc_id, 1, 5),              acc_main_sort, sub_sort, acc_sort, trans_acc_id",[146],221,"[{'trans_acc_id': '1000100010001', 'trans_acc_desc': 'Bank of the west', 'subsi_acc_id': 100010001, 'subsi_acc_desc': 'Banks', 'trans_system_id': 146}, {'trans_acc_id': '1000100010002', 'trans_acc_desc': 'Bank of the Ozarks', 'subsi_acc_id': 100010001, 'subsi_acc_desc': 'Banks', 'trans_system_id': 146}, {'trans_acc_id': '1000100010003', 'trans_acc_desc': 'Bancorp South Bank', 'subsi_acc_id': 100010001, 'subsi_acc_desc': 'Banks', 'trans_system_id': 146}, {'trans_acc_id': '1000100010004', 'trans_a...",413.87
2026-09-09T00:19:57.709569,list_parties,"SELECT p_code, p_type, company_name, person_name, Email, Phone,        p_account, status FROM acc_party WHERE system_id = %s AND status = 1 ORDER BY p_type, company_name LIMIT %s","[146, 500]",124,"[{'p_code': 2010300629, 'p_type': 'C', 'company_name': '3S', 'person_name': 'Ali', 'Email': None, 'Phone': None, 'p_account': None, 'status': 1}, {'p_code': 2010300639, 'p_type': 'C', 'company_name': '3s(ali)', 'person_name': '3s(ali)', 'Email': None, 'Phone': None, 'p_account': None, 'status': 1}, {'p_code': 2010300647, 'p_type': 'C', 'company_name': 'ABC Trading LLC', 'person_name': 'ABC Trading LLC', 'Email': 'billing@abctrading.com', 'Phone': '555-123-4567', 'p_account': None, 'status': 1}, ...",785.70
2026-09-09T00:20:00.692988,list_parties,"SELECT p_code, p_type, company_name, person_name, Email, Phone,        p_account, status FROM acc_party WHERE system_id = %s AND status = 1 ORDER BY p_type, company_name LIMIT %s","[146, 500]",124,"[{'p_code': 2010300629, 'p_type': 'C', 'company_name': '3S', 'person_name': 'Ali', 'Email': None, 'Phone': None, 'p_account': None, 'status': 1}, {'p_code': 2010300639, 'p_type': 'C', 'company_name': '3s(ali)', 'person_name': '3s(ali)', 'Email': None, 'Phone': None, 'p_account': None, 'status': 1}, {'p_code': 2010300647, 'p_type': 'C', 'company_name': 'ABC Trading LLC', 'person_name': 'ABC Trading LLC', 'Email': 'billing@abctrading.com', 'Phone': '555-123-4567', 'p_account': None, 'status': 1}, ...",878.40
2026-09-09T00:22:44.273691,get_chart,"SELECT trans_acc_id, trans_acc_desc, subsi_acc_id, subsi_acc_desc, trans_system_id     FROM (SELECT @system_id := %s p) parm, v_trans_accounts_m2     WHERE trans_acc_display = 1     ORDER BY SUBSTRING(trans_acc_id, 1, 1),              SUBSTRING(trans_acc_id, 1, 5),              acc_main_sort, sub_sort, acc_sort, trans_acc_id",[146],221,"[{'trans_acc_id': '1000100010001', 'trans_acc_desc': 'Bank of the west', 'subsi_acc_id': 100010001, 'subsi_acc_desc': 'Banks', 'trans_system_id': 146}, {'trans_acc_id': '1000100010002', 'trans_acc_desc': 'Bank of the Ozarks', 'subsi_acc_id': 100010001, 'subsi_acc_desc': 'Banks', 'trans_system_id': 146}, {'trans_acc_id': '1000100010003', 'trans_acc_desc': 'Bancorp South Bank', 'subsi_acc_id': 100010001, 'subsi_acc_desc': 'Banks', 'trans_system_id': 146}, {'trans_acc_id': '1000100010004', 'trans_a...",413.05
2026-09-09T00:22:47.883029,get_chart,"SELECT trans_acc_id, trans_acc_desc, subsi_acc_id, subsi_acc_desc, trans_system_id     FROM (SELECT @system_id := %s p) parm, v_trans_accounts_m2     WHERE trans_acc_display = 1     ORDER BY SUBSTRING(trans_acc_id, 1, 1),              SUBSTRING(trans_acc_id, 1, 5),              acc_main_sort, sub_sort, acc_sort, trans_acc_id",[146],221,"[{'trans_acc_id': '1000100010001', 'trans_acc_desc': 'Bank of the west', 'subsi_acc_id': 100010001, 'subsi_acc_desc': 'Banks', 'trans_system_id': 146}, {'trans_acc_id': '1000100010002', 'trans_acc_desc': 'Bank of the Ozarks', 'subsi_acc_id': 100010001, 'subsi_acc_desc': 'Banks', 'trans_system_id': 146}, {'trans_acc_id': '1000100010003', 'trans_acc_desc': 'Bancorp South Bank', 'subsi_acc_id': 100010001, 'subsi_acc_desc': 'Banks', 'trans_system_id': 146}, {'trans_acc_id': '1000100010004', 'trans_a...",419.49
2026-09-09T00:22:54.832261,list_parties,"SELECT p_code, p_type, company_name, person_name, Email, Phone,        p_account, status FROM acc_party WHERE system_id = %s AND status = 1 ORDER BY p_type, company_name LIMIT %s","[146, 500]",124,"[{'p_code': 2010300629, 'p_type': 'C', 'company_name': '3S', 'person_name': 'Ali', 'Email': None, 'Phone': None, 'p_account': None, 'status': 1}, {'p_code': 2010300639, 'p_type': 'C', 'company_name': '3s(ali)', 'person_name': '3s(ali)', 'Email': None, 'Phone': None, 'p_account': None, 'status': 1}, {'p_code': 2010300647, 'p_type': 'C', 'company_name': 'ABC Trading LLC', 'person_name': 'ABC Trading LLC', 'Email': 'billing@abctrading.com', 'Phone': '555-123-4567', 'p_account': None, 'status': 1}, ...",886.90
2026-09-09T00:22:57.593706,list_parties,"SELECT p_code, p_type, company_name, person_name, Email, Phone,        p_account, status FROM acc_party WHERE system_id = %s AND status = 1 ORDER BY p_type, company_name LIMIT %s","[146, 500]",124,"[{'p_code': 2010300629, 'p_type': 'C', 'company_name': '3S', 'person_name': 'Ali', 'Email': None, 'Phone': None, 'p_account': None, 'status': 1}, {'p_code': 2010300639, 'p_type': 'C', 'company_name': '3s(ali)', 'person_name': '3s(ali)', 'Email': None, 'Phone': None, 'p_account': None, 'status': 1}, {'p_code': 2010300647, 'p_type': 'C', 'company_name': 'ABC Trading LLC', 'person_name': 'ABC Trading LLC', 'Email': 'billing@abctrading.com', 'Phone': '555-123-4567', 'p_account': None, 'status': 1}, ...",776.63
2026-09-09T00:29:23.892744,get_chart,"SELECT trans_acc_id, trans_acc_desc, subsi_acc_id, subsi_acc_desc, trans_system_id     FROM (SELECT @system_id := %s p) parm, v_trans_accounts_m2     WHERE trans_acc_display = 1     ORDER BY SUBSTRING(trans_acc_id, 1, 1),              SUBSTRING(trans_acc_id, 1, 5),              acc_main_sort, sub_sort, acc_sort, trans_acc_id",[146],221,"[{'trans_acc_id': '1000100010001', 'trans_acc_desc': 'Bank of the west', 'subsi_acc_id': 100010001, 'subsi_acc_desc': 'Banks', 'trans_system_id': 146}, {'trans_acc_id': '1000100010002', 'trans_acc_desc': 'Bank of the Ozarks', 'subsi_acc_id': 100010001, 'subsi_acc_desc': 'Banks', 'trans_system_id': 146}, {'trans_acc_id': '1000100010003', 'trans_acc_desc': 'Bancorp South Bank', 'subsi_acc_id': 100010001, 'subsi_acc_desc': 'Banks', 'trans_system_id': 146}, {'trans_acc_id': '1000100010004', 'trans_a...",398.55
2026-09-09T00:29:27.671798,get_chart,"SELECT trans_acc_id, trans_acc_desc, subsi_acc_id, subsi_acc_desc, trans_system_id     FROM (SELECT @system_id := %s p) parm, v_trans_accounts_m2     WHERE trans_acc_display = 1     ORDER BY SUBSTRING(trans_acc_id, 1, 1),              SUBSTRING(trans_acc_id, 1, 5),              acc_main_sort, sub_sort, acc_sort, trans_acc_id",[146],221,"[{'trans_acc_id': '1000100010001', 'trans_acc_desc': 'Bank of the west', 'subsi_acc_id': 100010001, 'subsi_acc_desc': 'Banks', 'trans_system_id': 146}, {'trans_acc_id': '1000100010002', 'trans_acc_desc': 'Bank of the Ozarks', 'subsi_acc_id': 100010001, 'subsi_acc_desc': 'Banks', 'trans_system_id': 146}, {'trans_acc_id': '1000100010003', 'trans_acc_desc': 'Bancorp South Bank', 'subsi_acc_id': 100010001, 'subsi_acc_desc': 'Banks', 'trans_system_id': 146}, {'trans_acc_id': '1000100010004', 'trans_a...",440.19
2026-09-09T00:29:34.717759,list_parties,"SELECT p_code, p_type, company_name, person_name, Email, Phone,        p_account, status FROM acc_party WHERE system_id = %s AND status = 1 ORDER BY p_type, company_name LIMIT %s","[146, 500]",124,"[{'p_code': 2010300629, 'p_type': 'C', 'company_name': '3S', 'person_name': 'Ali', 'Email': None, 'Phone': None, 'p_account': None, 'status': 1}, {'p_code': 2010300639, 'p_type': 'C', 'company_name': '3s(ali)', 'person_name': '3s(ali)', 'Email': None, 'Phone': None, 'p_account': None, 'status': 1}, {'p_code': 2010300647, 'p_type': 'C', 'company_name': 'ABC Trading LLC', 'person_name': 'ABC Trading LLC', 'Email': 'billing@abctrading.com', 'Phone': '555-123-4567', 'p_account': None, 'status': 1}, ...",818.96
2026-09-09T00:29:37.517671,list_parties,"SELECT p_code, p_type, company_name, person_name, Email, Phone,        p_account, status FROM acc_party WHERE system_id = %s AND status = 1 ORDER BY p_type, company_name LIMIT %s","[146, 500]",124,"[{'p_code': 2010300629, 'p_type': 'C', 'company_name': '3S', 'person_name': 'Ali', 'Email': None, 'Phone': None, 'p_account': None, 'status': 1}, {'p_code': 2010300639, 'p_type': 'C', 'company_name': '3s(ali)', 'person_name': '3s(ali)', 'Email': None, 'Phone': None, 'p_account': None, 'status': 1}, {'p_code': 2010300647, 'p_type': 'C', 'company_name': 'ABC Trading LLC', 'person_name': 'ABC Trading LLC', 'Email': 'billing@abctrading.com', 'Phone': '555-123-4567', 'p_account': None, 'status': 1}, ...",813.86
2026-09-09T00:31:32.425429,get_financial_analysis,"SELECT at_doc_type, COUNT(*) AS cnt, SUM(at_m_amount) AS total FROM acc_trans_m WHERE at_doc_type IN (%s,%s) AND system_id = %s AND at_status >= 1 GROUP BY at_doc_type","['01', '02', 146]",2,"[{'at_doc_type': '01', 'cnt': 258, 'total': Decimal('59895061.23')}, {'at_doc_type': '02', 'cnt': 273, 'total': Decimal('609874.29')}]",939.45
2026-09-09T00:36:16.700322,get_chart,"SELECT trans_acc_id, trans_acc_desc, subsi_acc_id, subsi_acc_desc, trans_system_id     FROM (SELECT @system_id := %s p) parm, v_trans_accounts_m2     WHERE trans_acc_display = 1     ORDER BY SUBSTRING(trans_acc_id, 1, 1),              SUBSTRING(trans_acc_id, 1, 5),              acc_main_sort, sub_sort, acc_sort, trans_acc_id",[146],221,"[{'trans_acc_id': '1000100010001', 'trans_acc_desc': 'Bank of the west', 'subsi_acc_id': 100010001, 'subsi_acc_desc': 'Banks', 'trans_system_id': 146}, {'trans_acc_id': '1000100010002', 'trans_acc_desc': 'Bank of the Ozarks', 'subsi_acc_id': 100010001, 'subsi_acc_desc': 'Banks', 'trans_system_id': 146}, {'trans_acc_id': '1000100010003', 'trans_acc_desc': 'Bancorp South Bank', 'subsi_acc_id': 100010001, 'subsi_acc_desc': 'Banks', 'trans_system_id': 146}, {'trans_acc_id': '1000100010004', 'trans_a...",400.14
2026-09-09T00:36:20.475807,get_chart,"SELECT trans_acc_id, trans_acc_desc, subsi_acc_id, subsi_acc_desc, trans_system_id     FROM (SELECT @system_id := %s p) parm, v_trans_accounts_m2     WHERE trans_acc_display = 1     ORDER BY SUBSTRING(trans_acc_id, 1, 1),              SUBSTRING(trans_acc_id, 1, 5),              acc_main_sort, sub_sort, acc_sort, trans_acc_id",[146],221,"[{'trans_acc_id': '1000100010001', 'trans_acc_desc': 'Bank of the west', 'subsi_acc_id': 100010001, 'subsi_acc_desc': 'Banks', 'trans_system_id': 146}, {'trans_acc_id': '1000100010002', 'trans_acc_desc': 'Bank of the Ozarks', 'subsi_acc_id': 100010001, 'subsi_acc_desc': 'Banks', 'trans_system_id': 146}, {'trans_acc_id': '1000100010003', 'trans_acc_desc': 'Bancorp South Bank', 'subsi_acc_id': 100010001, 'subsi_acc_desc': 'Banks', 'trans_system_id': 146}, {'trans_acc_id': '1000100010004', 'trans_a...",433.14
2026-09-09T00:36:27.383352,list_parties,"SELECT p_code, p_type, company_name, person_name, Email, Phone,        p_account, status FROM acc_party WHERE system_id = %s AND status = 1 ORDER BY p_type, company_name LIMIT %s","[146, 500]",124,"[{'p_code': 2010300629, 'p_type': 'C', 'company_name': '3S', 'person_name': 'Ali', 'Email': None, 'Phone': None, 'p_account': None, 'status': 1}, {'p_code': 2010300639, 'p_type': 'C', 'company_name': '3s(ali)', 'person_name': '3s(ali)', 'Email': None, 'Phone': None, 'p_account': None, 'status': 1}, {'p_code': 2010300647, 'p_type': 'C', 'company_name': 'ABC Trading LLC', 'person_name': 'ABC Trading LLC', 'Email': 'billing@abctrading.com', 'Phone': '555-123-4567', 'p_account': None, 'status': 1}, ...",827.91
2026-09-09T00:36:30.180797,list_parties,"SELECT p_code, p_type, company_name, person_name, Email, Phone,        p_account, status FROM acc_party WHERE system_id = %s AND status = 1 ORDER BY p_type, company_name LIMIT %s","[146, 500]",124,"[{'p_code': 2010300629, 'p_type': 'C', 'company_name': '3S', 'person_name': 'Ali', 'Email': None, 'Phone': None, 'p_account': None, 'status': 1}, {'p_code': 2010300639, 'p_type': 'C', 'company_name': '3s(ali)', 'person_name': '3s(ali)', 'Email': None, 'Phone': None, 'p_account': None, 'status': 1}, {'p_code': 2010300647, 'p_type': 'C', 'company_name': 'ABC Trading LLC', 'person_name': 'ABC Trading LLC', 'Email': 'billing@abctrading.com', 'Phone': '555-123-4567', 'p_account': None, 'status': 1}, ...",799.14
2026-09-09T00:40:30.278366,get_chart,"SELECT trans_acc_id, trans_acc_desc, subsi_acc_id, subsi_acc_desc, trans_system_id     FROM (SELECT @system_id := %s p) parm, v_trans_accounts_m2     WHERE trans_acc_display = 1     ORDER BY SUBSTRING(trans_acc_id, 1, 1),              SUBSTRING(trans_acc_id, 1, 5),              acc_main_sort, sub_sort, acc_sort, trans_acc_id",[146],221,"[{'trans_acc_id': '1000100010001', 'trans_acc_desc': 'Bank of the west', 'subsi_acc_id': 100010001, 'subsi_acc_desc': 'Banks', 'trans_system_id': 146}, {'trans_acc_id': '1000100010002', 'trans_acc_desc': 'Bank of the Ozarks', 'subsi_acc_id': 100010001, 'subsi_acc_desc': 'Banks', 'trans_system_id': 146}, {'trans_acc_id': '1000100010003', 'trans_acc_desc': 'Bancorp South Bank', 'subsi_acc_id': 100010001, 'subsi_acc_desc': 'Banks', 'trans_system_id': 146}, {'trans_acc_id': '1000100010004', 'trans_a...",459.12
2026-09-09T00:40:33.679878,get_chart,"SELECT trans_acc_id, trans_acc_desc, subsi_acc_id, subsi_acc_desc, trans_system_id     FROM (SELECT @system_id := %s p) parm, v_trans_accounts_m2     WHERE trans_acc_display = 1     ORDER BY SUBSTRING(trans_acc_id, 1, 1),              SUBSTRING(trans_acc_id, 1, 5),              acc_main_sort, sub_sort, acc_sort, trans_acc_id",[146],221,"[{'trans_acc_id': '1000100010001', 'trans_acc_desc': 'Bank of the west', 'subsi_acc_id': 100010001, 'subsi_acc_desc': 'Banks', 'trans_system_id': 146}, {'trans_acc_id': '1000100010002', 'trans_acc_desc': 'Bank of the Ozarks', 'subsi_acc_id': 100010001, 'subsi_acc_desc': 'Banks', 'trans_system_id': 146}, {'trans_acc_id': '1000100010003', 'trans_acc_desc': 'Bancorp South Bank', 'subsi_acc_id': 100010001, 'subsi_acc_desc': 'Banks', 'trans_system_id': 146}, {'trans_acc_id': '1000100010004', 'trans_a...",399.09
2026-09-09T00:40:40.538183,list_parties,"SELECT p_code, p_type, company_name, person_name, Email, Phone,        p_account, status FROM acc_party WHERE system_id = %s AND status = 1 ORDER BY p_type, company_name LIMIT %s","[146, 500]",124,"[{'p_code': 2010300629, 'p_type': 'C', 'company_name': '3S', 'person_name': 'Ali', 'Email': None, 'Phone': None, 'p_account': None, 'status': 1}, {'p_code': 2010300639, 'p_type': 'C', 'company_name': '3s(ali)', 'person_name': '3s(ali)', 'Email': None, 'Phone': None, 'p_account': None, 'status': 1}, {'p_code': 2010300647, 'p_type': 'C', 'company_name': 'ABC Trading LLC', 'person_name': 'ABC Trading LLC', 'Email': 'billing@abctrading.com', 'Phone': '555-123-4567', 'p_account': None, 'status': 1}, ...",853.12
2026-09-09T00:40:43.227237,list_parties,"SELECT p_code, p_type, company_name, person_name, Email, Phone,        p_account, status FROM acc_party WHERE system_id = %s AND status = 1 ORDER BY p_type, company_name LIMIT %s","[146, 500]",124,"[{'p_code': 2010300629, 'p_type': 'C', 'company_name': '3S', 'person_name': 'Ali', 'Email': None, 'Phone': None, 'p_account': None, 'status': 1}, {'p_code': 2010300639, 'p_type': 'C', 'company_name': '3s(ali)', 'person_name': '3s(ali)', 'Email': None, 'Phone': None, 'p_account': None, 'status': 1}, {'p_code': 2010300647, 'p_type': 'C', 'company_name': 'ABC Trading LLC', 'person_name': 'ABC Trading LLC', 'Email': 'billing@abctrading.com', 'Phone': '555-123-4567', 'p_account': None, 'status': 1}, ...",759.96
2026-09-09T00:41:49.334935,get_records,"SELECT at_id, at_doc_type, at_desc, at_remarks, at_m_amount, at_date FROM acc_trans_m WHERE at_doc_type IN (%s,%s) AND system_id = %s AND at_status >= 1 ORDER BY at_id DESC LIMIT %s","['01', '02', 146, 10]",10,"[{'at_id': 261203000168, 'at_doc_type': '01', 'at_desc': 'Receipt Voucher', 'at_remarks': 'Healthcare services', 'at_m_amount': Decimal('450.00'), 'at_date': datetime.datetime(2026, 9, 8, 0, 0)}, {'at_id': 261203000167, 'at_doc_type': '01', 'at_desc': 'Receipt Voucher', 'at_remarks': 'Healthcare Services', 'at_m_amount': Decimal('8750.00'), 'at_date': datetime.datetime(2026, 6, 7, 0, 0)}, {'at_id': 261203000166, 'at_doc_type': '01', 'at_desc': 'Receipt Voucher', 'at_remarks': 'Repair and Mainten...",781.41
2026-09-09T00:54:55.535190,get_chart,"SELECT trans_acc_id, trans_acc_desc, subsi_acc_id, subsi_acc_desc, trans_system_id     FROM (SELECT @system_id := %s p) parm, v_trans_accounts_m2     WHERE trans_acc_display = 1     ORDER BY SUBSTRING(trans_acc_id, 1, 1),              SUBSTRING(trans_acc_id, 1, 5),              acc_main_sort, sub_sort, acc_sort, trans_acc_id",[146],221,"[{'trans_acc_id': '1000100010001', 'trans_acc_desc': 'Bank of the west', 'subsi_acc_id': 100010001, 'subsi_acc_desc': 'Banks', 'trans_system_id': 146}, {'trans_acc_id': '1000100010002', 'trans_acc_desc': 'Bank of the Ozarks', 'subsi_acc_id': 100010001, 'subsi_acc_desc': 'Banks', 'trans_system_id': 146}, {'trans_acc_id': '1000100010003', 'trans_acc_desc': 'Bancorp South Bank', 'subsi_acc_id': 100010001, 'subsi_acc_desc': 'Banks', 'trans_system_id': 146}, {'trans_acc_id': '1000100010004', 'trans_a...",409.82
2026-09-09T00:54:59.012945,get_chart,"SELECT trans_acc_id, trans_acc_desc, subsi_acc_id, subsi_acc_desc, trans_system_id     FROM (SELECT @system_id := %s p) parm, v_trans_accounts_m2     WHERE trans_acc_display = 1     ORDER BY SUBSTRING(trans_acc_id, 1, 1),              SUBSTRING(trans_acc_id, 1, 5),              acc_main_sort, sub_sort, acc_sort, trans_acc_id",[146],221,"[{'trans_acc_id': '1000100010001', 'trans_acc_desc': 'Bank of the west', 'subsi_acc_id': 100010001, 'subsi_acc_desc': 'Banks', 'trans_system_id': 146}, {'trans_acc_id': '1000100010002', 'trans_acc_desc': 'Bank of the Ozarks', 'subsi_acc_id': 100010001, 'subsi_acc_desc': 'Banks', 'trans_system_id': 146}, {'trans_acc_id': '1000100010003', 'trans_acc_desc': 'Bancorp South Bank', 'subsi_acc_id': 100010001, 'subsi_acc_desc': 'Banks', 'trans_system_id': 146}, {'trans_acc_id': '1000100010004', 'trans_a...",397.34
2026-09-09T00:55:05.844047,list_parties,"SELECT p_code, p_type, company_name, person_name, Email, Phone,        p_account, status FROM acc_party WHERE system_id = %s AND status = 1 ORDER BY p_type, company_name LIMIT %s","[146, 500]",124,"[{'p_code': 2010300629, 'p_type': 'C', 'company_name': '3S', 'person_name': 'Ali', 'Email': None, 'Phone': None, 'p_account': None, 'status': 1}, {'p_code': 2010300639, 'p_type': 'C', 'company_name': '3s(ali)', 'person_name': '3s(ali)', 'Email': None, 'Phone': None, 'p_account': None, 'status': 1}, {'p_code': 2010300647, 'p_type': 'C', 'company_name': 'ABC Trading LLC', 'person_name': 'ABC Trading LLC', 'Email': 'billing@abctrading.com', 'Phone': '555-123-4567', 'p_account': None, 'status': 1}, ...",791.92
2026-09-09T00:55:08.592141,list_parties,"SELECT p_code, p_type, company_name, person_name, Email, Phone,        p_account, status FROM acc_party WHERE system_id = %s AND status = 1 ORDER BY p_type, company_name LIMIT %s","[146, 500]",124,"[{'p_code': 2010300629, 'p_type': 'C', 'company_name': '3S', 'person_name': 'Ali', 'Email': None, 'Phone': None, 'p_account': None, 'status': 1}, {'p_code': 2010300639, 'p_type': 'C', 'company_name': '3s(ali)', 'person_name': '3s(ali)', 'Email': None, 'Phone': None, 'p_account': None, 'status': 1}, {'p_code': 2010300647, 'p_type': 'C', 'company_name': 'ABC Trading LLC', 'person_name': 'ABC Trading LLC', 'Email': 'billing@abctrading.com', 'Phone': '555-123-4567', 'p_account': None, 'status': 1}, ...",791.11
2026-09-09T01:00:04.159928,get_chart,"SELECT trans_acc_id, trans_acc_desc, subsi_acc_id, subsi_acc_desc, trans_system_id     FROM (SELECT @system_id := %s p) parm, v_trans_accounts_m2     WHERE trans_acc_display = 1     ORDER BY SUBSTRING(trans_acc_id, 1, 1),              SUBSTRING(trans_acc_id, 1, 5),              acc_main_sort, sub_sort, acc_sort, trans_acc_id",[146],221,"[{'trans_acc_id': '1000100010001', 'trans_acc_desc': 'Bank of the west', 'subsi_acc_id': 100010001, 'subsi_acc_desc': 'Banks', 'trans_system_id': 146}, {'trans_acc_id': '1000100010002', 'trans_acc_desc': 'Bank of the Ozarks', 'subsi_acc_id': 100010001, 'subsi_acc_desc': 'Banks', 'trans_system_id': 146}, {'trans_acc_id': '1000100010003', 'trans_acc_desc': 'Bancorp South Bank', 'subsi_acc_id': 100010001, 'subsi_acc_desc': 'Banks', 'trans_system_id': 146}, {'trans_acc_id': '1000100010004', 'trans_a...",396.33
2026-09-09T01:00:07.727062,get_chart,"SELECT trans_acc_id, trans_acc_desc, subsi_acc_id, subsi_acc_desc, trans_system_id     FROM (SELECT @system_id := %s p) parm, v_trans_accounts_m2     WHERE trans_acc_display = 1     ORDER BY SUBSTRING(trans_acc_id, 1, 1),              SUBSTRING(trans_acc_id, 1, 5),              acc_main_sort, sub_sort, acc_sort, trans_acc_id",[146],221,"[{'trans_acc_id': '1000100010001', 'trans_acc_desc': 'Bank of the west', 'subsi_acc_id': 100010001, 'subsi_acc_desc': 'Banks', 'trans_system_id': 146}, {'trans_acc_id': '1000100010002', 'trans_acc_desc': 'Bank of the Ozarks', 'subsi_acc_id': 100010001, 'subsi_acc_desc': 'Banks', 'trans_system_id': 146}, {'trans_acc_id': '1000100010003', 'trans_acc_desc': 'Bancorp South Bank', 'subsi_acc_id': 100010001, 'subsi_acc_desc': 'Banks', 'trans_system_id': 146}, {'trans_acc_id': '1000100010004', 'trans_a...",416.28
2026-09-09T01:00:14.579060,list_parties,"SELECT p_code, p_type, company_name, person_name, Email, Phone,        p_account, status FROM acc_party WHERE system_id = %s AND status = 1 ORDER BY p_type, company_name LIMIT %s","[146, 500]",124,"[{'p_code': 2010300629, 'p_type': 'C', 'company_name': '3S', 'person_name': 'Ali', 'Email': None, 'Phone': None, 'p_account': None, 'status': 1}, {'p_code': 2010300639, 'p_type': 'C', 'company_name': '3s(ali)', 'person_name': '3s(ali)', 'Email': None, 'Phone': None, 'p_account': None, 'status': 1}, {'p_code': 2010300647, 'p_type': 'C', 'company_name': 'ABC Trading LLC', 'person_name': 'ABC Trading LLC', 'Email': 'billing@abctrading.com', 'Phone': '555-123-4567', 'p_account': None, 'status': 1}, ...",751.74
2026-09-09T01:00:17.356679,list_parties,"SELECT p_code, p_type, company_name, person_name, Email, Phone,        p_account, status FROM acc_party WHERE system_id = %s AND status = 1 ORDER BY p_type, company_name LIMIT %s","[146, 500]",124,"[{'p_code': 2010300629, 'p_type': 'C', 'company_name': '3S', 'person_name': 'Ali', 'Email': None, 'Phone': None, 'p_account': None, 'status': 1}, {'p_code': 2010300639, 'p_type': 'C', 'company_name': '3s(ali)', 'person_name': '3s(ali)', 'Email': None, 'Phone': None, 'p_account': None, 'status': 1}, {'p_code': 2010300647, 'p_type': 'C', 'company_name': 'ABC Trading LLC', 'person_name': 'ABC Trading LLC', 'Email': 'billing@abctrading.com', 'Phone': '555-123-4567', 'p_account': None, 'status': 1}, ...",797.13
2026-09-09T01:16:52.202569,get_chart,"SELECT trans_acc_id, trans_acc_desc, subsi_acc_id, subsi_acc_desc, trans_system_id     FROM (SELECT @system_id := %s p) parm, v_trans_accounts_m2     WHERE trans_acc_display = 1     ORDER BY SUBSTRING(trans_acc_id, 1, 1),              SUBSTRING(trans_acc_id, 1, 5),              acc_main_sort, sub_sort, acc_sort, trans_acc_id",[146],221,"[{'trans_acc_id': '1000100010001', 'trans_acc_desc': 'Bank of the west', 'subsi_acc_id': 100010001, 'subsi_acc_desc': 'Banks', 'trans_system_id': 146}, {'trans_acc_id': '1000100010002', 'trans_acc_desc': 'Bank of the Ozarks', 'subsi_acc_id': 100010001, 'subsi_acc_desc': 'Banks', 'trans_system_id': 146}, {'trans_acc_id': '1000100010003', 'trans_acc_desc': 'Bancorp South Bank', 'subsi_acc_id': 100010001, 'subsi_acc_desc': 'Banks', 'trans_system_id': 146}, {'trans_acc_id': '1000100010004', 'trans_a...",418.92
2026-09-09T01:16:55.866632,get_chart,"SELECT trans_acc_id, trans_acc_desc, subsi_acc_id, subsi_acc_desc, trans_system_id     FROM (SELECT @system_id := %s p) parm, v_trans_accounts_m2     WHERE trans_acc_display = 1     ORDER BY SUBSTRING(trans_acc_id, 1, 1),              SUBSTRING(trans_acc_id, 1, 5),              acc_main_sort, sub_sort, acc_sort, trans_acc_id",[146],221,"[{'trans_acc_id': '1000100010001', 'trans_acc_desc': 'Bank of the west', 'subsi_acc_id': 100010001, 'subsi_acc_desc': 'Banks', 'trans_system_id': 146}, {'trans_acc_id': '1000100010002', 'trans_acc_desc': 'Bank of the Ozarks', 'subsi_acc_id': 100010001, 'subsi_acc_desc': 'Banks', 'trans_system_id': 146}, {'trans_acc_id': '1000100010003', 'trans_acc_desc': 'Bancorp South Bank', 'subsi_acc_id': 100010001, 'subsi_acc_desc': 'Banks', 'trans_system_id': 146}, {'trans_acc_id': '1000100010004', 'trans_a...",482.50
2026-09-09T01:17:02.864598,list_parties,"SELECT p_code, p_type, company_name, person_name, Email, Phone,        p_account, status FROM acc_party WHERE system_id = %s AND status = 1 ORDER BY p_type, company_name LIMIT %s","[146, 500]",124,"[{'p_code': 2010300629, 'p_type': 'C', 'company_name': '3S', 'person_name': 'Ali', 'Email': None, 'Phone': None, 'p_account': None, 'status': 1}, {'p_code': 2010300639, 'p_type': 'C', 'company_name': '3s(ali)', 'person_name': '3s(ali)', 'Email': None, 'Phone': None, 'p_account': None, 'status': 1}, {'p_code': 2010300647, 'p_type': 'C', 'company_name': 'ABC Trading LLC', 'person_name': 'ABC Trading LLC', 'Email': 'billing@abctrading.com', 'Phone': '555-123-4567', 'p_account': None, 'status': 1}, ...",952.69
2026-09-09T01:17:05.536810,list_parties,"SELECT p_code, p_type, company_name, person_name, Email, Phone,        p_account, status FROM acc_party WHERE system_id = %s AND status = 1 ORDER BY p_type, company_name LIMIT %s","[146, 500]",124,"[{'p_code': 2010300629, 'p_type': 'C', 'company_name': '3S', 'person_name': 'Ali', 'Email': None, 'Phone': None, 'p_account': None, 'status': 1}, {'p_code': 2010300639, 'p_type': 'C', 'company_name': '3s(ali)', 'person_name': '3s(ali)', 'Email': None, 'Phone': None, 'p_account': None, 'status': 1}, {'p_code': 2010300647, 'p_type': 'C', 'company_name': 'ABC Trading LLC', 'person_name': 'ABC Trading LLC', 'Email': 'billing@abctrading.com', 'Phone': '555-123-4567', 'p_account': None, 'status': 1}, ...",756.29
